Charles River Medical Group LLC,Unnamed: 1,Unnamed: 2,Unnamed: 3,Unnamed: 4,Unnamed: 5,Unnamed: 6,Unnamed: 7,Unnamed: 8,Unnamed: 9,Unnamed: 10,Unnamed: 11,Unnamed: 12,Unnamed: 13,Unnamed: 14
Subject Source Data - Single Page - MS,,,,,,,,,,,,,,
Report Created Date: 20/Sep/2026 03:13:58 PM SAST,,,,,,,,,,,,,,
Report Created By: Tinotenda Chibongore,,,,,,,,,,,,,,
Study Name: Africa Clinical Research Network (ACRN) - PROTECT - Africa,,,,,,,,,,,,,,
Powered by RealTime-CTMS,,,,,,,,,,,,,,
,,,,,,,,,,,,,,
MRN,Screening #,Randomization #,Age,Study Role,Form Title,Form Version,Page Title,Field type,Field Label,Data Input,Data Value,Audit Trails,Export Variable Type,Export Variable Name
7167,ZWE001-0214,ZWE001-0214,41,,Screening |V01,2,Informed Consent,TEMPO Informed Consent Form,,,,",  ",,
7167,ZWE001-0214,ZWE001-0214,41,,Screening |V01,2,Informed Consent,yes_no,Informed Consent Obtained?,Yes,,"Matare, Natasha - 12/May/2026 01:39:51 PM CAT",Custom,IC_ICFYN
7167,ZWE001-0214,ZWE001-0214,41,,Screening |V01,2,Informed Consent,date_time,Informed Consent Date,5/12/2026 13:06:00 ,,"Matare, Natasha - 12/May/2026 01:40:11 PM CAT",Custom,IC_ICFDAT
7167,ZWE001-0214,ZWE001-0214,41,,Screening |V01,2,Informed Consent,dropdown,Protocol Version under which participant consented,1.2,,"Matare, Natasha - 12/May/2026 01:40:20 PM CAT",Custom,IC_PROTO_VER
7167,ZWE001-0214,ZWE001-0214,41,,Screening |V01,2,Informed Consent,dropdown,Informed Consent Version under which participant consented,1.2,,"Matare, Natasha - 12/May/2026 01:40:31 PM CAT",Custom,IC_ICF_VER
7167,ZWE001-0214,ZWE001-0214,41,,Screening |V01,2,Informed Consent,dropdown,Protocol Version under which participant consented,,,",  ",,
7167,ZWE001-0214,ZWE001-0214,41,,Screening |V01,2,Informed Consent,dropdown,Informed Consent Version under which participant consented,,,",  ",,
7167,ZWE001-0214,ZWE001-0214,41,,Screening |V01,2,Informed Consent,yes_no,Has consent for future use of samples been obtained?,No,,"Matare, Natasha - 12/May/2026 01:41:30 PM CAT",Custom,IC_FUT
7167,ZWE001-0214,ZWE001-0214,41,,Screening |V01,2,Informed Consent,yes_no,Has consent for genetic testing of biological samples been obtained?,Yes,,"Matare, Natasha - 12/May/2026 01:41:44 PM CAT",Custom,IC_GEN
7167,ZWE001-0214,ZWE001-0214,41,,Screening |V01,2,Informed Consent,yes_no,Has consent for Health Economics Evaluation been obtained,Yes,,"Matare, Natasha - 12/May/2026 01:42:17 PM CAT",Custom,IC_HEALTH_ECON
7167,ZWE001-0214,ZWE001-0214,41,,Screening |V01,2,Informed Consent,yes_no,Does participant have any queries on study conduct or ICF?,No,,"Matare, Natasha - 12/May/2026 01:44:02 PM CAT",Custom,IC_QUERYYN
7167,ZWE001-0214,ZWE001-0214,41,,Screening |V01,2,Informed Consent,text_multi_line,"If yes, please list them down along with the response provided",,,",  ",Custom,IC_QUERY_DESC
7167,ZWE001-0214,ZWE001-0214,41,,Screening |V01,2,Informed Consent,yes_no,Confirmed with participant if all queries are resolved to their satisfaction?,,,,Custom,IC_QUERY_RESOLVED
7167,ZWE001-0214,ZWE001-0214,41,,Screening |V01,2,Informed Consent,yes_no,Was an Assessment of Understanding done?,Yes,,"Matare, Natasha - 12/May/2026 01:44:09 PM CAT",Custom,IC_AOU_DONE
7167,ZWE001-0214,ZWE001-0214,41,,Screening |V01,2,Informed Consent,radio_group,Attempt,First,,"Matare, Natasha - 12/May/2026 01:44:14 PM CAT",Custom,IC_AOU_ATTEMPT
7167,ZWE001-0214,ZWE001-0214,41,,Screening |V01,2,Informed Consent,numeric,First attempt score,9,,"Matare, Natasha - 12/May/2026 01:44:27 PM CAT",Custom,IC_AOU_SCORE1
7167,ZWE001-0214,ZWE001-0214,41,,Screening |V01,2,Informed Consent,numeric,Second attempt score,,,",  ",Custom,IC_AOU_SCORE2
7167,ZWE001-0214,ZWE001-0214,41,,Screening |V01,2,Informed Consent,yes_no,Participant understands purpose of the study?,Yes,,"Matare, Natasha - 12/May/2026 01:44:27 PM CAT",Custom,IC_UNDERSTAND_PURPOSE
7167,ZWE001-0214,ZWE001-0214,41,,Screening |V01,2,Informed Consent,yes_no,Participant understands the study procedure?,Yes,,"Matare, Natasha - 12/May/2026 01:44:29 PM CAT",Custom,IC_UNDERSTAND_PROC
7167,ZWE001-0214,ZWE001-0214,41,,Screening |V01,2,Informed Consent,yes_no,Participant understands their part in the clinical trial?,Yes,,"Matare, Natasha - 12/May/2026 01:44:30 PM CAT",Custom,IC_UNDERSTAND_ROLE
7167,ZWE001-0214,ZWE001-0214,41,,Screening |V01,2,Informed Consent,yes_no,Participant understands confidentiality principles of data collected?,Yes,,"Matare, Natasha - 12/May/2026 01:44:37 PM CAT",Custom,IC_UNDERSTAND_CONF
7167,ZWE001-0214,ZWE001-0214,41,,Screening |V01,2,Informed Consent,yes_no,Participant understands that participation is voluntary?,Yes,,"Matare, Natasha - 12/May/2026 01:44:39 PM CAT",Custom,IC_UNDERSTAND_VOL
7167,ZWE001-0214,ZWE001-0214,41,,Screening |V01,2,Informed Consent,yes_no,Participant knows the risks of participating and can recall at least 3?,Yes,,"Matare, Natasha - 12/May/2026 01:44:40 PM CAT",Custom,IC_KNOW_RISKS
7167,ZWE001-0214,ZWE001-0214,41,,Screening |V01,2,Informed Consent,yes_no,Participant knows the benefits of participating and can repeat them to the RN?,Yes,,"Matare, Natasha - 12/May/2026 01:44:45 PM CAT",Custom,IC_KNOW_BENEFITS
7167,ZWE001-0214,ZWE001-0214,41,,Screening |V01,2,Informed Consent,yes_no,Was the participant given a copy of the signed ICF?,Yes,,"Matare, Natasha - 12/May/2026 01:44:43 PM CAT",Custom,IC_COPY_GIVEN
7167,ZWE001-0214,ZWE001-0214,41,,Screening |V01,2,Informed Consent,text_multi_line,Informed Consent Notes,Main informed consent started at 12:00 and the participant agreed to use Shona language. Participant agreed to join the study. No questions or concerns from the participants. AOU was done and the participant scored 9/10 on first attempt. The failed question was addressed. Main ICF was signed at 13:06. Participant refused long term storage of samples. Long term ICF was signed at 13:09 ,,"Matare, Natasha - 12/May/2026 01:54:32 PM CAT",Custom,IC_NOTES
7167,ZWE001-0214,ZWE001-0214,41,,Screening |V01,2,Informed Consent,file_manager,File Upload,ZWE001-0214 ICF (2).pdf,,"Matare, Natasha - 21/Jul/2026 11:54:18 AM CAT",Custom,IC_FILE_UPLOAD
7167,ZWE001-0214,ZWE001-0214,41,,Screening |V01,2,Informed Consent,date_time,Investigator Signature Date:,,,,,
7167,ZWE001-0214,ZWE001-0214,41,,Screening |V01,2,Informed Consent,electronic_signature,Electronic Signature Lock Date/Time,13/May/2026 08:23:42 AM CAT,,"Matare, Natasha - 13/May/2026 08:23:42 AM CAT",,
7167,ZWE001-0214,ZWE001-0214,41,,Screening |V01,2,Informed Consent,electronic_signature,Electronic Signature Lock Date/Time,,,,,
7167,ZWE001-0214,ZWE001-0214,41,,Screening |V01,2,Informed Consent,file_manager,ICF upload,,,,,
7167,ZWE001-0214,ZWE001-0214,41,,Screening |V01,2,Informed Consent,text_multi_line,Reviewer's comments (if applicable),Upload ICF,,"Bashukwa, Simbarashe - 09/Jun/2026 12:16:32 PM CAT",Custom,IC_REVIEW_COMMENTS
7167,ZWE001-0214,ZWE001-0214,41,,Screening |V01,2,Informed Consent,electronic_signature,Electronic Signature Lock Date/Time,,,,,
7167,ZWE001-0214,ZWE001-0214,41,,Screening |V01,2,Informed Consent,electronic_signature,Electronic Signature Lock Date/Time,09/Jun/2026 12:16:44 PM CAT,,"Bashukwa, Simbarashe - 09/Jun/2026 12:16:44 PM CAT",Custom,IC_ESIGN_LOCK1
7167,ZWE001-0214,ZWE001-0214,41,,Screening |V01,2,Inclusion/Exclusion,TEMPO Inclusion \/ Exclusion ,,,,",  ",,
7167,ZWE001-0214,ZWE001-0214,41,,Screening |V01,2,Inclusion/Exclusion,date_time,What was the date the eligibility criteria assessment was performed?,5/12/2026 14:55:00 ,,"Matsikira, Beancer - 12/May/2026 02:55:28 PM CAT",,
7167,ZWE001-0214,ZWE001-0214,41,,Screening |V01,2,Inclusion/Exclusion,yes_no,Gestational age between week 23+0 days and week 36+6 days established by USS at 22 weeks or sooner.,Yes,,"Matsikira, Beancer - 12/May/2026 03:37:13 PM CAT",,
7167,ZWE001-0214,ZWE001-0214,41,,Screening |V01,2,Inclusion/Exclusion,yes_no,2.Singleton pregnancy,Yes,,"Matsikira, Beancer - 12/May/2026 03:37:18 PM CAT",,
7167,ZWE001-0214,ZWE001-0214,41,,Screening |V01,2,Inclusion/Exclusion,yes_no,3. Currently NOT enrolled in any other study or receiving an investigational medicinal product,Yes,,"Matsikira, Beancer - 12/May/2026 03:38:53 PM CAT",,
7167,ZWE001-0214,ZWE001-0214,41,,Screening |V01,2,Inclusion/Exclusion,yes_no,4. Able to provide informed consent,Yes,,"Matsikira, Beancer - 12/May/2026 03:38:58 PM CAT",,
7167,ZWE001-0214,ZWE001-0214,41,,Screening |V01,2,Inclusion/Exclusion,yes_no,a. New onset of elevated BP (systolic BP ≥ 130mmHg or DBP ≥ 80),No,,"Matsikira, Beancer - 12/May/2026 03:37:37 PM CAT",,
7167,ZWE001-0214,ZWE001-0214,41,,Screening |V01,2,Inclusion/Exclusion,yes_no,b. Aggravation of pre-existing hypertension,No,,"Kuzinya, Tawanda - 09/Jul/2026 02:44:59 PM CAT",,
7167,ZWE001-0214,ZWE001-0214,41,,Screening |V01,2,Inclusion/Exclusion,yes_no,c. New onset of protein in urine,No,,"Matsikira, Beancer - 12/May/2026 03:38:08 PM CAT",,
7167,ZWE001-0214,ZWE001-0214,41,,Screening |V01,2,Inclusion/Exclusion,yes_no,d. Aggravation of preexisting proteinuria,No,,"Matsikira, Beancer - 12/May/2026 03:38:11 PM CAT",,
7167,ZWE001-0214,ZWE001-0214,41,,Screening |V01,2,Inclusion/Exclusion,yes_no,e. One or more other reasons for clinical suspicion of Preeclampsia (PE):,Yes,,"Matsikira, Beancer - 12/May/2026 03:38:26 PM CAT",,
7167,ZWE001-0214,ZWE001-0214,41,,Screening |V01,2,Inclusion/Exclusion,yes_no,i. Preeclampsia-related symptoms:,Yes,,"Matsikira, Beancer - 12/May/2026 03:38:30 PM CAT",,
7167,ZWE001-0214,ZWE001-0214,41,,Screening |V01,2,Inclusion/Exclusion,checklist,Preeclampsia symptoms,Epigastric pain,0,"Kuzinya, Tawanda - 09/Jul/2026 02:34:00 PM CAT",,
7167,ZWE001-0214,ZWE001-0214,41,,Screening |V01,2,Inclusion/Exclusion,yes_no,ii. Preeclampsia-related findings:,No,,"Matsikira, Beancer - 12/May/2026 03:38:44 PM CAT",,
7167,ZWE001-0214,ZWE001-0214,41,,Screening |V01,2,Inclusion/Exclusion,checklist,Preeclampsia-related findings,,,",  ",,
7167,ZWE001-0214,ZWE001-0214,41,,Screening |V01,2,Inclusion/Exclusion,yes_no,"1. Multiple pregnancies (e.g. twins, triplets)",No,,"Matsikira, Beancer - 12/May/2026 03:39:21 PM CAT",,
7167,ZWE001-0214,ZWE001-0214,41,,Screening |V01,2,Inclusion/Exclusion,yes_no,2. Proteinuria≥2+ (dipstick0 AND elevated BP (≥140 mmHg systolic and /or 90 mmHg  diastolic reproducible on two occassions),No,,"Matsikira, Beancer - 12/May/2026 03:39:23 PM CAT",,
7167,ZWE001-0214,ZWE001-0214,41,,Screening |V01,2,Inclusion/Exclusion,yes_no,3. Proteinuria≥2+ (dipstick) and current antihypertensive treatment,No,,"Matsikira, Beancer - 12/May/2026 03:39:24 PM CAT",,
7167,ZWE001-0214,ZWE001-0214,41,,Screening |V01,2,Inclusion/Exclusion,yes_no,4. Confirmed diagnosis of HELLP syndrome,No,,"Matsikira, Beancer - 12/May/2026 03:39:26 PM CAT",,
7167,ZWE001-0214,ZWE001-0214,41,,Screening |V01,2,Inclusion/Exclusion,yes_no,5. Participants who do not have a verified/documented ultrasound scan performed prior to 22 weeks of gestation to establish gestational age.,No,,"Matsikira, Beancer - 12/May/2026 03:39:27 PM CAT",,
7167,ZWE001-0214,ZWE001-0214,41,,Screening |V01,2,Inclusion/Exclusion,yes_no,"Does Participant meet ANY exclusion criteria? (If Yes, screen fail)",No,,"Matsikira, Beancer - 12/May/2026 03:39:32 PM CAT",,
7167,ZWE001-0214,ZWE001-0214,41,,Screening |V01,2,Inclusion/Exclusion,yes_no,"Did the Participant meet ANY inclusion criteria? (If No, screen fail)",Yes,,"Matsikira, Beancer - 12/May/2026 03:40:19 PM CAT",,
7167,ZWE001-0214,ZWE001-0214,41,,Screening |V01,2,Inclusion/Exclusion,yes_no,Is participant eligible for this study,Yes,,"Matsikira, Beancer - 12/May/2026 03:40:25 PM CAT",,
7167,ZWE001-0214,ZWE001-0214,41,,Screening |V01,2,Inclusion/Exclusion,file_manager,File Upload,,,,,
7167,ZWE001-0214,ZWE001-0214,41,,Screening |V01,2,Inclusion/Exclusion,electronic_signature,Electronic Signature Lock Date/Time,12/May/2026 03:40:34 PM CAT,,"Matsikira, Beancer - 12/May/2026 03:40:35 PM CAT",,
7167,ZWE001-0214,ZWE001-0214,41,,Screening |V01,2,Inclusion/Exclusion,electronic_signature,Electronic Signature Lock Date/Time,,,,,
7167,ZWE001-0214,ZWE001-0214,41,,Screening |V01,2,Urinalysis,EOPE Urinalysis,,,,",  ",,
7167,ZWE001-0214,ZWE001-0214,41,,Screening |V01,2,Urinalysis,yes_no,Was a urine sample collected?,Yes,,"Matsikira, Beancer - 12/May/2026 03:17:24 PM CAT",,
7167,ZWE001-0214,ZWE001-0214,41,,Screening |V01,2,Urinalysis,date_time,Date and time of sample collection,5/12/2026 14:33:00 ,,"Matsikira, Beancer - 12/May/2026 03:17:38 PM CAT",,
7167,ZWE001-0214,ZWE001-0214,41,,Screening |V01,2,Urinalysis,radio_group,Urine blood results,Negative,,"Torerwa, Fidelis  - 22/May/2026 01:10:12 PM CAT",,
7167,ZWE001-0214,ZWE001-0214,41,,Screening |V01,2,Urinalysis,radio_group,Blood results interpretation,Normal,,"Torerwa, Fidelis  - 22/May/2026 01:11:02 PM CAT",,
7167,ZWE001-0214,ZWE001-0214,41,,Screening |V01,2,Urinalysis,text_multi_line,Comment if abnormal CS/NCS,,,",  ",,
7167,ZWE001-0214,ZWE001-0214,41,,Screening |V01,2,Urinalysis,text_multi_line,Comment if Abnormal CS/NCS,,,",  ",,
7167,ZWE001-0214,ZWE001-0214,41,,Screening |V01,2,Urinalysis,radio_group,Urine ketones results,Negative,,"Torerwa, Fidelis  - 22/May/2026 01:10:19 PM CAT",,
7167,ZWE001-0214,ZWE001-0214,41,,Screening |V01,2,Urinalysis,radio_group,Ketones results interpretation,Normal,,"Torerwa, Fidelis  - 22/May/2026 01:11:07 PM CAT",,
7167,ZWE001-0214,ZWE001-0214,41,,Screening |V01,2,Urinalysis,text_multi_line,Comment if abnormal CS/NCS,,,",  ",,
7167,ZWE001-0214,ZWE001-0214,41,,Screening |V01,2,Urinalysis,text_multi_line,Comment if Abnormal CS/NCS,na,,"Kuzinya, Tawanda - 09/Jul/2026 02:10:15 PM CAT",,
7167,ZWE001-0214,ZWE001-0214,41,,Screening |V01,2,Urinalysis,radio_group,Urine leukocytes results,1+,,"Torerwa, Fidelis  - 22/May/2026 01:10:26 PM CAT",,
7167,ZWE001-0214,ZWE001-0214,41,,Screening |V01,2,Urinalysis,radio_group,Leukocytes results interpretation,Abnormal (NCS),,"Kuzinya, Tawanda - 09/Jul/2026 02:10:22 PM CAT",,
7167,ZWE001-0214,ZWE001-0214,41,,Screening |V01,2,Urinalysis,text_multi_line,Comment if abnormal CS/NCS,NCS,,"Kuzinya, Tawanda - 09/Jul/2026 02:10:29 PM CAT",,
7167,ZWE001-0214,ZWE001-0214,41,,Screening |V01,2,Urinalysis,text_multi_line,Comment if Abnormal CS/NCS,,,",  ",,
7167,ZWE001-0214,ZWE001-0214,41,,Screening |V01,2,Urinalysis,radio_group,Urine nitrites results,Negative,,"Torerwa, Fidelis  - 22/May/2026 01:10:40 PM CAT",,
7167,ZWE001-0214,ZWE001-0214,41,,Screening |V01,2,Urinalysis,radio_group,Nitrites results interpretation,Normal,,"Torerwa, Fidelis  - 22/May/2026 01:11:44 PM CAT",,
7167,ZWE001-0214,ZWE001-0214,41,,Screening |V01,2,Urinalysis,text_multi_line,Comment if abnormal CS/NCS,,,",  ",,
7167,ZWE001-0214,ZWE001-0214,41,,Screening |V01,2,Urinalysis,text_multi_line,Comment if Abnormal CS/NCS,,,",  ",,
7167,ZWE001-0214,ZWE001-0214,41,,Screening |V01,2,Urinalysis,radio_group,Urine protein results,Negative,,"Torerwa, Fidelis  - 22/May/2026 01:10:48 PM CAT",,
7167,ZWE001-0214,ZWE001-0214,41,,Screening |V01,2,Urinalysis,radio_group,Protein results interpretation,Normal,,"Torerwa, Fidelis  - 22/May/2026 01:11:42 PM CAT",,
7167,ZWE001-0214,ZWE001-0214,41,,Screening |V01,2,Urinalysis,text_multi_line,Comment if abnormal CS/NCS,,,",  ",,
7167,ZWE001-0214,ZWE001-0214,41,,Screening |V01,2,Urinalysis,text_multi_line,Comment if Abnormal CS/NCS,,,",  ",,
7167,ZWE001-0214,ZWE001-0214,41,,Screening |V01,2,Urinalysis,radio_group,Urine glucose results,Negative,,"Torerwa, Fidelis  - 22/May/2026 01:10:53 PM CAT",,
7167,ZWE001-0214,ZWE001-0214,41,,Screening |V01,2,Urinalysis,radio_group,Urine glucose results interpretation,Normal,,"Torerwa, Fidelis  - 22/May/2026 01:12:12 PM CAT",,
7167,ZWE001-0214,ZWE001-0214,41,,Screening |V01,2,Urinalysis,text_multi_line,Comment if abnormal CS/NCS,,,",  ",,
7167,ZWE001-0214,ZWE001-0214,41,,Screening |V01,2,Urinalysis,text_multi_line,Comment if Abnormal CS/NCS,,,",  ",,
7167,ZWE001-0214,ZWE001-0214,41,,Screening |V01,2,Urinalysis,yes_no,Microscopy?,,,"Torerwa, Fidelis  - 22/May/2026 01:12:16 PM CAT",,
7167,ZWE001-0214,ZWE001-0214,41,,Screening |V01,2,Urinalysis,numeric,Results,,,",  ",,
7167,ZWE001-0214,ZWE001-0214,41,,Screening |V01,2,Urinalysis,text_multi_line,Comment,,,",  ",,
7167,ZWE001-0214,ZWE001-0214,41,,Screening |V01,2,Urinalysis,yes_no,Culture?,,,"Torerwa, Fidelis  - 22/May/2026 01:12:17 PM CAT",,
7167,ZWE001-0214,ZWE001-0214,41,,Screening |V01,2,Urinalysis,numeric,Results,,,",  ",,
7167,ZWE001-0214,ZWE001-0214,41,,Screening |V01,2,Urinalysis,text_multi_line,Comment,,,",  ",,
7167,ZWE001-0214,ZWE001-0214,41,,Screening |V01,2,Urinalysis,file_manager,File upload,ZWE001-0214 V01-Urinalysis.pdf,,"Mutukwa, Norest - 01/Jul/2026 08:42:55 AM CAT",,
7167,ZWE001-0214,ZWE001-0214,41,,Screening |V01,2,Urinalysis,electronic_signature,Electronic Signature Lock Date/Time,22/May/2026 01:12:29 PM CAT,,"Torerwa, Fidelis  - 22/May/2026 01:12:29 PM CAT",,
7167,ZWE001-0214,ZWE001-0214,41,,Screening |V01,2,Urinalysis,electronic_signature,Electronic Signature Lock Date/Time,"22/May/2026 01:12:36 PM CAT, 09/Jul/2026 02:08:59 PM CAT",,"Kuzinya, Tawanda - 09/Jul/2026 02:09:00 PM CAT",,
7167,ZWE001-0214,ZWE001-0214,41,,Screening |V01,2,Lab Sample Collection Form,EOPE Lab Request Form,,,,",  ",,
7167,ZWE001-0214,ZWE001-0214,41,,Screening |V01,2,Lab Sample Collection Form,text_single_line,PTID,ZWE0010214,,"Matsikira, Beancer - 12/May/2026 03:08:52 PM CAT",,
7167,ZWE001-0214,ZWE001-0214,41,,Screening |V01,2,Lab Sample Collection Form,date_time,Date of collection,5/12/2026 15:09:00 ,,"Matsikira, Beancer - 12/May/2026 03:08:52 PM CAT",,
7167,ZWE001-0214,ZWE001-0214,41,,Screening |V01,2,Lab Sample Collection Form,yes_no,Fasting,No,,"Matsikira, Beancer - 12/May/2026 03:08:58 PM CAT",,
7167,ZWE001-0214,ZWE001-0214,41,,Screening |V01,2,Lab Sample Collection Form,date_of_birth,Date of Birth ...,9/16/1985 ,,"Matsikira, Beancer - 12/May/2026 03:09:21 PM CAT",,
7167,ZWE001-0214,ZWE001-0214,41,,Screening |V01,2,Lab Sample Collection Form,numeric,Age,40,,"Matsikira, Beancer - 12/May/2026 03:09:26 PM CAT",,
7167,ZWE001-0214,ZWE001-0214,41,,Screening |V01,2,Lab Sample Collection Form,numeric,Visit number,1,,"Matsikira, Beancer - 12/May/2026 03:09:33 PM CAT",,
7167,ZWE001-0214,ZWE001-0214,41,,Screening |V01,2,Lab Sample Collection Form,yes_no,Biomarker blood sample collected?,Yes,,"Matsikira, Beancer - 12/May/2026 03:09:33 PM CAT",,
7167,ZWE001-0214,ZWE001-0214,41,,Screening |V01,2,Lab Sample Collection Form,date_time,Time of blood sample collection,5/12/2026 14:35:00 ,,"Matsikira, Beancer - 12/May/2026 03:10:55 PM CAT",,
7167,ZWE001-0214,ZWE001-0214,41,,Screening |V01,2,Lab Sample Collection Form,numeric,Expected number of EDTA tubes,,,",  ",,
7167,ZWE001-0214,ZWE001-0214,41,,Screening |V01,2,Lab Sample Collection Form,numeric,Actual number of EDTA tubes,1,,"Matsikira, Beancer - 12/May/2026 03:11:09 PM CAT",,
7167,ZWE001-0214,ZWE001-0214,41,,Screening |V01,2,Lab Sample Collection Form,numeric,Expected number of SST tubes,,,",  ",,
7167,ZWE001-0214,ZWE001-0214,41,,Screening |V01,2,Lab Sample Collection Form,numeric,Actual number of SST tubes,2,,"Matsikira, Beancer - 12/May/2026 03:11:13 PM CAT",,
7167,ZWE001-0214,ZWE001-0214,41,,Screening |V01,2,Lab Sample Collection Form,yes_no,Biomarker urine sample collected?,Yes,,"Matsikira, Beancer - 12/May/2026 03:11:14 PM CAT",,
7167,ZWE001-0214,ZWE001-0214,41,,Screening |V01,2,Lab Sample Collection Form,date_time,Time of urine sample collection,0/0/0 14:33:00 ,,"Matsikira, Beancer - 12/May/2026 03:11:34 PM CAT",,
7167,ZWE001-0214,ZWE001-0214,41,,Screening |V01,2,Lab Sample Collection Form,numeric,Expected number of urine bottles,,,",  ",,
7167,ZWE001-0214,ZWE001-0214,41,,Screening |V01,2,Lab Sample Collection Form,numeric,Actual number of urine bottles,1,,"Matsikira, Beancer - 12/May/2026 03:11:40 PM CAT",,
7167,ZWE001-0214,ZWE001-0214,41,,Screening |V01,2,Lab Sample Collection Form,yes_no,FBC,Yes,,"Matsikira, Beancer - 12/May/2026 03:11:40 PM CAT",,
7167,ZWE001-0214,ZWE001-0214,41,,Screening |V01,2,Lab Sample Collection Form,yes_no,QC (Lab),,,,,
7167,ZWE001-0214,ZWE001-0214,41,,Screening |V01,2,Lab Sample Collection Form,yes_no,LFT,Yes,,"Matsikira, Beancer - 12/May/2026 03:11:42 PM CAT",,
7167,ZWE001-0214,ZWE001-0214,41,,Screening |V01,2,Lab Sample Collection Form,yes_no,QC (Lab),,,,,
7167,ZWE001-0214,ZWE001-0214,41,,Screening |V01,2,Lab Sample Collection Form,yes_no,LDH,Yes,,"Matsikira, Beancer - 12/May/2026 03:11:43 PM CAT",,
7167,ZWE001-0214,ZWE001-0214,41,,Screening |V01,2,Lab Sample Collection Form,yes_no,QC (Lab),,,,,
7167,ZWE001-0214,ZWE001-0214,41,,Screening |V01,2,Lab Sample Collection Form,yes_no,Creatinine,Yes,,"Matsikira, Beancer - 12/May/2026 03:11:47 PM CAT",,
7167,ZWE001-0214,ZWE001-0214,41,,Screening |V01,2,Lab Sample Collection Form,yes_no,QC (Lab),,,,,
7167,ZWE001-0214,ZWE001-0214,41,,Screening |V01,2,Lab Sample Collection Form,yes_no,Urinalysis,Yes,,"Matsikira, Beancer - 12/May/2026 03:11:45 PM CAT",,
7167,ZWE001-0214,ZWE001-0214,41,,Screening |V01,2,Lab Sample Collection Form,yes_no,QC (Lab),,,,,
7167,ZWE001-0214,ZWE001-0214,41,,Screening |V01,2,Lab Sample Collection Form,yes_no,Shuwen Circa Red,Yes,,"Matsikira, Beancer - 12/May/2026 03:11:49 PM CAT",,
7167,ZWE001-0214,ZWE001-0214,41,,Screening |V01,2,Lab Sample Collection Form,yes_no,QC (Lab),,,,,
7167,ZWE001-0214,ZWE001-0214,41,,Screening |V01,2,Lab Sample Collection Form,yes_no,Tigsun PIGf/sFLT-1,Yes,,"Matsikira, Beancer - 12/May/2026 03:11:50 PM CAT",,
7167,ZWE001-0214,ZWE001-0214,41,,Screening |V01,2,Lab Sample Collection Form,yes_no,QC (Lab),,,,,
7167,ZWE001-0214,ZWE001-0214,41,,Screening |V01,2,Lab Sample Collection Form,yes_no,Aucheer PIGf/sFLT-1,Yes,,"Matsikira, Beancer - 12/May/2026 03:11:51 PM CAT",,
7167,ZWE001-0214,ZWE001-0214,41,,Screening |V01,2,Lab Sample Collection Form,yes_no,QC (Lab),,,,,
7167,ZWE001-0214,ZWE001-0214,41,,Screening |V01,2,Lab Sample Collection Form,yes_no,Serum,Yes,,"Matsikira, Beancer - 22/May/2026 01:17:39 PM CAT",,
7167,ZWE001-0214,ZWE001-0214,41,,Screening |V01,2,Lab Sample Collection Form,yes_no,QC (Lab),,,,CDASH,
7167,ZWE001-0214,ZWE001-0214,41,,Screening |V01,2,Lab Sample Collection Form,text_multi_line,Comments,,,",  ",,
7167,ZWE001-0214,ZWE001-0214,41,,Screening |V01,2,Lab Sample Collection Form,electronic_signature,Electronic Signature Lock Date/Time,12/Jun/2026 10:55:40 AM CAT,,"Matsikira, Beancer - 12/Jun/2026 10:55:40 AM CAT",,
7167,ZWE001-0214,ZWE001-0214,41,,Screening |V01,2,Lab Sample Collection Form,numeric,Research Nurse (Actual),15,,"Matsikira, Beancer - 12/May/2026 03:14:16 PM CAT",,
7167,ZWE001-0214,ZWE001-0214,41,,Screening |V01,2,Lab Sample Collection Form,numeric,Research Nurse (Min),18,,"Matsikira, Beancer - 12/May/2026 03:14:18 PM CAT",,
7167,ZWE001-0214,ZWE001-0214,41,,Screening |V01,2,Lab Sample Collection Form,numeric,Research Nurse (Max),21,,"Matsikira, Beancer - 12/May/2026 03:14:47 PM CAT",,
7167,ZWE001-0214,ZWE001-0214,41,,Screening |V01,2,Lab Sample Collection Form,date_time,Date and time sent,5/12/2026 14:38:00 ,,"Matsikira, Beancer - 12/May/2026 03:15:02 PM CAT",,
7167,ZWE001-0214,ZWE001-0214,41,,Screening |V01,2,Lab Sample Collection Form,electronic_signature,Electronic Signature Lock Date/Time,12/May/2026 03:15:15 PM CAT,,"Matsikira, Beancer - 12/May/2026 03:15:16 PM CAT",,
7167,ZWE001-0214,ZWE001-0214,41,,Screening |V01,2,Lab Sample Collection Form,numeric,Lab (Actual),,,",  ",,
7167,ZWE001-0214,ZWE001-0214,41,,Screening |V01,2,Lab Sample Collection Form,numeric,Lab (Min),,,",  ",,
7167,ZWE001-0214,ZWE001-0214,41,,Screening |V01,2,Lab Sample Collection Form,numeric,Lab (Max),,,",  ",,
7167,ZWE001-0214,ZWE001-0214,41,,Screening |V01,2,Lab Sample Collection Form,text_single_line,Lab (Thermo ID),,,",  ",,
7167,ZWE001-0214,ZWE001-0214,41,,Screening |V01,2,Lab Sample Collection Form,text_multi_line,Lab comments,,,",  ",,
7167,ZWE001-0214,ZWE001-0214,41,,Screening |V01,2,Lab Sample Collection Form,file_manager,File Upload,,,,,
7167,ZWE001-0214,ZWE001-0214,41,,Screening |V01,2,Lab Sample Collection Form,electronic_signature,Electronic Signature Lock Date/Time,,,,,
7167,ZWE001-0214,ZWE001-0214,41,,Screening |V01,2,Lab Sample Collection Form,electronic_signature,Electronic Signature Lock Date/Time,,,,,
7167,ZWE001-0214,ZWE001-0214,41,,Screening |V01,2,Pregnancy Assessment,LOPE Pregnancy assessment,,,,",  ",,
7167,ZWE001-0214,ZWE001-0214,41,,Screening |V01,2,Pregnancy Assessment,yes_no,Was pregnancy assessment done?,Yes,,"Matsikira, Beancer - 12/May/2026 02:47:58 PM CAT",,
7167,ZWE001-0214,ZWE001-0214,41,,Screening |V01,2,Pregnancy Assessment,date_time,Last normal menstrual period date,11/14/2025 00:00:00 ,,"Matsikira, Beancer - 12/May/2026 02:48:38 PM CAT",Custom,PA_LNMPDAT
7167,ZWE001-0214,ZWE001-0214,41,,Screening |V01,2,Pregnancy Assessment,date_time,Last normal menstrual period date,,,,,
7167,ZWE001-0214,ZWE001-0214,41,,Screening |V01,2,Pregnancy Assessment,yes_no,Had an Ultrasound Scan (USS)?,Yes,,"Matsikira, Beancer - 12/May/2026 02:48:41 PM CAT",Custom,PA_ULTRASND
7167,ZWE001-0214,ZWE001-0214,41,,Screening |V01,2,Pregnancy Assessment,date_time,Date of first USS,,,,,
7167,ZWE001-0214,ZWE001-0214,41,,Screening |V01,2,Pregnancy Assessment,numeric,Gestational age on first USS (weeks),,,",  ",,
7167,ZWE001-0214,ZWE001-0214,41,,Screening |V01,2,Pregnancy Assessment,numeric,Gestational age (days),,,",  ",,
7167,ZWE001-0214,ZWE001-0214,41,,Screening |V01,2,Pregnancy Assessment,numeric,Current Gestational age (weeks) (calculated from first USS),30,,"Matsikira, Beancer - 12/May/2026 02:49:05 PM CAT",Custom,PA_GESTAGEWK_CURR
7167,ZWE001-0214,ZWE001-0214,41,,Screening |V01,2,Pregnancy Assessment,numeric,Current Gestational age (days) (calculated from first USS),3,,"Matsikira, Beancer - 12/May/2026 02:49:10 PM CAT",Custom,PA_GESTAGEDAY_CURR
7167,ZWE001-0214,ZWE001-0214,41,,Screening |V01,2,Pregnancy Assessment,yes_no,Multiple pregnancy,No,,"Matsikira, Beancer - 12/May/2026 02:49:11 PM CAT",,
7167,ZWE001-0214,ZWE001-0214,41,,Screening |V01,2,Pregnancy Assessment,numeric,"If yes, number of fetuses",,,",  ",,
7167,ZWE001-0214,ZWE001-0214,41,,Screening |V01,2,Pregnancy Assessment,text_multi_line,Comments,,,",  ",,
7167,ZWE001-0214,ZWE001-0214,41,,Screening |V01,2,Pregnancy Assessment,file_manager,File Upload,,,,,
7167,ZWE001-0214,ZWE001-0214,41,,Screening |V01,2,Pregnancy Assessment,electronic_signature,Electronic Signature Lock Date/Time,12/Jun/2026 10:54:16 AM CAT,,"Matsikira, Beancer - 12/Jun/2026 10:54:16 AM CAT",,
7167,ZWE001-0214,ZWE001-0214,41,,Screening |V01,2,Pregnancy Assessment,text_multi_line,Reviewer's comments,,,",  ",,
7167,ZWE001-0214,ZWE001-0214,41,,Screening |V01,2,Pregnancy Assessment,electronic_signature,Electronic Signature Lock Date/Time,,,,,
7167,ZWE001-0214,ZWE001-0214,41,,Screening |V01,2,Sonographic Data,EOPE Sonographic 2,,,,",  ",,
7167,ZWE001-0214,ZWE001-0214,41,,Screening |V01,2,Sonographic Data,input_list,,,,",  ",,
7167,ZWE001-0214,ZWE001-0214,41,,Screening |V01,2,Sonographic Data,yes_no,Was ultrasound scan performed?,# - Yes,,"Matsikira, Beancer - 12/May/2026 02:49:47 PM CAT",,
7167,ZWE001-0214,ZWE001-0214,41,,Screening |V01,2,Sonographic Data,date_time,Scan date,"#1 - s:19:""1/27/2026 00:00:00 "";",,"Matsikira, Beancer - 12/May/2026 02:51:32 PM CAT",Custom,PA_SONDAT
7167,ZWE001-0214,ZWE001-0214,41,,Screening |V01,2,Sonographic Data,date_time,Expected date of delivery,"#1 - s:19:""7/18/2026 00:00:00 "";",,"Matsikira, Beancer - 12/May/2026 02:50:33 PM CAT",Custom,PA_DELIVDAT
7167,ZWE001-0214,ZWE001-0214,41,,Screening |V01,2,Sonographic Data,yes_no,Ultrasound EGA,# - Yes,,"Matsikira, Beancer - 12/May/2026 02:50:36 PM CAT",Custom,PA_ULTRASNDEGA_OLD
7167,ZWE001-0214,ZWE001-0214,41,,Screening |V01,2,Sonographic Data,text_multi_line,Provide Ultrasound EGA description,"#1 - s:19:""15 weeks and 3 days"";",,"Matsikira, Beancer - 12/May/2026 02:50:56 PM CAT",Custom,PA_ULTRASNDEGADESCR_OLD
7167,ZWE001-0214,ZWE001-0214,41,,Screening |V01,2,Sonographic Data,numeric,Gestational age on scan,"#1 - s:2:""15"";",,"Matsikira, Beancer - 12/May/2026 02:51:32 PM CAT",,
7167,ZWE001-0214,ZWE001-0214,41,,Screening |V01,2,Sonographic Data,numeric,Gestational age on scan,"#1 - s:1:""3"";",,"Matsikira, Beancer - 12/May/2026 02:51:32 PM CAT",,
7167,ZWE001-0214,ZWE001-0214,41,,Screening |V01,2,Sonographic Data,yes_no,Estimated US Fetal Weight,# - Yes,,"Matsikira, Beancer - 12/May/2026 02:51:32 PM CAT",Custom,PA_ULTRASNDFETWEI
7167,ZWE001-0214,ZWE001-0214,41,,Screening |V01,2,Sonographic Data,numeric,Fetal Weight,"#1 - s:3:""120"";",,"Matsikira, Beancer - 12/May/2026 02:51:32 PM CAT",Custom,PA_ULTRASNDFETWEINUM
7167,ZWE001-0214,ZWE001-0214,41,,Screening |V01,2,Sonographic Data,yes_no,Ultrasound Presentation,# - Yes,,"Matsikira, Beancer - 22/May/2026 01:39:51 PM CAT",Custom,PA_ULTRASNDPRES
7167,ZWE001-0214,ZWE001-0214,41,,Screening |V01,2,Sonographic Data,text_multi_line,Provide Ultrasound Presentation description,"#1 - s:8:""cephalic"";",,"Matsikira, Beancer - 12/May/2026 02:51:42 PM CAT",Custom,PA_ULTRASNDPRESDESCR
7167,ZWE001-0214,ZWE001-0214,41,,Screening |V01,2,Sonographic Data,yes_no,Ultrasound fetal anomalies,# - No,,"Matsikira, Beancer - 12/May/2026 02:51:43 PM CAT",,
7167,ZWE001-0214,ZWE001-0214,41,,Screening |V01,2,Sonographic Data,text_multi_line,Provide ultrasound fetal anomalies description,,,",  ",Custom,PA_ULTRASNDANOMALDESC
7167,ZWE001-0214,ZWE001-0214,41,,Screening |V01,2,Sonographic Data,yes_no,Do you have any pregnancy complications?,# - No,,"Matsikira, Beancer - 12/May/2026 02:51:49 PM CAT",Custom,PA_PREGCOMP
7167,ZWE001-0214,ZWE001-0214,41,,Screening |V01,2,Sonographic Data,radio_group,Fetal movement,"#1 - s:6:""Normal"";",,"Matsikira, Beancer - 12/May/2026 02:51:51 PM CAT",Custom,PA_FETMOV
7167,ZWE001-0214,ZWE001-0214,41,,Screening |V01,2,Sonographic Data,radio_group,Fetal movement,,,",  ",,
7167,ZWE001-0214,ZWE001-0214,41,,Screening |V01,2,Sonographic Data,text_multi_line,Comment if Reduced/Absent,,,",  ",,
7167,ZWE001-0214,ZWE001-0214,41,,Screening |V01,2,Sonographic Data,numeric,Fetal heart rate,"#1 - s:3:""159"";",,"Matsikira, Beancer - 12/May/2026 02:52:35 PM CAT",,
7167,ZWE001-0214,ZWE001-0214,41,,Screening |V01,2,Sonographic Data,radio_group,Amniotic fluid volume,"#1 - s:6:""Normal"";",,"Matsikira, Beancer - 12/May/2026 02:52:35 PM CAT",Custom,PA_AMNIO
7167,ZWE001-0214,ZWE001-0214,41,,Screening |V01,2,Sonographic Data,radio_group,Amniotic fluid volume,,,",  ",Custom,
7167,ZWE001-0214,ZWE001-0214,41,,Screening |V01,2,Sonographic Data,text_multi_line,Comment if Low/High,,,",  ",,
7167,ZWE001-0214,ZWE001-0214,41,,Screening |V01,2,Sonographic Data,radio_group,Placenta position,"#1 - s:6:""Normal"";",,"Matsikira, Beancer - 12/May/2026 02:53:15 PM CAT",Custom,PA_PLACENTA
7167,ZWE001-0214,ZWE001-0214,41,,Screening |V01,2,Sonographic Data,radio_group,Placenta position,,,",  ",,
7167,ZWE001-0214,ZWE001-0214,41,,Screening |V01,2,Sonographic Data,text_multi_line,Comment if Low lying/Previa,,,",  ",,
7167,ZWE001-0214,ZWE001-0214,41,,Screening |V01,2,Sonographic Data,numeric,Cervical length,"#1 - s:3:""4.3"";",,"Matsikira, Beancer - 22/May/2026 01:42:49 PM CAT",Custom,PA_CERVIX
7167,ZWE001-0214,ZWE001-0214,41,,Screening |V01,2,Sonographic Data,text_multi_line,Comments: (Provide any relevant information),"#1 - s:59:""a single live intrauterine foetus in cephalic presentation."";",,"Matsikira, Beancer - 22/May/2026 01:44:53 PM CAT",,
7167,ZWE001-0214,ZWE001-0214,41,,Screening |V01,2,Sonographic Data,file_manager,Scan Upload,#1 - ZWE001-0214 SCAN.pdf,,"Bashukwa, Simbarashe - 19/May/2026 10:40:31 AM CAT",,
7167,ZWE001-0214,ZWE001-0214,41,,Screening |V01,2,Sonographic Data,electronic_signature,Electronic Signature Lock Date/Time,,,,,
7167,ZWE001-0214,ZWE001-0214,41,,Screening |V01,2,Sonographic Data,text_multi_line,Reviewer's comments,form fully completed Scan Uploaded ,,"Bashukwa, Simbarashe - 09/Jun/2026 12:22:26 PM CAT",,
7167,ZWE001-0214,ZWE001-0214,41,,Screening |V01,2,Sonographic Data,electronic_signature,Electronic Signature Lock Date/Time,09/Jun/2026 12:22:31 PM CAT,,"Bashukwa, Simbarashe - 09/Jun/2026 12:22:31 PM CAT",,
7167,ZWE001-0214,ZWE001-0214,41,,Screening |V01,2,Family History,EOPE Family history,,,,",  ",,
7167,ZWE001-0214,ZWE001-0214,41,,Screening |V01,2,Family History,radio_group,Has anyone in participant family ever had Preeclampsia/Eclampsia?,No,,"Matsikira, Beancer - 12/May/2026 02:46:16 PM CAT",,
7167,ZWE001-0214,ZWE001-0214,41,,Screening |V01,2,Family History,radio_group,Has anyone in participant family ever had hypertension?,Yes,,"Matsikira, Beancer - 12/May/2026 02:46:20 PM CAT",,
7167,ZWE001-0214,ZWE001-0214,41,,Screening |V01,2,Family History,radio_group,Has anyone in participant family ever been diagnosed with diabetes?,Yes,,"Matsikira, Beancer - 12/May/2026 02:46:31 PM CAT",,
7167,ZWE001-0214,ZWE001-0214,41,,Screening |V01,2,Family History,radio_group,Has anyone in participant family ever had renal disease?,No,,"Matsikira, Beancer - 12/May/2026 02:46:42 PM CAT",,
7167,ZWE001-0214,ZWE001-0214,41,,Screening |V01,2,Family History,radio_group,Has anyone in participant family ever had seizures/fits?,No,,"Matsikira, Beancer - 12/May/2026 02:46:46 PM CAT",,
7167,ZWE001-0214,ZWE001-0214,41,,Screening |V01,2,Family History,radio_group,Has anyone in participant family ever had cancer?,No,,"Matsikira, Beancer - 12/May/2026 02:46:50 PM CAT",,
7167,ZWE001-0214,ZWE001-0214,41,,Screening |V01,2,Family History,radio_group,Has anyone in participant family ever had heart disease?,No,,"Matsikira, Beancer - 12/May/2026 02:46:55 PM CAT",,
7167,ZWE001-0214,ZWE001-0214,41,,Screening |V01,2,Family History,file_manager,File Upload,,,,,
7167,ZWE001-0214,ZWE001-0214,41,,Screening |V01,2,Family History,electronic_signature,Electronic Signature Lock Date/Time,12/May/2026 02:47:05 PM CAT,,"Matsikira, Beancer - 12/May/2026 02:47:06 PM CAT",,
7167,ZWE001-0214,ZWE001-0214,41,,Screening |V01,2,Family History,text_multi_line,Reviewer's comments (If applicable),,,",  ",,
7167,ZWE001-0214,ZWE001-0214,41,,Screening |V01,2,Family History,electronic_signature,Electronic Signature Lock Date/Time,09/Jun/2026 12:19:29 PM CAT,,"Bashukwa, Simbarashe - 09/Jun/2026 12:19:29 PM CAT",,
7167,ZWE001-0214,ZWE001-0214,41,,Screening |V01,2,Lifestyle and Social History,EOPE Lifestyle and Social History,,,,",  ",,
7167,ZWE001-0214,ZWE001-0214,41,,Screening |V01,2,Lifestyle and Social History,yes_no,Do you use tobacco?,No,,"Matsikira, Beancer - 12/May/2026 02:47:16 PM CAT",Custom,LS_TOBAUSE
7167,ZWE001-0214,ZWE001-0214,41,,Screening |V01,2,Lifestyle and Social History,yes_no,Do you drink alcohol?,No,,"Matsikira, Beancer - 12/May/2026 02:47:17 PM CAT",Custom,LS_ALCUSE
7167,ZWE001-0214,ZWE001-0214,41,,Screening |V01,2,Lifestyle and Social History,yes_no,Do you use illicit drugs?,No,,"Matsikira, Beancer - 12/May/2026 02:47:20 PM CAT",Custom,LS_ILLDRGUSE
7167,ZWE001-0214,ZWE001-0214,41,,Screening |V01,2,Lifestyle and Social History,yes_no,Do you have any dietary restrictions or concerns?,Yes,,"Matsikira, Beancer - 12/May/2026 02:47:36 PM CAT",Custom,LS_DIETCONCERN
7167,ZWE001-0214,ZWE001-0214,41,,Screening |V01,2,Lifestyle and Social History,radio_group,Physical activity level,Sedentary,,"Matsikira, Beancer - 12/May/2026 02:47:39 PM CAT",Custom,LS_PHYACTLEVEL
7167,ZWE001-0214,ZWE001-0214,41,,Screening |V01,2,Lifestyle and Social History,file_manager,File Upload,,,,,
7167,ZWE001-0214,ZWE001-0214,41,,Screening |V01,2,Lifestyle and Social History,electronic_signature,Electronic Signature Lock Date/Time,12/May/2026 02:47:49 PM CAT,,"Matsikira, Beancer - 12/May/2026 02:47:49 PM CAT",,
7167,ZWE001-0214,ZWE001-0214,41,,Screening |V01,2,Lifestyle and Social History,electronic_signature,Electronic Signature Lock Date/Time,09/Jun/2026 12:19:01 PM CAT,,"Bashukwa, Simbarashe - 09/Jun/2026 12:19:01 PM CAT",,
7167,ZWE001-0214,ZWE001-0214,41,,Screening |V01,2,Demographics,TEMPO Demographics,,,,",  ",,
7167,ZWE001-0214,ZWE001-0214,41,,Screening |V01,2,Demographics,yes_no,Was demographic information collected?,Yes,,"Matare, Natasha - 12/May/2026 01:55:09 PM CAT",,
7167,ZWE001-0214,ZWE001-0214,41,,Screening |V01,2,Demographics,numeric,Age,40,,"Matare, Natasha - 12/May/2026 01:56:13 PM CAT",Custom,DM_AGE
7167,ZWE001-0214,ZWE001-0214,41,,Screening |V01,2,Demographics,date_of_birth,Date of Birth ...,9/16/1985 ,,"Matare, Natasha - 12/May/2026 01:56:05 PM CAT",,
7167,ZWE001-0214,ZWE001-0214,41,,Screening |V01,2,Demographics,radio_group,Race,African,,"Matare, Natasha - 12/May/2026 01:56:13 PM CAT",Custom,DM_RACE
7167,ZWE001-0214,ZWE001-0214,41,,Screening |V01,2,Demographics,text_single_line,"If other, specify",,,",  ",Custom,DM_RACEOTH
7167,ZWE001-0214,ZWE001-0214,41,,Screening |V01,2,Demographics,radio_group,Highest level of education,Secondary education,,"Matare, Natasha - 12/May/2026 01:56:33 PM CAT",Custom,DM_EDUC
7167,ZWE001-0214,ZWE001-0214,41,,Screening |V01,2,Demographics,text_single_line,"If other, specify",,,",  ",Custom,DM_MARSTATOTH
7167,ZWE001-0214,ZWE001-0214,41,,Screening |V01,2,Demographics,radio_group,Marital status,Married,,"Matare, Natasha - 12/May/2026 01:56:45 PM CAT",Custom,DM_MARSTAT
7167,ZWE001-0214,ZWE001-0214,41,,Screening |V01,2,Demographics,radio_group,Employment status,Informally employed,,"Matare, Natasha - 12/May/2026 01:57:03 PM CAT",Custom,DM_EMPLOY
7167,ZWE001-0214,ZWE001-0214,41,,Screening |V01,2,Demographics,text_single_line,"If other, specify",,,",  ",Custom,DM_EMPLOYOTH
7167,ZWE001-0214,ZWE001-0214,41,,Screening |V01,2,Demographics,radio_group,Occupation,Other,,"Matare, Natasha - 12/May/2026 01:57:39 PM CAT",Custom,DM_OCCUPATION
7167,ZWE001-0214,ZWE001-0214,41,,Screening |V01,2,Demographics,text_single_line,"If other, specify",Hairdresser,,"Matare, Natasha - 12/May/2026 01:58:46 PM CAT",Custom,DM_OCCUPATIONOTH
7167,ZWE001-0214,ZWE001-0214,41,,Screening |V01,2,Demographics,radio_group,Estimated monthly household income,US$100 - US$199,,"Matare, Natasha - 12/May/2026 01:58:46 PM CAT",,
7167,ZWE001-0214,ZWE001-0214,41,,Screening |V01,2,Demographics,radio_group,Residence type,Urban,,"Matare, Natasha - 12/May/2026 01:58:58 PM CAT",Custom,DM_RESID
7167,ZWE001-0214,ZWE001-0214,41,,Screening |V01,2,Demographics,text_single_line,"If other, specify",,,",  ",,
7167,ZWE001-0214,ZWE001-0214,41,,Screening |V01,2,Demographics,electronic_signature,Electronic Signature Lock Date/Time,,,,,
7167,ZWE001-0214,ZWE001-0214,41,,Screening |V01,2,Demographics,file_manager,File Upload,ZWE001-0214 ID.pdf,,"Bashukwa, Simbarashe - 19/May/2026 10:34:09 AM CAT",,
7167,ZWE001-0214,ZWE001-0214,41,,Screening |V01,2,Demographics,electronic_signature,Electronic Signature Lock Date/Time,13/May/2026 08:24:47 AM CAT,,"Matare, Natasha - 13/May/2026 08:24:47 AM CAT",,
7167,ZWE001-0214,ZWE001-0214,41,,Screening |V01,2,Demographics,text_multi_line,Reviewer's comments (If applicable),form fully completed ,,"Bashukwa, Simbarashe - 09/Jun/2026 12:17:42 PM CAT",,
7167,ZWE001-0214,ZWE001-0214,41,,Screening |V01,2,Demographics,electronic_signature,Electronic Signature Lock Date/Time,,,,,
7167,ZWE001-0214,ZWE001-0214,41,,Screening |V01,2,Demographics,electronic_signature,Electronic Signature Lock Date/Time,09/Jun/2026 12:17:47 PM CAT,,"Bashukwa, Simbarashe - 09/Jun/2026 12:17:48 PM CAT",,
7167,ZWE001-0214,ZWE001-0214,41,,Screening |V01,2,Medical History,Medical History Assessment ,,,,",  ",,
7167,ZWE001-0214,ZWE001-0214,41,,Screening |V01,2,Medical History,yes_no,Was the medical history assessment performed?,Yes,,"Matsikira, Beancer - 12/May/2026 02:19:52 PM CAT",Custom,MH_PERFORM
7167,ZWE001-0214,ZWE001-0214,41,,Screening |V01,2,Medical History,date_time,Date of Medical History assessment,5/12/2026 14:20:00 ,,"Matsikira, Beancer - 12/May/2026 02:19:58 PM CAT",Custom,MH_ASSESSDAT
7167,ZWE001-0214,ZWE001-0214,41,,Screening |V01,2,Medical History,yes_no,Does the participant have any medical history?,Yes,,"Matsikira, Beancer - 12/May/2026 02:20:35 PM CAT",Custom,MH_YESMH
7167,ZWE001-0214,ZWE001-0214,41,,Screening |V01,2,Medical History,text_multi_line,Comments                                  If applicable,Participant being followed up for Hypertension,,"Matsikira, Beancer - 12/May/2026 02:21:04 PM CAT",,
7167,ZWE001-0214,ZWE001-0214,41,,Screening |V01,2,Medical History,yes_no,Did the participant take any prior or concomitant medications (including supplements) in the past 30 days?,Yes,,"Matsikira, Beancer - 12/May/2026 02:21:05 PM CAT",Custom,MH_CONMED
7167,ZWE001-0214,ZWE001-0214,41,,Screening |V01,2,Medical History,text_multi_line,Comments                                  If applicable,"Methyldopa 500mg po tds
Ranophage 1g po bd
Actrapid 8IU sc tds
Protaphane 12IU sc bd
Asprin 150mg po od",,"Matsikira, Beancer - 22/May/2026 02:03:19 PM CAT",,
7167,ZWE001-0214,ZWE001-0214,41,,Screening |V01,2,Medical History,electronic_signature,Electronic Signature Lock Date/Time,,,,,
7167,ZWE001-0214,ZWE001-0214,41,,Screening |V01,2,Medical History,yes_no,Any current symptoms/conditions,,,,,
7167,ZWE001-0214,ZWE001-0214,41,,Screening |V01,2,Medical History,text_multi_line,"If Yes, provide details",,,",  ",,
7167,ZWE001-0214,ZWE001-0214,41,,Screening |V01,2,Medical History,file_manager,File Upload,,,,,
7167,ZWE001-0214,ZWE001-0214,41,,Screening |V01,2,Medical History,electronic_signature,Electronic Signature Lock Date/Time,12/May/2026 02:21:38 PM CAT,,"Matsikira, Beancer - 12/May/2026 02:21:39 PM CAT",,
7167,ZWE001-0214,ZWE001-0214,41,,Screening |V01,2,Medical History,text_multi_line,Reviewer's comments (If applicable),,,",  ",,
7167,ZWE001-0214,ZWE001-0214,41,,Screening |V01,2,Medical History,electronic_signature,Electronic Signature Lock Date/Time,,,,,
7167,ZWE001-0214,ZWE001-0214,41,,Screening |V01,2,Medical History,electronic_signature,Electronic Signature Lock Date/Time,,,,,
7167,ZWE001-0214,ZWE001-0214,41,,Screening |V01,2,Assessment of proteinuria,EOPE Assessment of proteinuria,,,,",  ",,
7167,ZWE001-0214,ZWE001-0214,41,,Screening |V01,2,Assessment of proteinuria,yes_no,Was a proteinuria test performed?,Yes,,"Torerwa, Fidelis  - 22/May/2026 01:12:52 PM CAT",,
7167,ZWE001-0214,ZWE001-0214,41,,Screening |V01,2,Assessment of proteinuria,text_multi_line,"A test must be performed. If not done, please provide a reason",,,",  ",,
7167,ZWE001-0214,ZWE001-0214,41,,Screening |V01,2,Assessment of proteinuria,yes_no,Was a urine protein dipstick test performed?,Yes,,"Torerwa, Fidelis  - 22/May/2026 01:13:32 PM CAT",,
7167,ZWE001-0214,ZWE001-0214,41,,Screening |V01,2,Assessment of proteinuria,date_time,Date and time of urine dipstick  test,,,,,
7167,ZWE001-0214,ZWE001-0214,41,,Screening |V01,2,Assessment of proteinuria,date_time,Date and time of urine dipstick  test,5/12/2026 14:33:00 ,,"Torerwa, Fidelis  - 22/May/2026 01:14:12 PM CAT",,
7167,ZWE001-0214,ZWE001-0214,41,,Screening |V01,2,Assessment of proteinuria,radio_group,Urine protein dipstick test results,Negative,,"Torerwa, Fidelis  - 22/May/2026 01:14:30 PM CAT",,
7167,ZWE001-0214,ZWE001-0214,41,,Screening |V01,2,Assessment of proteinuria,yes_no,Was a spot urine test for protein performed?,No,,"Torerwa, Fidelis  - 22/May/2026 01:13:28 PM CAT",,
7167,ZWE001-0214,ZWE001-0214,41,,Screening |V01,2,Assessment of proteinuria,date_time,Date and time of spot urine test for protein,,,,,
7167,ZWE001-0214,ZWE001-0214,41,,Screening |V01,2,Assessment of proteinuria,numeric,Result of spot urine test for protein,,,",  ",,
7167,ZWE001-0214,ZWE001-0214,41,,Screening |V01,2,Assessment of proteinuria,yes_no,Was a spot urine test for protein/creatinine ratio performed?,No,,"Torerwa, Fidelis  - 22/May/2026 01:13:17 PM CAT",,
7167,ZWE001-0214,ZWE001-0214,41,,Screening |V01,2,Assessment of proteinuria,date_time,Date and time of spot urine test for protein/creatinine ratio,,,,,
7167,ZWE001-0214,ZWE001-0214,41,,Screening |V01,2,Assessment of proteinuria,numeric,Spot urine test for protein/creatinine ratio result,,,",  ",,
7167,ZWE001-0214,ZWE001-0214,41,,Screening |V01,2,Assessment of proteinuria,text_multi_line,Comments: (Provide any relevant information),,,",  ",,
7167,ZWE001-0214,ZWE001-0214,41,,Screening |V01,2,Assessment of proteinuria,file_manager,File Upload,ZWE001-0214 V01-Urinalysis.pdf,,"Mutukwa, Norest - 01/Jul/2026 08:43:07 AM CAT",,
7167,ZWE001-0214,ZWE001-0214,41,,Screening |V01,2,Assessment of proteinuria,electronic_signature,Electronic Signature Lock Date/Time,"22/May/2026 01:18:13 PM CAT, 22/May/2026 01:18:17 PM CAT",,"Torerwa, Fidelis  - 22/May/2026 01:18:17 PM CAT",,
7167,ZWE001-0214,ZWE001-0214,41,,Screening |V01,2,Assessment of proteinuria,electronic_signature,Electronic Signature Lock Date/Time,"22/May/2026 01:18:26 PM CAT, 09/Jul/2026 02:27:12 PM CAT",,"Kuzinya, Tawanda - 09/Jul/2026 02:27:12 PM CAT",,
7167,ZWE001-0214,ZWE001-0214,41,,Screening |V01,2,Biochemistry Results,EOPE Biochemistry,,,,",  ",,
7167,ZWE001-0214,ZWE001-0214,41,,Screening |V01,2,Biochemistry Results,yes_no,Was biochemistry sample collected?,Yes,,"Matsikira, Beancer - 12/May/2026 03:16:50 PM CAT",,
7167,ZWE001-0214,ZWE001-0214,41,,Screening |V01,2,Biochemistry Results,date_time,Sample collection date and time,5/12/2026 14:35:00 ,,"Matsikira, Beancer - 12/May/2026 03:17:07 PM CAT",,
7167,ZWE001-0214,ZWE001-0214,41,,Screening |V01,2,Biochemistry Results,yes_no,Fasting,No,,"Matsikira, Beancer - 12/May/2026 03:17:10 PM CAT",,
7167,ZWE001-0214,ZWE001-0214,41,,Screening |V01,2,Biochemistry Results,numeric,Glucose Result,,,",  ",,
7167,ZWE001-0214,ZWE001-0214,41,,Screening |V01,2,Biochemistry Results,numeric,Low range,,,",  ",,
7167,ZWE001-0214,ZWE001-0214,41,,Screening |V01,2,Biochemistry Results,numeric,High range,,,",  ",,
7167,ZWE001-0214,ZWE001-0214,41,,Screening |V01,2,Biochemistry Results,radio_group,Glucose result interpretation,,,",  ",,
7167,ZWE001-0214,ZWE001-0214,41,,Screening |V01,2,Biochemistry Results,numeric,Blood urea nitrogen Result,,,",  ",,
7167,ZWE001-0214,ZWE001-0214,41,,Screening |V01,2,Biochemistry Results,text_multi_line,Comment if abnormal CS/NCS,,,",  ",,
7167,ZWE001-0214,ZWE001-0214,41,,Screening |V01,2,Biochemistry Results,numeric,Low range,,,",  ",,
7167,ZWE001-0214,ZWE001-0214,41,,Screening |V01,2,Biochemistry Results,numeric,High range,,,",  ",,
7167,ZWE001-0214,ZWE001-0214,41,,Screening |V01,2,Biochemistry Results,radio_group,Blood urea nitrogen result interpretation,,,",  ",,
7167,ZWE001-0214,ZWE001-0214,41,,Screening |V01,2,Biochemistry Results,text_multi_line,Comment if abnormal CS/NCS,,,",  ",,
7167,ZWE001-0214,ZWE001-0214,41,,Screening |V01,2,Biochemistry Results,numeric,Creatinine Result,33.7,,"Torerwa, Fidelis  - 22/May/2026 01:05:23 PM CAT",,
7167,ZWE001-0214,ZWE001-0214,41,,Screening |V01,2,Biochemistry Results,numeric,Low range,,,",  ",,
7167,ZWE001-0214,ZWE001-0214,41,,Screening |V01,2,Biochemistry Results,numeric,High range,,,",  ",,
7167,ZWE001-0214,ZWE001-0214,41,,Screening |V01,2,Biochemistry Results,radio_group,Creatinine result interpretation,Abnormal (NCS),,"Torerwa, Fidelis  - 22/May/2026 01:05:27 PM CAT",,
7167,ZWE001-0214,ZWE001-0214,41,,Screening |V01,2,Biochemistry Results,text_multi_line,Comment if abnormal CS/NCS,NCS,,"Torerwa, Fidelis  - 22/May/2026 01:09:09 PM CAT",,
7167,ZWE001-0214,ZWE001-0214,41,,Screening |V01,2,Biochemistry Results,text_multi_line,Comment if abnormal CS/NCS,,,",  ",,
7167,ZWE001-0214,ZWE001-0214,41,,Screening |V01,2,Biochemistry Results,numeric,Alanine Aminotransferase (ALT) Result,9.2,,"Torerwa, Fidelis  - 22/May/2026 01:06:49 PM CAT",,
7167,ZWE001-0214,ZWE001-0214,41,,Screening |V01,2,Biochemistry Results,numeric,Low range,,,",  ",,
7167,ZWE001-0214,ZWE001-0214,41,,Screening |V01,2,Biochemistry Results,numeric,High range,,,",  ",,
7167,ZWE001-0214,ZWE001-0214,41,,Screening |V01,2,Biochemistry Results,radio_group,Alanine Aminotransferase result interpretation,Normal,,"Torerwa, Fidelis  - 22/May/2026 01:06:51 PM CAT",,
7167,ZWE001-0214,ZWE001-0214,41,,Screening |V01,2,Biochemistry Results,text_multi_line,Comment if abnormal CS/NCS,,,",  ",,
7167,ZWE001-0214,ZWE001-0214,41,,Screening |V01,2,Biochemistry Results,text_multi_line,Comment if abnormal CS/NCS,,,",  ",,
7167,ZWE001-0214,ZWE001-0214,41,,Screening |V01,2,Biochemistry Results,numeric,Aspartate aminotransferase (AST) Result,11.4,,"Torerwa, Fidelis  - 22/May/2026 01:07:00 PM CAT",,
7167,ZWE001-0214,ZWE001-0214,41,,Screening |V01,2,Biochemistry Results,numeric,Low range,,,",  ",,
7167,ZWE001-0214,ZWE001-0214,41,,Screening |V01,2,Biochemistry Results,numeric,High range,,,",  ",,
7167,ZWE001-0214,ZWE001-0214,41,,Screening |V01,2,Biochemistry Results,radio_group,Aspartate Aminotransferase result interpretation,Normal,,"Torerwa, Fidelis  - 22/May/2026 01:07:00 PM CAT",,
7167,ZWE001-0214,ZWE001-0214,41,,Screening |V01,2,Biochemistry Results,text_multi_line,Comment if abnormal CS/NCS,,,",  ",,
7167,ZWE001-0214,ZWE001-0214,41,,Screening |V01,2,Biochemistry Results,text_multi_line,Comment if abnormal CS/NCS,,,",  ",,
7167,ZWE001-0214,ZWE001-0214,41,,Screening |V01,2,Biochemistry Results,numeric,Alkaline phosphatase (ALP) Result,90.9,,"Torerwa, Fidelis  - 22/May/2026 01:07:12 PM CAT",,
7167,ZWE001-0214,ZWE001-0214,41,,Screening |V01,2,Biochemistry Results,numeric,Low range,,,",  ",,
7167,ZWE001-0214,ZWE001-0214,41,,Screening |V01,2,Biochemistry Results,numeric,High range,,,",  ",,
7167,ZWE001-0214,ZWE001-0214,41,,Screening |V01,2,Biochemistry Results,radio_group,Alkaline phosphatase result interpretation,Normal,,"Torerwa, Fidelis  - 22/May/2026 01:07:12 PM CAT",,
7167,ZWE001-0214,ZWE001-0214,41,,Screening |V01,2,Biochemistry Results,text_multi_line,Comment if abnormal CS/NCS,,,",  ",,
7167,ZWE001-0214,ZWE001-0214,41,,Screening |V01,2,Biochemistry Results,text_multi_line,Comment if abnormal CS/NCS,,,",  ",,
7167,ZWE001-0214,ZWE001-0214,41,,Screening |V01,2,Biochemistry Results,numeric,Total Bilirubin Result,6.32,,"Torerwa, Fidelis  - 22/May/2026 01:07:23 PM CAT",,
7167,ZWE001-0214,ZWE001-0214,41,,Screening |V01,2,Biochemistry Results,numeric,Low range,,,",  ",,
7167,ZWE001-0214,ZWE001-0214,41,,Screening |V01,2,Biochemistry Results,numeric,High range,,,",  ",,
7167,ZWE001-0214,ZWE001-0214,41,,Screening |V01,2,Biochemistry Results,radio_group,Total bilirubin result interpretation,Normal,,"Torerwa, Fidelis  - 22/May/2026 01:07:24 PM CAT",,
7167,ZWE001-0214,ZWE001-0214,41,,Screening |V01,2,Biochemistry Results,text_multi_line,Comment if abnormal CS/NCS,,,",  ",,
7167,ZWE001-0214,ZWE001-0214,41,,Screening |V01,2,Biochemistry Results,text_multi_line,Comment if abnormal CS/NCS,,,",  ",,
7167,ZWE001-0214,ZWE001-0214,41,,Screening |V01,2,Biochemistry Results,numeric,Lactate dehydrogenase (LDH ) Result,139.6,,"Torerwa, Fidelis  - 22/May/2026 01:07:40 PM CAT",,
7167,ZWE001-0214,ZWE001-0214,41,,Screening |V01,2,Biochemistry Results,numeric,Low range,,,",  ",,
7167,ZWE001-0214,ZWE001-0214,41,,Screening |V01,2,Biochemistry Results,numeric,High range,,,",  ",,
7167,ZWE001-0214,ZWE001-0214,41,,Screening |V01,2,Biochemistry Results,radio_group,Lactate dehydrogenase result interpretation,Abnormal (NCS),,"Torerwa, Fidelis  - 22/May/2026 01:07:44 PM CAT",,
7167,ZWE001-0214,ZWE001-0214,41,,Screening |V01,2,Biochemistry Results,text_multi_line,Comment if abnormal CS/NCS,NCS,,"Torerwa, Fidelis  - 22/May/2026 01:08:24 PM CAT",,
7167,ZWE001-0214,ZWE001-0214,41,,Screening |V01,2,Biochemistry Results,text_multi_line,Comment if abnormal CS/NCS,,,",  ",,
7167,ZWE001-0214,ZWE001-0214,41,,Screening |V01,2,Biochemistry Results,file_manager,File upload,ZWE001-0214 V01-Biochemistry.pdf,,"Mutukwa, Norest - 01/Jul/2026 08:42:45 AM CAT",,
7167,ZWE001-0214,ZWE001-0214,41,,Screening |V01,2,Biochemistry Results,electronic_signature,Electronic Signature Lock Date/Time,22/May/2026 01:08:38 PM CAT,,"Torerwa, Fidelis  - 22/May/2026 01:08:38 PM CAT",,
7167,ZWE001-0214,ZWE001-0214,41,,Screening |V01,2,Biochemistry Results,electronic_signature,Electronic Signature Lock Date/Time,"22/May/2026 01:08:45 PM CAT, 09/Jul/2026 02:11:18 PM CAT",,"Kuzinya, Tawanda - 09/Jul/2026 02:11:19 PM CAT",,
7167,ZWE001-0214,ZWE001-0214,41,,Screening |V01,2,Hematology,EOPE Hematology,,,,",  ",,
7167,ZWE001-0214,ZWE001-0214,41,,Screening |V01,2,Hematology,yes_no,Was hematology sample collected?,Yes,,"Matsikira, Beancer - 12/May/2026 03:16:03 PM CAT",,
7167,ZWE001-0214,ZWE001-0214,41,,Screening |V01,2,Hematology,date_time,Sample collection date and time,5/12/2026 14:35:00 ,,"Matsikira, Beancer - 12/May/2026 03:16:27 PM CAT",,
7167,ZWE001-0214,ZWE001-0214,41,,Screening |V01,2,Hematology,yes_no,Fasting,No,,"Matsikira, Beancer - 12/May/2026 03:16:30 PM CAT",,
7167,ZWE001-0214,ZWE001-0214,41,,Screening |V01,2,Hematology,numeric,Hemoglobin,11.41,,"Torerwa, Fidelis  - 22/May/2026 01:01:04 PM CAT",,
7167,ZWE001-0214,ZWE001-0214,41,,Screening |V01,2,Hematology,numeric,Low range,,,",  ",,
7167,ZWE001-0214,ZWE001-0214,41,,Screening |V01,2,Hematology,numeric,High range,,,",  ",,
7167,ZWE001-0214,ZWE001-0214,41,,Screening |V01,2,Hematology,radio_group,Hemoglobin result interpretation,Abnormal (NCS),,"Kuzinya, Tawanda - 09/Jul/2026 02:11:59 PM CAT",,
7167,ZWE001-0214,ZWE001-0214,41,,Screening |V01,2,Hematology,text_multi_line,Comment if abnormal CS/NCS,NCS,,"Kuzinya, Tawanda - 09/Jul/2026 02:12:24 PM CAT",,
7167,ZWE001-0214,ZWE001-0214,41,,Screening |V01,2,Hematology,text_multi_line,Comment if abnormal CS/NCS,,,",  ",,
7167,ZWE001-0214,ZWE001-0214,41,,Screening |V01,2,Hematology,numeric,Hematocrit,33.60,,"Torerwa, Fidelis  - 22/May/2026 01:01:18 PM CAT",,
7167,ZWE001-0214,ZWE001-0214,41,,Screening |V01,2,Hematology,numeric,Low range,,,",  ",,
7167,ZWE001-0214,ZWE001-0214,41,,Screening |V01,2,Hematology,numeric,High range,,,",  ",,
7167,ZWE001-0214,ZWE001-0214,41,,Screening |V01,2,Hematology,radio_group,Hematocrit result interpretation,Abnormal (NCS),,"Kuzinya, Tawanda - 09/Jul/2026 02:12:55 PM CAT",,
7167,ZWE001-0214,ZWE001-0214,41,,Screening |V01,2,Hematology,text_multi_line,Comment if abnormal CS/NCS,NCS,,"Kuzinya, Tawanda - 09/Jul/2026 02:13:00 PM CAT",,
7167,ZWE001-0214,ZWE001-0214,41,,Screening |V01,2,Hematology,text_multi_line,Comment if abnormal CS/NCS,,,",  ",,
7167,ZWE001-0214,ZWE001-0214,41,,Screening |V01,2,Hematology,numeric,White blood cell count,6.40,,"Torerwa, Fidelis  - 22/May/2026 01:01:39 PM CAT",,
7167,ZWE001-0214,ZWE001-0214,41,,Screening |V01,2,Hematology,numeric,Low range,,,",  ",,
7167,ZWE001-0214,ZWE001-0214,41,,Screening |V01,2,Hematology,numeric,High range,,,",  ",,
7167,ZWE001-0214,ZWE001-0214,41,,Screening |V01,2,Hematology,radio_group,White blood cell count result interpretation,Normal,,"Torerwa, Fidelis  - 22/May/2026 01:01:39 PM CAT",,
7167,ZWE001-0214,ZWE001-0214,41,,Screening |V01,2,Hematology,text_multi_line,Comment if abnormal CS/NCS,,,",  ",,
7167,ZWE001-0214,ZWE001-0214,41,,Screening |V01,2,Hematology,text_multi_line,Comment if abnormal CS/NCS,,,",  ",,
7167,ZWE001-0214,ZWE001-0214,41,,Screening |V01,2,Hematology,numeric,Red blood cell count,3.62,,"Torerwa, Fidelis  - 22/May/2026 01:01:55 PM CAT",,
7167,ZWE001-0214,ZWE001-0214,41,,Screening |V01,2,Hematology,numeric,Low range,,,",  ",,
7167,ZWE001-0214,ZWE001-0214,41,,Screening |V01,2,Hematology,numeric,High range,,,",  ",,
7167,ZWE001-0214,ZWE001-0214,41,,Screening |V01,2,Hematology,radio_group,Red blood cell count result interpretation,Abnormal (CS),,"Torerwa, Fidelis  - 22/May/2026 01:01:58 PM CAT",,
7167,ZWE001-0214,ZWE001-0214,41,,Screening |V01,2,Hematology,text_multi_line,Comment if abnormal CS/NCS,CS,,"Torerwa, Fidelis  - 22/May/2026 01:02:02 PM CAT",,
7167,ZWE001-0214,ZWE001-0214,41,,Screening |V01,2,Hematology,text_multi_line,Comment if abnormal CS/NCS,,,",  ",,
7167,ZWE001-0214,ZWE001-0214,41,,Screening |V01,2,Hematology,numeric,Platelets count,251.5,,"Torerwa, Fidelis  - 22/May/2026 01:02:09 PM CAT",,
7167,ZWE001-0214,ZWE001-0214,41,,Screening |V01,2,Hematology,numeric,Low range,,,",  ",,
7167,ZWE001-0214,ZWE001-0214,41,,Screening |V01,2,Hematology,numeric,High range,,,",  ",,
7167,ZWE001-0214,ZWE001-0214,41,,Screening |V01,2,Hematology,radio_group,Platelets count result interpretation,Normal,,"Torerwa, Fidelis  - 22/May/2026 01:02:10 PM CAT",,
7167,ZWE001-0214,ZWE001-0214,41,,Screening |V01,2,Hematology,text_multi_line,Comment if abnormal CS/NCS,,,",  ",,
7167,ZWE001-0214,ZWE001-0214,41,,Screening |V01,2,Hematology,text_multi_line,Comment if abnormal CS/NCS,,,",  ",,
7167,ZWE001-0214,ZWE001-0214,41,,Screening |V01,2,Hematology,numeric,Absolute neutrophil count,4.54,,"Torerwa, Fidelis  - 22/May/2026 01:02:27 PM CAT",,
7167,ZWE001-0214,ZWE001-0214,41,,Screening |V01,2,Hematology,numeric,Low range,,,",  ",,
7167,ZWE001-0214,ZWE001-0214,41,,Screening |V01,2,Hematology,numeric,High range,,,",  ",,
7167,ZWE001-0214,ZWE001-0214,41,,Screening |V01,2,Hematology,radio_group,Absolute neutrophil count result interpretation,Normal,,"Torerwa, Fidelis  - 22/May/2026 01:02:27 PM CAT",,
7167,ZWE001-0214,ZWE001-0214,41,,Screening |V01,2,Hematology,text_multi_line,Comment if abnormal CS/NCS,,,",  ",,
7167,ZWE001-0214,ZWE001-0214,41,,Screening |V01,2,Hematology,numeric,Absolute lymphocytes count,1.39,,"Torerwa, Fidelis  - 22/May/2026 01:02:45 PM CAT",,
7167,ZWE001-0214,ZWE001-0214,41,,Screening |V01,2,Hematology,numeric,Low range,,,",  ",,
7167,ZWE001-0214,ZWE001-0214,41,,Screening |V01,2,Hematology,numeric,High range,,,",  ",,
7167,ZWE001-0214,ZWE001-0214,41,,Screening |V01,2,Hematology,radio_group,Absolute lymphocytes count result interpretation,Abnormal (NCS),,"Kuzinya, Tawanda - 09/Jul/2026 02:13:27 PM CAT",,
7167,ZWE001-0214,ZWE001-0214,41,,Screening |V01,2,Hematology,text_multi_line,Comment if abnormal CS/NCS,,,",  ",,
7167,ZWE001-0214,ZWE001-0214,41,,Screening |V01,2,Hematology,text_multi_line,Comment if abnormal CS/NCS,CS,,"Torerwa, Fidelis  - 22/May/2026 01:03:02 PM CAT",,
7167,ZWE001-0214,ZWE001-0214,41,,Screening |V01,2,Hematology,text_multi_line,Comment if abnormal CS/NCS,,,",  ",,
7167,ZWE001-0214,ZWE001-0214,41,,Screening |V01,2,Hematology,file_manager,File upload,ZWE001-0214 V01-Hematology.pdf,,"Mutukwa, Norest - 01/Jul/2026 08:42:35 AM CAT",,
7167,ZWE001-0214,ZWE001-0214,41,,Screening |V01,2,Hematology,electronic_signature,Electronic Signature Lock Date/Time,22/May/2026 01:05:02 PM CAT,,"Torerwa, Fidelis  - 22/May/2026 01:05:02 PM CAT",,
7167,ZWE001-0214,ZWE001-0214,41,,Screening |V01,2,Hematology,electronic_signature,Electronic Signature Lock Date/Time,22/May/2026 01:05:06 PM CAT,,"Torerwa, Fidelis  - 22/May/2026 01:05:07 PM CAT",,
7167,ZWE001-0214,ZWE001-0214,41,,Screening |V01,2,Hematology,text_multi_line,Reviewer's comments (If applicable),,,",  ",,
7167,ZWE001-0214,ZWE001-0214,41,,Screening |V01,2,Visit Date,EOPE Type of Visit,,,,",  ",,
7167,ZWE001-0214,ZWE001-0214,41,,Screening |V01,2,Visit Date,date_time,Date of visit:,5/12/2026 00:00:00 ,,"Matare, Natasha - 12/May/2026 01:39:10 PM CAT",Custom,VDATE_SCRN
7167,ZWE001-0214,ZWE001-0214,41,,Screening |V01,2,Visit Date,radio_group,"Type of Visit (Clinic, Hospital, home)",Clinic,,"Matare, Natasha - 12/May/2026 01:39:15 PM CAT",Custom,VT_TYPEVISIT
7167,ZWE001-0214,ZWE001-0214,41,,Screening |V01,2,Visit Date,dropdown,Recruiting site,Kuwadzana Clinic,,"Matare, Natasha - 21/May/2026 12:58:32 PM CAT",,
7167,ZWE001-0214,ZWE001-0214,41,,Screening |V01,2,Screen failure,EOPE Screen failure,,,,",  ",,
7167,ZWE001-0214,ZWE001-0214,41,,Screening |V01,2,Screen failure,yes_no,Is the participant a screen failure?,No,,"Matsikira, Beancer - 12/May/2026 03:41:00 PM CAT",,
7167,ZWE001-0214,ZWE001-0214,41,,Screening |V01,2,Screen failure,date_time,Date of screen fail,,,,,
7167,ZWE001-0214,ZWE001-0214,41,,Screening |V01,2,Screen failure,text_multi_line,Reason for screen fail,,,",  ",,
7167,ZWE001-0214,ZWE001-0214,41,,Screening |V01,2,Screen failure,yes_no,"Is participant eligible to be re-screened in study? (Note: - Participant can be re-screened only once in study, using new PTID)",,,,,
7167,ZWE001-0214,ZWE001-0214,41,,Screening |V01,2,Screen failure,file_manager,File Upload,,,,,
7167,ZWE001-0214,ZWE001-0214,41,,Screening |V01,2,Screen failure,electronic_signature,Electronic Signature Lock Date/Time,12/May/2026 03:41:07 PM CAT,,"Matsikira, Beancer - 12/May/2026 03:41:08 PM CAT",,
7167,ZWE001-0214,ZWE001-0214,41,,Screening |V01,2,Screen failure,electronic_signature,Electronic Signature Lock Date/Time,,,,,
7167,ZWE001-0214,ZWE001-0214,41,,Screening |V01,2,Progress Notes,Progress notes,,,,",  ",,
7167,ZWE001-0214,ZWE001-0214,41,,Screening |V01,2,Progress Notes,yes_no,Were there any Progress Notes captured during the visit?,Yes,,"Matsikira, Beancer - 12/May/2026 03:18:41 PM CAT",,
7167,ZWE001-0214,ZWE001-0214,41,,Screening |V01,2,Progress Notes,input_list,,,,",  ",,
7167,ZWE001-0214,ZWE001-0214,41,,Screening |V01,2,Progress Notes,date_time,Date of Note,"#1 - s:19:""5/12/2026 00:00:00 "";",,"Matsikira, Beancer - 12/May/2026 03:36:21 PM CAT",,
7167,ZWE001-0214,ZWE001-0214,41,,Screening |V01,2,Progress Notes,text_multi_line,Note:,"#1 - s:904:"" SCREENING VISIT (V1) 
Participant: 40 year old female 
Para/Gavida: P 2+1/G4
Visit Type: Screening (V1) 
 
S — SUBJECTIVE 
Reason for Screening: 
Participant presented for initial screening visit to evaluate eligibility for the study 
Current Symptoms (PErelated) 
•	Epigastric pain 
 
O — OBJECTIVE 
 Aggravation of pre-existing hypertension  
A — ASSESSMENT 
1. Suspicion of PE (Protocol Criteria) 
Suspicion is confirmed  
 
3. Exclusion Criteria 
Multiple pregnancy: No, USS confirms single fetus 
Proteinuria ≥2+ AND BP ≥140/90: No (Urinalysis 12 MAY 2026 Protein-Negative)
Proteinuria ≥2+ AND on antihypertensives: No
Confirmed HELLP syndrome: No

PLAN
Participant is eligible for the study; she will continue with enrolment procedures, undergo required baseline sample collection, and return for her next scheduled visit as per the study protocol 
 
 
 
"";",,"Matsikira, Beancer - 22/May/2026 02:04:59 PM CAT",,
7167,ZWE001-0214,ZWE001-0214,41,,Screening |V01,2,Progress Notes,electronic_signature,Electronic Signature Lock Date/Time,#1 - 12/May/2026 03:36:43 PM CAT,,"Matsikira, Beancer - 12/May/2026 03:36:43 PM CAT",,
7167,ZWE001-0214,ZWE001-0214,41,,Screening |V01,2,Progress Notes,electronic_signature,Electronic Signature Lock Date/Time,,,",  ",,
7167,ZWE001-0214,ZWE001-0214,41,,Screening |V01,2,Progress Notes,file_manager,File Upload,#1 - ZWE001-0214 SCAN.pdf,,",  ",,
7167,ZWE001-0214,ZWE001-0214,41,,Screening |V01,2,Progress Notes,camera,Camera Photo,#1 - ZWE001-0214 SCAN.pdf,,",  ",,
7167,ZWE001-0214,ZWE001-0214,41,,Screening |V01,2,IUGR and SGA,IUGR and SGA,,,,",  ",,
7167,ZWE001-0214,ZWE001-0214,41,,Screening |V01,2,IUGR and SGA,input_list,,,,",  ",,
7167,ZWE001-0214,ZWE001-0214,41,,Screening |V01,2,IUGR and SGA,yes_no,Were IUGR and SGA assessments done?,# - No,,"Matsikira, Beancer - 12/May/2026 03:07:50 PM CAT",,
7167,ZWE001-0214,ZWE001-0214,41,,Screening |V01,2,IUGR and SGA,date_time,Date of scan,,,",  ",,
7167,ZWE001-0214,ZWE001-0214,41,,Screening |V01,2,IUGR and SGA,numeric,Estimated fetal weight (EFW),,,",  ",,
7167,ZWE001-0214,ZWE001-0214,41,,Screening |V01,2,IUGR and SGA,radio_group,Oligohydramnios (amniotic fluid index),,,",  ",,
7167,ZWE001-0214,ZWE001-0214,41,,Screening |V01,2,IUGR and SGA,numeric,AFI value,,,",  ",,
7167,ZWE001-0214,ZWE001-0214,41,,Screening |V01,2,IUGR and SGA,yes_no,Oligohydramnios (amniotic fluid index) <10th percentile,,,,,
7167,ZWE001-0214,ZWE001-0214,41,,Screening |V01,2,IUGR and SGA,radio_group,Abdominal circumference,,,",  ",,
7167,ZWE001-0214,ZWE001-0214,41,,Screening |V01,2,IUGR and SGA,numeric,Abdominal Circumference (AC),,,",  ",,
7167,ZWE001-0214,ZWE001-0214,41,,Screening |V01,2,IUGR and SGA,yes_no,Abdominal circumference <5th percentile,,,,,
7167,ZWE001-0214,ZWE001-0214,41,,Screening |V01,2,IUGR and SGA,yes_no,Pathologic flow in umbilical artery,,,,,
7167,ZWE001-0214,ZWE001-0214,41,,Screening |V01,2,IUGR and SGA,yes_no,Confirmed IUGR,,,,,
7167,ZWE001-0214,ZWE001-0214,41,,Screening |V01,2,IUGR and SGA,radio_group,Abdominal circumference,,,",  ",,
7167,ZWE001-0214,ZWE001-0214,41,,Screening |V01,2,IUGR and SGA,numeric,Abdominal Circumference (AC),,,",  ",,
7167,ZWE001-0214,ZWE001-0214,41,,Screening |V01,2,IUGR and SGA,yes_no,Abdominal Circumference <5th percentile,,,,,
7167,ZWE001-0214,ZWE001-0214,41,,Screening |V01,2,IUGR and SGA,yes_no,Pathologic process,,,,,
7167,ZWE001-0214,ZWE001-0214,41,,Screening |V01,2,IUGR and SGA,yes_no,Confirmed SGA,,,,,
7167,ZWE001-0214,ZWE001-0214,41,,Screening |V01,2,IUGR and SGA,text_multi_line,Comments: (Provide any relevant information),,,",  ",,
7167,ZWE001-0214,ZWE001-0214,41,,Screening |V01,2,IUGR and SGA,file_manager,File Upload,#1 - ZWE001-0214 SCAN.pdf,,",  ",,
7167,ZWE001-0214,ZWE001-0214,41,,Screening |V01,2,IUGR and SGA,electronic_signature,Electronic Signature Lock Date/Time,#1 - 12/May/2026 03:07:57 PM CAT,,"Matsikira, Beancer - 12/May/2026 03:07:57 PM CAT",,
7167,ZWE001-0214,ZWE001-0214,41,,Screening |V01,2,IUGR and SGA,text_multi_line,Reviewer's comments (If applicable),,,",  ",,
7167,ZWE001-0214,ZWE001-0214,41,,Screening |V01,2,IUGR and SGA,electronic_signature,Electronic Signature Lock Date/Time,#1 - 12/May/2026 03:08:09 PM CAT,,"Matsikira, Beancer - 12/May/2026 03:08:10 PM CAT",,
7167,ZWE001-0214,ZWE001-0214,41,,Screening |V01,2,Vital Signs / Weight Height,TEMPO Vital signs\/Weight Height,,,,",  ",,
7167,ZWE001-0214,ZWE001-0214,41,,Screening |V01,2,Vital Signs / Weight Height,yes_no,Were vital signs performed?,Yes,,"Matsikira, Beancer - 12/May/2026 03:02:19 PM CAT",,
7167,ZWE001-0214,ZWE001-0214,41,,Screening |V01,2,Vital Signs / Weight Height,text_multi_line,"If not done, please provide a reason",,,",  ",,
7167,ZWE001-0214,ZWE001-0214,41,,Screening |V01,2,Vital Signs / Weight Height,date_time,Date and time of assessment,5/12/2026 14:00:00 ,,"Matsikira, Beancer - 12/May/2026 03:02:58 PM CAT",,
7167,ZWE001-0214,ZWE001-0214,41,,Screening |V01,2,Vital Signs / Weight Height,numeric,Systolic blood pressure,114,,"Matsikira, Beancer - 12/May/2026 03:03:09 PM CAT",Custom,VS_BP_SYS
7167,ZWE001-0214,ZWE001-0214,41,,Screening |V01,2,Vital Signs / Weight Height,text_multi_line,Comment if out of normal range,,,",  ",,
7167,ZWE001-0214,ZWE001-0214,41,,Screening |V01,2,Vital Signs / Weight Height,numeric,Diastolic blood pressure,78,,"Matsikira, Beancer - 12/May/2026 03:03:16 PM CAT",Custom,VS_BP_DIA
7167,ZWE001-0214,ZWE001-0214,41,,Screening |V01,2,Vital Signs / Weight Height,text_multi_line,Comment if out of normal range,,,",  ",,
7167,ZWE001-0214,ZWE001-0214,41,,Screening |V01,2,Vital Signs / Weight Height,yes_no,Vital signs recheck needed?,Yes,,"Matsikira, Beancer - 12/May/2026 03:03:16 PM CAT",,
7167,ZWE001-0214,ZWE001-0214,41,,Screening |V01,2,Vital Signs / Weight Height,numeric,Systolic blood pressure recheck,118,,"Matsikira, Beancer - 12/May/2026 03:03:30 PM CAT",Custom,VS_BP_SYSREC
7167,ZWE001-0214,ZWE001-0214,41,,Screening |V01,2,Vital Signs / Weight Height,text_multi_line,Comment if out of normal range,,,,,
7167,ZWE001-0214,ZWE001-0214,41,,Screening |V01,2,Vital Signs / Weight Height,numeric,Diastolic blood pressure recheck,76,,"Matsikira, Beancer - 12/May/2026 03:03:57 PM CAT",Custom,VS_BP_DIAREC
7167,ZWE001-0214,ZWE001-0214,41,,Screening |V01,2,Vital Signs / Weight Height,text_multi_line,Comment if out of normal range,,,,,
7167,ZWE001-0214,ZWE001-0214,41,,Screening |V01,2,Vital Signs / Weight Height,numeric,Body temperature,36.6,,"Matsikira, Beancer - 12/May/2026 03:04:15 PM CAT",Custom,VS_TEMP
7167,ZWE001-0214,ZWE001-0214,41,,Screening |V01,2,Vital Signs / Weight Height,text_multi_line,Comment if out of normal range,,,,,
7167,ZWE001-0214,ZWE001-0214,41,,Screening |V01,2,Vital Signs / Weight Height,radio_group,Temperature location,Temporal,,"Matsikira, Beancer - 12/May/2026 03:04:27 PM CAT",Custom,VS_TEMPLOC
7167,ZWE001-0214,ZWE001-0214,41,,Screening |V01,2,Vital Signs / Weight Height,numeric,Heart Rate,90,,"Matsikira, Beancer - 12/May/2026 03:04:36 PM CAT",Custom,VS_HR
7167,ZWE001-0214,ZWE001-0214,41,,Screening |V01,2,Vital Signs / Weight Height,numeric,Respiratory rate,15,,"Matsikira, Beancer - 12/May/2026 03:04:42 PM CAT",Custom,VS_RESP
7167,ZWE001-0214,ZWE001-0214,41,,Screening |V01,2,Vital Signs / Weight Height,numeric,Oxygen saturation,96,,"Matsikira, Beancer - 12/May/2026 03:04:50 PM CAT",Custom,VS_OXY
7167,ZWE001-0214,ZWE001-0214,41,,Screening |V01,2,Vital Signs / Weight Height,numeric,Weight,,,",  ",,
7167,ZWE001-0214,ZWE001-0214,41,,Screening |V01,2,Vital Signs / Weight Height,numeric,Height,,,",  ",,
7167,ZWE001-0214,ZWE001-0214,41,,Screening |V01,2,Vital Signs / Weight Height,numeric,BMI,,,",  ",,
7167,ZWE001-0214,ZWE001-0214,41,,Screening |V01,2,Vital Signs / Weight Height,electronic_signature,Electronic Signature Lock Date/Time,,,,,
7167,ZWE001-0214,ZWE001-0214,41,,Screening |V01,2,Vital Signs / Weight Height,electronic_signature,Electronic Signature Lock Date/Time,,,,,
7167,ZWE001-0214,ZWE001-0214,41,,Screening |V01,2,Vital Signs / Weight Height,bmi,,,,",  ",,
7167,ZWE001-0214,ZWE001-0214,41,,Screening |V01,2,Vital Signs / Weight Height,radio_group,Units,metric,,"Matsikira, Beancer - 12/May/2026 03:05:00 PM CAT",,
7167,ZWE001-0214,ZWE001-0214,41,,Screening |V01,2,Vital Signs / Weight Height,numeric,Height,159.4,,"Matsikira, Beancer - 12/May/2026 03:05:00 PM CAT",Custom,BM_HT
7167,ZWE001-0214,ZWE001-0214,41,,Screening |V01,2,Vital Signs / Weight Height,numeric,Weight,82.8,,"Matsikira, Beancer - 12/May/2026 03:05:10 PM CAT",Custom,BM_BMI
7167,ZWE001-0214,ZWE001-0214,41,,Screening |V01,2,Vital Signs / Weight Height,numeric,BMI,32.59,,"Matsikira, Beancer - 12/May/2026 03:05:10 PM CAT",Custom,BM_BMI
7167,ZWE001-0214,ZWE001-0214,41,,Screening |V01,2,Vital Signs / Weight Height,file_manager,File Upload,,,,,
7167,ZWE001-0214,ZWE001-0214,41,,Screening |V01,2,Vital Signs / Weight Height,electronic_signature,Electronic Signature Lock Date/Time,"12/May/2026 03:06:26 PM CAT, 12/May/2026 03:07:09 PM CAT",,"Matsikira, Beancer - 12/May/2026 03:07:10 PM CAT",,
7167,ZWE001-0214,ZWE001-0214,41,,Screening |V01,2,Vital Signs / Weight Height,text_multi_line,Reviewer's comments (If applicable),,,",  ",,
7167,ZWE001-0214,ZWE001-0214,41,,Screening |V01,2,Vital Signs / Weight Height,electronic_signature,Electronic Signature Lock Date/Time,12/May/2026 03:07:25 PM CAT,,"Matsikira, Beancer - 12/May/2026 03:07:26 PM CAT",,
7167,ZWE001-0214,ZWE001-0214,41,,Screening |V01,2,Physical Examination,TEMPO Physical Examination,,,,",  ",,
7167,ZWE001-0214,ZWE001-0214,41,,Screening |V01,2,Physical Examination,yes_no,Was the physical examination done?,Yes,,"Matsikira, Beancer - 12/May/2026 02:55:54 PM CAT",Custom,Physical Examination performed?
7167,ZWE001-0214,ZWE001-0214,41,,Screening |V01,2,Physical Examination,text_multi_line,"If not done, please provide a reason",,,",  ",,
7167,ZWE001-0214,ZWE001-0214,41,,Screening |V01,2,Physical Examination,date_time,Date and time of examination,5/12/2026 14:00:00 ,,"Matsikira, Beancer - 12/May/2026 02:57:12 PM CAT",,
7167,ZWE001-0214,ZWE001-0214,41,,Screening |V01,2,Physical Examination,radio_group,General Health Status,Normal,,"Matsikira, Beancer - 12/May/2026 02:57:14 PM CAT",,
7167,ZWE001-0214,ZWE001-0214,41,,Screening |V01,2,Physical Examination,text_multi_line,Abnormal findings Description,,,",  ",Custom,PE_ABNORMDESC
7167,ZWE001-0214,ZWE001-0214,41,,Screening |V01,2,Physical Examination,text_multi_line,"If not assessed, reasons",,,",  ",,
7167,ZWE001-0214,ZWE001-0214,41,,Screening |V01,2,Physical Examination,radio_group,Skin,Normal,,"Matsikira, Beancer - 12/May/2026 02:57:19 PM CAT",,
7167,ZWE001-0214,ZWE001-0214,41,,Screening |V01,2,Physical Examination,text_multi_line,Abnormal findings Description,,,",  ",Custom,v
7167,ZWE001-0214,ZWE001-0214,41,,Screening |V01,2,Physical Examination,text_multi_line,"If not assessed, reasons",,,",  ",,
7167,ZWE001-0214,ZWE001-0214,41,,Screening |V01,2,Physical Examination,radio_group,"HEAD/ENT (Ears, Nose, Throat)",Normal,,"Matsikira, Beancer - 12/May/2026 02:57:22 PM CAT",,
7167,ZWE001-0214,ZWE001-0214,41,,Screening |V01,2,Physical Examination,text_multi_line,Abnormal findings Description,,,",  ",Custom,PE_ABNORMDESC
7167,ZWE001-0214,ZWE001-0214,41,,Screening |V01,2,Physical Examination,text_multi_line,"If not assessed, reasons",,,",  ",,
7167,ZWE001-0214,ZWE001-0214,41,,Screening |V01,2,Physical Examination,radio_group,Neck,Normal,,"Matsikira, Beancer - 12/May/2026 02:57:25 PM CAT",,
7167,ZWE001-0214,ZWE001-0214,41,,Screening |V01,2,Physical Examination,text_multi_line,Abnormal findings Description,,,",  ",Custom,PE_ABNORMDESC
7167,ZWE001-0214,ZWE001-0214,41,,Screening |V01,2,Physical Examination,text_multi_line,"If not assessed, reasons",,,",  ",,
7167,ZWE001-0214,ZWE001-0214,41,,Screening |V01,2,Physical Examination,radio_group,Pulmonary,Normal,,"Matsikira, Beancer - 12/May/2026 02:57:29 PM CAT",,
7167,ZWE001-0214,ZWE001-0214,41,,Screening |V01,2,Physical Examination,text_multi_line,Abnormal findings Description,,,",  ",Custom,PE_ABNORMDESC
7167,ZWE001-0214,ZWE001-0214,41,,Screening |V01,2,Physical Examination,text_multi_line,"If not assessed, reasons",,,",  ",,
7167,ZWE001-0214,ZWE001-0214,41,,Screening |V01,2,Physical Examination,radio_group,Cardiovascular,Normal,,"Matsikira, Beancer - 12/May/2026 02:57:31 PM CAT",,
7167,ZWE001-0214,ZWE001-0214,41,,Screening |V01,2,Physical Examination,text_multi_line,Abnormal findings Description,,,",  ",Custom,PE_ABNORMDESC
7167,ZWE001-0214,ZWE001-0214,41,,Screening |V01,2,Physical Examination,text_multi_line,"If not assessed, reasons",,,",  ",,
7167,ZWE001-0214,ZWE001-0214,41,,Screening |V01,2,Physical Examination,radio_group,Genitourinary,Normal,,"Matsikira, Beancer - 12/May/2026 02:57:33 PM CAT",,
7167,ZWE001-0214,ZWE001-0214,41,,Screening |V01,2,Physical Examination,text_multi_line,Abnormal findings Description,,,",  ",Custom,PE_ABNORMDESC
7167,ZWE001-0214,ZWE001-0214,41,,Screening |V01,2,Physical Examination,text_multi_line,"If not assessed, reasons",,,",  ",,
7167,ZWE001-0214,ZWE001-0214,41,,Screening |V01,2,Physical Examination,radio_group,Musculoskeletal,Normal,,"Matsikira, Beancer - 12/May/2026 02:57:36 PM CAT",,
7167,ZWE001-0214,ZWE001-0214,41,,Screening |V01,2,Physical Examination,text_multi_line,Abnormal findings Description,,,",  ",Custom,PE_ABNORMDESC
7167,ZWE001-0214,ZWE001-0214,41,,Screening |V01,2,Physical Examination,text_multi_line,"If not assessed, reasons",,,",  ",,
7167,ZWE001-0214,ZWE001-0214,41,,Screening |V01,2,Physical Examination,radio_group,Chest,Normal,,"Matsikira, Beancer - 12/May/2026 02:57:39 PM CAT",,
7167,ZWE001-0214,ZWE001-0214,41,,Screening |V01,2,Physical Examination,text_multi_line,Abnormal findings Description,,,",  ",Custom,PE_ABNORMDESC
7167,ZWE001-0214,ZWE001-0214,41,,Screening |V01,2,Physical Examination,text_multi_line,"If not assessed, reasons",,,",  ",,
7167,ZWE001-0214,ZWE001-0214,41,,Screening |V01,2,Physical Examination,radio_group,Abdominal,Normal,,"Matsikira, Beancer - 12/May/2026 02:57:43 PM CAT",,
7167,ZWE001-0214,ZWE001-0214,41,,Screening |V01,2,Physical Examination,text_multi_line,Abnormal findings Description,,,",  ",Custom,v
7167,ZWE001-0214,ZWE001-0214,41,,Screening |V01,2,Physical Examination,text_multi_line,"If not assessed, reasons",,,",  ",,
7167,ZWE001-0214,ZWE001-0214,41,,Screening |V01,2,Physical Examination,radio_group,Limited neurological,Normal,,"Matsikira, Beancer - 12/May/2026 02:57:48 PM CAT",,
7167,ZWE001-0214,ZWE001-0214,41,,Screening |V01,2,Physical Examination,text_multi_line,Abnormal findings Description,,,",  ",Custom,PE_ABNORMDESC
7167,ZWE001-0214,ZWE001-0214,41,,Screening |V01,2,Physical Examination,text_multi_line,"If not assessed, reasons",,,",  ",,
7167,ZWE001-0214,ZWE001-0214,41,,Screening |V01,2,Physical Examination,radio_group,Extremities,Normal,,"Matsikira, Beancer - 12/May/2026 02:57:51 PM CAT",,
7167,ZWE001-0214,ZWE001-0214,41,,Screening |V01,2,Physical Examination,text_multi_line,Abnormal findings Description,,,",  ",Custom,PE_ABNORMDESC
7167,ZWE001-0214,ZWE001-0214,41,,Screening |V01,2,Physical Examination,text_multi_line,"If not assessed, reasons",,,",  ",,
7167,ZWE001-0214,ZWE001-0214,41,,Screening |V01,2,Physical Examination,radio_group,Lymph nodes,Normal,,"Matsikira, Beancer - 12/May/2026 02:57:53 PM CAT",,
7167,ZWE001-0214,ZWE001-0214,41,,Screening |V01,2,Physical Examination,text_multi_line,Abnormal findings Description,,,",  ",Custom,PE_ABNORMDESC
7167,ZWE001-0214,ZWE001-0214,41,,Screening |V01,2,Physical Examination,text_multi_line,"If not assessed, reasons",,,",  ",,
7167,ZWE001-0214,ZWE001-0214,41,,Screening |V01,2,Physical Examination,radio_group,Obstetric,Normal,,"Matsikira, Beancer - 12/May/2026 02:57:56 PM CAT",,
7167,ZWE001-0214,ZWE001-0214,41,,Screening |V01,2,Physical Examination,text_multi_line,Abnormal findings Description,,,",  ",Custom,PE_ABNORMDESC
7167,ZWE001-0214,ZWE001-0214,41,,Screening |V01,2,Physical Examination,text_multi_line,"If not assessed, reasons",,,",  ",,
7167,ZWE001-0214,ZWE001-0214,41,,Screening |V01,2,Physical Examination,file_manager,File Upload,,,,,
7167,ZWE001-0214,ZWE001-0214,41,,Screening |V01,2,Physical Examination,electronic_signature,Electronic Signature Lock Date/Time,"12/May/2026 02:58:15 PM CAT, 12/May/2026 03:01:55 PM CAT",,"Matsikira, Beancer - 12/May/2026 03:01:55 PM CAT",,
7167,ZWE001-0214,ZWE001-0214,41,,Screening |V01,2,Allergies / Surgeries,EOPE Allergies,,,,",  ",,
7167,ZWE001-0214,ZWE001-0214,41,,Screening |V01,2,Allergies / Surgeries,radio_group,Does participant have any ongoing allergies?,Yes,,"Matsikira, Beancer - 12/May/2026 02:45:10 PM CAT",Custom,AL_ALLERGY
7167,ZWE001-0214,ZWE001-0214,41,,Screening |V01,2,Allergies / Surgeries,text_multi_line,"If yes, allergy description",To cafein,,"Matsikira, Beancer - 12/May/2026 02:45:31 PM CAT",Custom,AL_ALLERGYDESC
7167,ZWE001-0214,ZWE001-0214,41,,Screening |V01,2,Allergies / Surgeries,radio_group,Did participant have any surgery?,No,,"Matsikira, Beancer - 12/May/2026 02:45:36 PM CAT",Custom,SG_SURGHX
7167,ZWE001-0214,ZWE001-0214,41,,Screening |V01,2,Allergies / Surgeries,text_multi_line,"If yes, surgery description",,,",  ",Custom,SG_SURGHXDESC
7167,ZWE001-0214,ZWE001-0214,41,,Screening |V01,2,Allergies / Surgeries,file_manager,File Upload,,,,,
7167,ZWE001-0214,ZWE001-0214,41,,Screening |V01,2,Allergies / Surgeries,electronic_signature,Electronic Signature Lock Date/Time,12/May/2026 02:45:55 PM CAT,,"Matsikira, Beancer - 12/May/2026 02:45:55 PM CAT",,
7167,ZWE001-0214,ZWE001-0214,41,,Screening |V01,2,Allergies / Surgeries,text_multi_line,Reviewer's comments (If applicable),,,",  ",,
7167,ZWE001-0214,ZWE001-0214,41,,Screening |V01,2,Allergies / Surgeries,electronic_signature,Electronic Signature Lock Date/Time,,,,,
7167,ZWE001-0214,ZWE001-0214,41,,Screening |V01,2,Obstetric history,TEMPO Obstetric history,,,,",  ",,
7167,ZWE001-0214,ZWE001-0214,41,,Screening |V01,2,Obstetric history,yes_no,Has participant had any previous pregnancies?,Yes,,"Matsikira, Beancer - 12/May/2026 02:42:46 PM CAT",Custom,OH_PREGHX
7167,ZWE001-0214,ZWE001-0214,41,,Screening |V01,2,Obstetric history,numeric,"If yes, how many previous  pregnancies?",3,,"Matsikira, Beancer - 12/May/2026 02:42:51 PM CAT",Custom,OH_PREGHXNUM
7167,ZWE001-0214,ZWE001-0214,41,,Screening |V01,2,Obstetric history,numeric,Number of live births,2,,"Matsikira, Beancer - 12/May/2026 02:42:55 PM CAT",Custom,OH_LIVBIRTH
7167,ZWE001-0214,ZWE001-0214,41,,Screening |V01,2,Obstetric history,numeric,Number of still births,0,,"Matsikira, Beancer - 12/May/2026 02:42:57 PM CAT",Custom,OH_STILLBIRTH
7167,ZWE001-0214,ZWE001-0214,41,,Screening |V01,2,Obstetric history,numeric,Number of miscarriages,1,,"Matsikira, Beancer - 12/May/2026 02:43:00 PM CAT",Custom,OH_MISCARRIAGE
7167,ZWE001-0214,ZWE001-0214,41,,Screening |V01,2,Obstetric history,numeric,Number of vaginal deliveries,0,,"Matsikira, Beancer - 12/May/2026 02:43:03 PM CAT",Custom,OH_VAGDELIV
7167,ZWE001-0214,ZWE001-0214,41,,Screening |V01,2,Obstetric history,yes_no,Did the participant have any Cesarean sections?,Yes,,"Matsikira, Beancer - 12/May/2026 02:43:04 PM CAT",Custom,OH_CSECTIONYN
7167,ZWE001-0214,ZWE001-0214,41,,Screening |V01,2,Obstetric history,numeric,Number of Cesarean sections,2,,"Matsikira, Beancer - 12/May/2026 02:43:20 PM CAT",Custom,OH_CSECTION
7167,ZWE001-0214,ZWE001-0214,41,,Screening |V01,2,Obstetric history,checklist,Reason for Cesarean section,,,",  ",,
7167,ZWE001-0214,ZWE001-0214,41,,Screening |V01,2,Obstetric history,radio_group,Reason for Cesarean section,Other,,"Matsikira, Beancer - 12/May/2026 02:43:22 PM CAT",Custom,DO_DELIVTYPEDESC
7167,ZWE001-0214,ZWE001-0214,41,,Screening |V01,2,Obstetric history,text_single_line,Other reason,"Macrosomic baby, hypertension",,"Matsikira, Beancer - 12/May/2026 02:43:57 PM CAT",Custom,OH_CSECTIONINDOTH
7167,ZWE001-0214,ZWE001-0214,41,,Screening |V01,2,Obstetric history,yes_no,Does participant have any history of raised blood pressure during  pregnancy,Yes,,"Matsikira, Beancer - 12/May/2026 02:43:57 PM CAT",Custom,OH_RAISEDBP
7167,ZWE001-0214,ZWE001-0214,41,,Screening |V01,2,Obstetric history,yes_no,Does the participant  have any history of preeclampsia in previous pregnancies?,No,,"Matsikira, Beancer - 12/May/2026 02:44:06 PM CAT",,
7167,ZWE001-0214,ZWE001-0214,41,,Screening |V01,2,Obstetric history,yes_no,Does the participant  have any history of severe preeclampsia in previous pregnancies?,No,,"Matsikira, Beancer - 12/May/2026 02:44:09 PM CAT",,
7167,ZWE001-0214,ZWE001-0214,41,,Screening |V01,2,Obstetric history,yes_no,Does the participant  have any history of eclampsia in previous pregnancies?,No,,"Matsikira, Beancer - 12/May/2026 02:44:12 PM CAT",,
7167,ZWE001-0214,ZWE001-0214,41,,Screening |V01,2,Obstetric history,yes_no,Does the participant  have any history of HELLP in previous pregnancies?,No,,"Matsikira, Beancer - 12/May/2026 02:44:13 PM CAT",,
7167,ZWE001-0214,ZWE001-0214,41,,Screening |V01,2,Obstetric history,yes_no,Does the participant  have any history of IUGR  in previous pregnancies?,No,,"Matsikira, Beancer - 12/May/2026 02:44:25 PM CAT",,
7167,ZWE001-0214,ZWE001-0214,41,,Screening |V01,2,Obstetric history,yes_no,Does the participant  have any history of preeclampsia in previous pregnancies?,,,,,
7167,ZWE001-0214,ZWE001-0214,41,,Screening |V01,2,Obstetric history,yes_no,Does the participant  have any history of severe preeclampsia in previous pregnancies?,,,,,
7167,ZWE001-0214,ZWE001-0214,41,,Screening |V01,2,Obstetric history,yes_no,Does the participant  have any history of eclampsia in previous pregnancies?,,,,,
7167,ZWE001-0214,ZWE001-0214,41,,Screening |V01,2,Obstetric history,yes_no,Does the participant  have any history of HELLP in previous pregnancies?,,,,,
7167,ZWE001-0214,ZWE001-0214,41,,Screening |V01,2,Obstetric history,yes_no,Does the participant  have any history of IUGR  in previous pregnancies?,,,,,
7167,ZWE001-0214,ZWE001-0214,41,,Screening |V01,2,Obstetric history,file_manager,File Upload,,,,,
7167,ZWE001-0214,ZWE001-0214,41,,Screening |V01,2,Obstetric history,electronic_signature,Electronic Signature Lock Date/Time,12/May/2026 02:44:38 PM CAT,,"Matsikira, Beancer - 12/May/2026 02:44:38 PM CAT",,
7167,ZWE001-0214,ZWE001-0214,41,,Screening |V01,2,Obstetric history,electronic_signature,Electronic Signature Lock Date/Time,,,,,
7167,ZWE001-0214,ZWE001-0214,41,,Screening |V01,2,Re-Screen,EOPE Re-screen,,,,",  ",,
7167,ZWE001-0214,ZWE001-0214,41,,Screening |V01,2,Re-Screen,yes_no,Has the participant been rescreened?,No,,"Matare, Natasha - 12/May/2026 01:39:40 PM CAT",Custom,SC_RESCREEN
7167,ZWE001-0214,ZWE001-0214,41,,Screening |V01,2,Re-Screen,radio_group,Reason for rescreening,,,",  ",Custom,SC_RSNRSCR
7167,ZWE001-0214,ZWE001-0214,41,,Screening |V01,2,Re-Screen,text_single_line,"If Other, specify",,,",  ",Custom,SC_DSDECOD
7167,ZWE001-0214,ZWE001-0214,41,,Screening |V01,2,Re-Screen,text_single_line,Previous Participant number,,,",  ",Custom,SC_LPART
7167,ZWE001-0214,ZWE001-0214,41,,Screening |V01,2,Lab Sample Collection Form,EOPE Lab Request Form,,,,",  ",,
7167,ZWE001-0214,ZWE001-0214,41,,Screening |V01,2,Lab Sample Collection Form,text_single_line,PTID,,,",  ",,
7167,ZWE001-0214,ZWE001-0214,41,,Screening |V01,2,Lab Sample Collection Form,date_time,Date of collection,,,,,
7167,ZWE001-0214,ZWE001-0214,41,,Screening |V01,2,Lab Sample Collection Form,date_time,Date of collection...,,,,,
7167,ZWE001-0214,ZWE001-0214,41,,Screening |V01,2,Lab Sample Collection Form,date_of_birth,Date of Birth ...,,,,,
7167,ZWE001-0214,ZWE001-0214,41,,Screening |V01,2,Lab Sample Collection Form,numeric,Visit number,,,",  ",,
7167,ZWE001-0214,ZWE001-0214,41,,Screening |V01,2,Lab Sample Collection Form,numeric,Expected number of EDTA tubes,,,",  ",,
7167,ZWE001-0214,ZWE001-0214,41,,Screening |V01,2,Lab Sample Collection Form,numeric,Actual number of EDTA tubes,,,",  ",,
7167,ZWE001-0214,ZWE001-0214,41,,Screening |V01,2,Lab Sample Collection Form,numeric,Expected number of SST tubes,,,",  ",,
7167,ZWE001-0214,ZWE001-0214,41,,Screening |V01,2,Lab Sample Collection Form,numeric,Actual number of SST tubes,,,",  ",,
7167,ZWE001-0214,ZWE001-0214,41,,Screening |V01,2,Lab Sample Collection Form,date_time,Time of blood sample collection,,,,,
7167,ZWE001-0214,ZWE001-0214,41,,Screening |V01,2,Lab Sample Collection Form,numeric,Expected number of urine bottles,,,",  ",,
7167,ZWE001-0214,ZWE001-0214,41,,Screening |V01,2,Lab Sample Collection Form,numeric,Actual number of urine jars,,,",  ",,
7167,ZWE001-0214,ZWE001-0214,41,,Screening |V01,2,Lab Sample Collection Form,date_time,Time of urine sample collecton,,,,,
7167,ZWE001-0214,ZWE001-0214,41,,Screening |V01,2,Lab Sample Collection Form,yes_no,Biomarker analysis sample collected?,,,,,
7167,ZWE001-0214,ZWE001-0214,41,,Screening |V01,2,Lab Sample Collection Form,yes_no,FBC,,,,,
7167,ZWE001-0214,ZWE001-0214,41,,Screening |V01,2,Lab Sample Collection Form,yes_no,QC (Lab),,,,,
7167,ZWE001-0214,ZWE001-0214,41,,Screening |V01,2,Lab Sample Collection Form,yes_no,LFT,,,,,
7167,ZWE001-0214,ZWE001-0214,41,,Screening |V01,2,Lab Sample Collection Form,yes_no,QC (Lab),,,,,
7167,ZWE001-0214,ZWE001-0214,41,,Screening |V01,2,Lab Sample Collection Form,yes_no,LDH,,,,,
7167,ZWE001-0214,ZWE001-0214,41,,Screening |V01,2,Lab Sample Collection Form,yes_no,QC (Lab),,,,,
7167,ZWE001-0214,ZWE001-0214,41,,Screening |V01,2,Lab Sample Collection Form,yes_no,Creatinine,,,,,
7167,ZWE001-0214,ZWE001-0214,41,,Screening |V01,2,Lab Sample Collection Form,yes_no,QC (Lab),,,,,
7167,ZWE001-0214,ZWE001-0214,41,,Screening |V01,2,Lab Sample Collection Form,yes_no,Urinalysis,,,,,
7167,ZWE001-0214,ZWE001-0214,41,,Screening |V01,2,Lab Sample Collection Form,yes_no,QC (Lab),,,,,
7167,ZWE001-0214,ZWE001-0214,41,,Screening |V01,2,Lab Sample Collection Form,yes_no,Shuwen Cerca Red,,,,,
7167,ZWE001-0214,ZWE001-0214,41,,Screening |V01,2,Lab Sample Collection Form,yes_no,QC (Lab),,,,,
7167,ZWE001-0214,ZWE001-0214,41,,Screening |V01,2,Lab Sample Collection Form,yes_no,Tigsun PIGf/sFLT-1,,,,,
7167,ZWE001-0214,ZWE001-0214,41,,Screening |V01,2,Lab Sample Collection Form,yes_no,QC (Lab),,,,,
7167,ZWE001-0214,ZWE001-0214,41,,Screening |V01,2,Lab Sample Collection Form,yes_no,Serum,,,,,
7167,ZWE001-0214,ZWE001-0214,41,,Screening |V01,2,Lab Sample Collection Form,yes_no,QC (Lab),,,,,
7167,ZWE001-0214,ZWE001-0214,41,,Screening |V01,2,Lab Sample Collection Form,electronic_signature,Electronic Signature Lock Date/Time,,,,,
7167,ZWE001-0214,ZWE001-0214,41,,Screening |V01,2,Lab Sample Collection Form,numeric,Research Nurse (Actual),,,",  ",,
7167,ZWE001-0214,ZWE001-0214,41,,Screening |V01,2,Lab Sample Collection Form,numeric,Research Nurse (Min),,,",  ",,
7167,ZWE001-0214,ZWE001-0214,41,,Screening |V01,2,Lab Sample Collection Form,numeric,Research Nurse (Max),,,",  ",,
7167,ZWE001-0214,ZWE001-0214,41,,Screening |V01,2,Lab Sample Collection Form,date_time,Date and time sent,,,,,
7167,ZWE001-0214,ZWE001-0214,41,,Screening |V01,2,Lab Sample Collection Form,electronic_signature,Electronic Signature Lock Date/Time,,,,,
7167,ZWE001-0214,ZWE001-0214,41,,Screening |V01,2,Lab Sample Collection Form,numeric,Lab (Actual),,,",  ",,
7167,ZWE001-0214,ZWE001-0214,41,,Screening |V01,2,Lab Sample Collection Form,numeric,Lab (Min),,,",  ",,
7167,ZWE001-0214,ZWE001-0214,41,,Screening |V01,2,Lab Sample Collection Form,numeric,Lab (Max),,,",  ",,
7167,ZWE001-0214,ZWE001-0214,41,,Screening |V01,2,Lab Sample Collection Form,numeric,Lab (Thermo ID),,,",  ",,
7167,ZWE001-0214,ZWE001-0214,41,,Screening |V01,2,Lab Sample Collection Form,text_single_line,Lab (Thermo ID),,,",  ",,
7167,ZWE001-0214,ZWE001-0214,41,,Screening |V01,2,Lab Sample Collection Form,text_multi_line,Lab comments,,,",  ",,
7167,ZWE001-0214,ZWE001-0214,41,,Screening |V01,2,Lab Sample Collection Form,electronic_signature,Electronic Signature Lock Date/Time,,,,,
7167,ZWE001-0214,ZWE001-0214,41,,Screening |V01,2,Lab Sample Collection Form,electronic_signature,Electronic Signature Lock Date/Time,,,,,
7167,ZWE001-0214,ZWE001-0214,41,,Screening |V01,2,Dispensing Form,Dispensing Form,,,,",  ",,
7167,ZWE001-0214,ZWE001-0214,41,,Screening |V01,2,Dispensing Form,input_list,,,,",  ",,
7167,ZWE001-0214,ZWE001-0214,41,,Screening |V01,2,Dispensing Form,text_single_line,Medication prescribed,,,",  ",,
7167,ZWE001-0214,ZWE001-0214,41,,Screening |V01,2,Dispensing Form,yes_no,Was the medication dispensed?,,,,,
7167,ZWE001-0214,ZWE001-0214,41,,Screening |V01,2,Dispensing Form,radio_group,Reason for not dispensing the medication,,,",  ",,
7167,ZWE001-0214,ZWE001-0214,41,,Screening |V01,2,Dispensing Form,text_single_line,Other specified,,,",  ",,
7167,ZWE001-0214,ZWE001-0214,41,,Screening |V01,2,Dispensing Form,text_single_line,Medication prescribed,,,",  ",,
7167,ZWE001-0214,ZWE001-0214,41,,Screening |V01,2,Dispensing Form,yes_no,Was the medication dispensed?,,,,,
7167,ZWE001-0214,ZWE001-0214,41,,Screening |V01,2,Dispensing Form,radio_group,Reason for not dispensing the medication,,,",  ",,
7167,ZWE001-0214,ZWE001-0214,41,,Screening |V01,2,Dispensing Form,text_single_line,Other specified,,,",  ",,
7167,ZWE001-0214,ZWE001-0214,41,,Screening |V01,2,Dispensing Form,text_single_line,Medication prescribed,,,",  ",,
7167,ZWE001-0214,ZWE001-0214,41,,Screening |V01,2,Dispensing Form,yes_no,Was the medication dispensed?,,,,,
7167,ZWE001-0214,ZWE001-0214,41,,Screening |V01,2,Dispensing Form,radio_group,Reason for not dispensing the medication,,,",  ",,
7167,ZWE001-0214,ZWE001-0214,41,,Screening |V01,2,Dispensing Form,text_single_line,Other specified,,,",  ",,
7167,ZWE001-0214,ZWE001-0214,41,,Screening |V01,2,Dispensing Form,text_single_line,Medication prescribed,,,",  ",,
7167,ZWE001-0214,ZWE001-0214,41,,Screening |V01,2,Dispensing Form,yes_no,Was the medication dispensed?,,,,,
7167,ZWE001-0214,ZWE001-0214,41,,Screening |V01,2,Dispensing Form,radio_group,Reason for not dispensing the medication,,,",  ",,
7167,ZWE001-0214,ZWE001-0214,41,,Screening |V01,2,Dispensing Form,text_single_line,Other specified,,,",  ",,
7167,ZWE001-0214,ZWE001-0214,41,,Screening |V01,2,Dispensing Form,text_single_line,Medication prescribed,,,",  ",,
7167,ZWE001-0214,ZWE001-0214,41,,Screening |V01,2,Dispensing Form,yes_no,Was the medication dispensed?,,,,,
7167,ZWE001-0214,ZWE001-0214,41,,Screening |V01,2,Dispensing Form,radio_group,Reason for not dispensing the medication,,,",  ",,
7167,ZWE001-0214,ZWE001-0214,41,,Screening |V01,2,Dispensing Form,text_single_line,Other specified,,,",  ",,
7167,ZWE001-0214,ZWE001-0214,41,,Screening |V01,2,Dispensing Form,yes_no,The script has been correctly and completely filled,,,,,
7167,ZWE001-0214,ZWE001-0214,41,,Screening |V01,2,Dispensing Form,electronic_signature,Electronic Signature Lock Date/Time,,,",  ",,
7167,ZWE001-0214,ZWE001-0214,41,,Screening |V01,2,Dispensing Form,yes_no,The script has been correctly and completely filled,,,,,
7167,ZWE001-0214,ZWE001-0214,41,,Screening |V01,2,Dispensing Form,electronic_signature,Electronic Signature Lock Date/Time,,,",  ",,
7167,ZWE001-0214,ZWE001-0214,41,,Screening |V01,2,Prescription,Prescription,,,,",  ",,
7167,ZWE001-0214,ZWE001-0214,41,,Screening |V01,2,Prescription,date_time,Date & time of prescription,,,,,
7167,ZWE001-0214,ZWE001-0214,41,,Screening |V01,2,Prescription,numeric,Participant's age,,,",  ",,
7167,ZWE001-0214,ZWE001-0214,41,,Screening |V01,2,Prescription,yes_no,Any medication prescribed?,,,,,
7167,ZWE001-0214,ZWE001-0214,41,,Screening |V01,2,Prescription,input_list,,,,",  ",,
7167,ZWE001-0214,ZWE001-0214,41,,Screening |V01,2,Prescription,text_single_line,Medication Name,,,",  ",,
7167,ZWE001-0214,ZWE001-0214,41,,Screening |V01,2,Prescription,numeric,Dosage quantity,,,",  ",,
7167,ZWE001-0214,ZWE001-0214,41,,Screening |V01,2,Prescription,dropdown,Unit of Measurement,,,",  ",,
7167,ZWE001-0214,ZWE001-0214,41,,Screening |V01,2,Prescription,dropdown,Dosage frequency,,,",  ",,
7167,ZWE001-0214,ZWE001-0214,41,,Screening |V01,2,Prescription,dropdown,Route of administration,,,",  ",,
7167,ZWE001-0214,ZWE001-0214,41,,Screening |V01,2,Prescription,text_single_line,"If Other, specify",,,",  ",,
7167,ZWE001-0214,ZWE001-0214,41,,Screening |V01,2,Prescription,text_multi_line,Notes,,,",  ",,
7167,ZWE001-0214,ZWE001-0214,41,,Screening |V01,2,Prescription,text_single_line,Medication duration,,,",  ",,
7167,ZWE001-0214,ZWE001-0214,41,,Screening |V01,2,Prescription,dropdown,Unit of duration,,,",  ",,
7167,ZWE001-0214,ZWE001-0214,41,,Screening |V01,2,Prescription,text_single_line,Prescriber's qualification,,,",  ",,
7167,ZWE001-0214,ZWE001-0214,41,,Screening |V01,2,Prescription,electronic_signature,Electronic Signature Lock Date/Time,,,,,
7167,ZWE001-0214,ZWE001-0214,41,,Screening |V01,2,Biomarker Analysis,EOPE Biomarker Analysis,,,,",  ",,
7167,ZWE001-0214,ZWE001-0214,41,,Screening |V01,2,Biomarker Analysis,yes_no,Biomarker sample collected?,,,,,
7167,ZWE001-0214,ZWE001-0214,41,,Screening |V01,2,Biomarker Analysis,date_time,Date of Biomarker Test,,,,,
7167,ZWE001-0214,ZWE001-0214,41,,Screening |V01,2,Biomarker Analysis,radio_group,Type of Biomarker Test,,,",  ",,
7167,ZWE001-0214,ZWE001-0214,41,,Screening |V01,2,Biomarker Analysis,numeric,Biomarker Test Result,,,",  ",,
7167,ZWE001-0214,ZWE001-0214,41,,Screening |V01,2,Biomarker Analysis,text_single_line,Unit of Measurement,,,",  ",,
7167,ZWE001-0214,ZWE001-0214,41,,Screening |V01,2,Biomarker Analysis,text_single_line,Normal Range,,,",  ",,
7167,ZWE001-0214,ZWE001-0214,41,,Screening |V01,2,Biomarker Analysis,radio_group,Abnormal Flag,,,",  ",,
7167,ZWE001-0214,ZWE001-0214,41,,Screening |V01,2,Biomarker Analysis,text_multi_line,Abnormal Flag Description,,,",  ",,
7167,ZWE001-0214,ZWE001-0214,41,,Screening |V01,2,Biomarker Analysis,text_multi_line,Comments,,,",  ",,
7167,ZWE001-0214,ZWE001-0214,41,,Screening |V01,2,Biomarker Analysis,electronic_signature,Electronic Signature Lock Date/Time,,,,,
7167,ZWE001-0214,ZWE001-0214,41,,Screening |V01,2,Biomarker Analysis,electronic_signature,Electronic Signature Lock Date/Time,,,,,
7167,ZWE001-0214,ZWE001-0214,41,,Screening |V01,2,Lab sample collection,EOPE Lab sample collection,,,,",  ",,
7167,ZWE001-0214,ZWE001-0214,41,,Screening |V01,2,Lab sample collection,yes_no,Was a blood sample collected?,,,,,
7167,ZWE001-0214,ZWE001-0214,41,,Screening |V01,2,Lab sample collection,date_time,Date of sample collection,,,,,
7167,ZWE001-0214,ZWE001-0214,41,,Screening |V01,2,Lab sample collection,numeric,Number of SST tubes collected,,,",  ",,
7167,ZWE001-0214,ZWE001-0214,41,,Screening |V01,2,Lab sample collection,numeric,Number of EDTA tubes collected,,,",  ",,
7167,ZWE001-0214,ZWE001-0214,41,,Screening |V01,2,Lab sample collection,text_multi_line,Comment,,,",  ",,
7167,ZWE001-0214,ZWE001-0214,41,,Screening |V01,2,Lab sample collection,yes_no,Was urine sample collected?,,,,,
7167,ZWE001-0214,ZWE001-0214,41,,Screening |V01,2,Lab sample collection,date_time,Date of sample collection,,,,,
7167,ZWE001-0214,ZWE001-0214,41,,Screening |V01,2,Lab sample collection,numeric,Number of urine specimen jars collected,,,",  ",,
7167,ZWE001-0214,ZWE001-0214,41,,Screening |V01,2,Lab sample collection,text_multi_line,Comment,,,",  ",,
7167,ZWE001-0214,ZWE001-0214,41,,Screening |V01,2,Lab sample collection,electronic_signature,Electronic Signature Lock Date/Time,,,,,
7167,ZWE001-0214,ZWE001-0214,41,,Screening |V01,2,Lab sample collection,electronic_signature,Electronic Signature Lock Date/Time,,,,,
7167,ZWE001-0214,ZWE001-0214,41,,Screening |V01,2,Shuwen Cercared Test,Shuwen Circared test,,,,",  ",,
7167,ZWE001-0214,ZWE001-0214,41,,Screening |V01,2,Shuwen Cercared Test,radio_group,Cercared test result,,,",  ",,
7167,ZWE001-0214,ZWE001-0214,41,,Screening |V01,2,Shuwen Cercared Test,text_multi_line,Comment,,,",  ",,
7167,ZWE001-0214,ZWE001-0214,41,,Screening |V01,2,Lab parameters,EOPE Laboratory parameters,,,,",  ",,
7167,ZWE001-0214,ZWE001-0214,41,,Screening |V01,2,Lab parameters,date_time,Date of test,,,,,
7167,ZWE001-0214,ZWE001-0214,41,,Screening |V01,2,Lab parameters,text_single_line,Test name,,,",  ",,
7167,ZWE001-0214,ZWE001-0214,41,,Screening |V01,2,Lab parameters,text_single_line,Test result,,,",  ",,
7167,ZWE001-0214,ZWE001-0214,41,,Screening |V01,2,Lab parameters,text_single_line,Unit of Measurement,,,",  ",,
7167,ZWE001-0214,ZWE001-0214,41,,Screening |V01,2,Lab parameters,text_single_line,Normal Range,,,",  ",,
7167,ZWE001-0214,ZWE001-0214,41,,Screening |V01,2,Lab parameters,radio_group,Abnormal Flag,,,",  ",,
7167,ZWE001-0214,ZWE001-0214,41,,Screening |V01,2,Lab parameters,text_single_line,Lab Normal ref range (Value),,,",  ",,
7167,ZWE001-0214,ZWE001-0214,41,,Screening |V01,2,Lab parameters,text_multi_line,Abnormal Flag Description,,,",  ",,
7167,ZWE001-0214,ZWE001-0214,41,,Screening |V01,2,Lab parameters,text_multi_line,Comment,,,",  ",,
7167,ZWE001-0214,ZWE001-0214,41,,Screening |V01,2,Lab parameters,numeric,Hemoglobin,,,",  ",,
7167,ZWE001-0214,ZWE001-0214,41,,Screening |V01,2,Lab parameters,numeric,Hematocrit,,,",  ",,
7167,ZWE001-0214,ZWE001-0214,41,,Screening |V01,2,Lab parameters,numeric,White blood cell count,,,",  ",,
7167,ZWE001-0214,ZWE001-0214,41,,Screening |V01,2,Lab parameters,numeric,Platelet count,,,",  ",,
7167,ZWE001-0214,ZWE001-0214,41,,Screening |V01,2,Lab parameters,numeric,Absolute neutrophil count,,,",  ",,
7167,ZWE001-0214,ZWE001-0214,41,,Screening |V01,2,Lab parameters,numeric,Glucose,,,",  ",,
7167,ZWE001-0214,ZWE001-0214,41,,Screening |V01,2,Lab parameters,numeric,Blood Urea Nitrogen,,,",  ",,
7167,ZWE001-0214,ZWE001-0214,41,,Screening |V01,2,Lab parameters,numeric,Creatinine,,,",  ",,
7167,ZWE001-0214,ZWE001-0214,41,,Screening |V01,2,Lab parameters,numeric,Alanine Aminotransferase (ALT),,,",  ",,
7167,ZWE001-0214,ZWE001-0214,41,,Screening |V01,2,Lab parameters,numeric,Aspartate Aminotransferase (AST),,,",  ",,
7167,ZWE001-0214,ZWE001-0214,41,,Screening |V01,2,Lab parameters,numeric,Alkaline Phosphatase,,,",  ",,
7167,ZWE001-0214,ZWE001-0214,41,,Screening |V01,2,Lab parameters,numeric,Total Bilirubin,,,",  ",,
7167,ZWE001-0214,ZWE001-0214,41,,Screening |V01,2,Lab parameters,numeric,Lactate Dehydrogenase (LDH),,,",  ",,
7167,ZWE001-0214,ZWE001-0214,41,,Screening |V01,2,Lab parameters,dropdown,Urine blood,,,",  ",,
7167,ZWE001-0214,ZWE001-0214,41,,Screening |V01,2,Lab parameters,dropdown,Urine glucose,,,",  ",,
7167,ZWE001-0214,ZWE001-0214,41,,Screening |V01,2,Lab parameters,dropdown,Urine ketones,,,",  ",,
7167,ZWE001-0214,ZWE001-0214,41,,Screening |V01,2,Lab parameters,dropdown,Urine leukocytes,,,",  ",,
7167,ZWE001-0214,ZWE001-0214,41,,Screening |V01,2,Lab parameters,dropdown,Urine nitrites,,,",  ",,
7167,ZWE001-0214,ZWE001-0214,41,,Screening |V01,2,Lab parameters,dropdown,HIV,,,",  ",,
7167,ZWE001-0214,ZWE001-0214,41,,Screening |V01,2,Lab parameters,yes_no,Microscopy,,,,,
7167,ZWE001-0214,ZWE001-0214,41,,Screening |V01,2,Lab parameters,text_single_line,Results,,,",  ",,
7167,ZWE001-0214,ZWE001-0214,41,,Screening |V01,2,Lab parameters,text_multi_line,Comment,,,",  ",,
7167,ZWE001-0214,ZWE001-0214,41,,Screening |V01,2,Lab parameters,yes_no,Culture,,,,,
7167,ZWE001-0214,ZWE001-0214,41,,Screening |V01,2,Lab parameters,text_single_line,Results,,,",  ",,
7167,ZWE001-0214,ZWE001-0214,41,,Screening |V01,2,Lab parameters,text_multi_line,Comment,,,",  ",,
7167,ZWE001-0214,ZWE001-0214,41,,Screening |V01,2,Lab parameters,text_multi_line,Comments: (Provide any relevant information),,,",  ",,
7167,ZWE001-0214,ZWE001-0214,41,,Screening |V01,2,Lab parameters,electronic_signature,Electronic Signature Lock Date/Time,,,,,
7167,ZWE001-0214,ZWE001-0214,41,,Screening |V01,2,Lab parameters,electronic_signature,Electronic Signature Lock Date/Time,,,,,
7167,ZWE001-0214,ZWE001-0214,41,,Screening |V01,2,Physical Examination,TEMPO Physical Examination,,,,",  ",,
7167,ZWE001-0214,ZWE001-0214,41,,Screening |V01,2,Physical Examination,yes_no,Was the physical examination done?,,,,,
7167,ZWE001-0214,ZWE001-0214,41,,Screening |V01,2,Physical Examination,text_multi_line,"If not done, please provide a reason",,,",  ",,
7167,ZWE001-0214,ZWE001-0214,41,,Screening |V01,2,Physical Examination,date_time,Date and time of examination,,,,,
7167,ZWE001-0214,ZWE001-0214,41,,Screening |V01,2,Physical Examination,radio_group,General appearance,,,",  ",,
7167,ZWE001-0214,ZWE001-0214,41,,Screening |V01,2,Physical Examination,text_multi_line,Abnormal findings Description,,,",  ",,
7167,ZWE001-0214,ZWE001-0214,41,,Screening |V01,2,Physical Examination,text_multi_line,"If not assessed, reasons",,,",  ",,
7167,ZWE001-0214,ZWE001-0214,41,,Screening |V01,2,Physical Examination,radio_group,Skin,,,",  ",,
7167,ZWE001-0214,ZWE001-0214,41,,Screening |V01,2,Physical Examination,text_multi_line,Abnormal findings Description,,,",  ",,
7167,ZWE001-0214,ZWE001-0214,41,,Screening |V01,2,Physical Examination,text_multi_line,"If not assessed, reasons",,,",  ",,
7167,ZWE001-0214,ZWE001-0214,41,,Screening |V01,2,Physical Examination,radio_group,"HEAD/ENT (Ears, Nose, Throat)",,,",  ",,
7167,ZWE001-0214,ZWE001-0214,41,,Screening |V01,2,Physical Examination,text_multi_line,Abnormal findings Description,,,",  ",,
7167,ZWE001-0214,ZWE001-0214,41,,Screening |V01,2,Physical Examination,text_multi_line,"If not assessed, reasons",,,",  ",,
7167,ZWE001-0214,ZWE001-0214,41,,Screening |V01,2,Physical Examination,radio_group,Neck,,,",  ",,
7167,ZWE001-0214,ZWE001-0214,41,,Screening |V01,2,Physical Examination,text_multi_line,Abnormal findings Description,,,",  ",,
7167,ZWE001-0214,ZWE001-0214,41,,Screening |V01,2,Physical Examination,text_multi_line,"If not assessed, reasons",,,",  ",,
7167,ZWE001-0214,ZWE001-0214,41,,Screening |V01,2,Physical Examination,radio_group,Respiratory,,,",  ",,
7167,ZWE001-0214,ZWE001-0214,41,,Screening |V01,2,Physical Examination,text_multi_line,Abnormal findings Description,,,",  ",,
7167,ZWE001-0214,ZWE001-0214,41,,Screening |V01,2,Physical Examination,text_multi_line,"If not assessed, reasons",,,",  ",,
7167,ZWE001-0214,ZWE001-0214,41,,Screening |V01,2,Physical Examination,radio_group,Cardiovascular,,,",  ",,
7167,ZWE001-0214,ZWE001-0214,41,,Screening |V01,2,Physical Examination,text_multi_line,Abnormal findings Description,,,",  ",,
7167,ZWE001-0214,ZWE001-0214,41,,Screening |V01,2,Physical Examination,text_multi_line,"If not assessed, reasons",,,",  ",,
7167,ZWE001-0214,ZWE001-0214,41,,Screening |V01,2,Physical Examination,radio_group,Genitourinary,,,",  ",,
7167,ZWE001-0214,ZWE001-0214,41,,Screening |V01,2,Physical Examination,text_multi_line,Abnormal findings Description,,,",  ",,
7167,ZWE001-0214,ZWE001-0214,41,,Screening |V01,2,Physical Examination,text_multi_line,"If not assessed, reasons",,,",  ",,
7167,ZWE001-0214,ZWE001-0214,41,,Screening |V01,2,Physical Examination,radio_group,Musculoskeletal,,,",  ",,
7167,ZWE001-0214,ZWE001-0214,41,,Screening |V01,2,Physical Examination,text_multi_line,Abnormal findings Description,,,",  ",,
7167,ZWE001-0214,ZWE001-0214,41,,Screening |V01,2,Physical Examination,text_multi_line,"If not assessed, reasons",,,",  ",,
7167,ZWE001-0214,ZWE001-0214,41,,Screening |V01,2,Physical Examination,radio_group,Abdominal,,,",  ",,
7167,ZWE001-0214,ZWE001-0214,41,,Screening |V01,2,Physical Examination,text_multi_line,Abnormal findings Description,,,",  ",,
7167,ZWE001-0214,ZWE001-0214,41,,Screening |V01,2,Physical Examination,text_multi_line,"If not assessed, reasons",,,",  ",,
7167,ZWE001-0214,ZWE001-0214,41,,Screening |V01,2,Physical Examination,radio_group,Limited neurological,,,",  ",,
7167,ZWE001-0214,ZWE001-0214,41,,Screening |V01,2,Physical Examination,text_multi_line,Abnormal findings Description,,,",  ",,
7167,ZWE001-0214,ZWE001-0214,41,,Screening |V01,2,Physical Examination,text_multi_line,"If not assessed, reasons",,,",  ",,
7167,ZWE001-0214,ZWE001-0214,41,,Screening |V01,2,Physical Examination,radio_group,Extremities,,,",  ",,
7167,ZWE001-0214,ZWE001-0214,41,,Screening |V01,2,Physical Examination,text_multi_line,Abnormal findings Description,,,",  ",,
7167,ZWE001-0214,ZWE001-0214,41,,Screening |V01,2,Physical Examination,text_multi_line,"If not assessed, reasons",,,",  ",,
7167,ZWE001-0214,ZWE001-0214,41,,Screening |V01,2,Physical Examination,radio_group,Lymph nodes,,,",  ",,
7167,ZWE001-0214,ZWE001-0214,41,,Screening |V01,2,Physical Examination,text_multi_line,Abnormal findings Description,,,",  ",,
7167,ZWE001-0214,ZWE001-0214,41,,Screening |V01,2,Physical Examination,text_multi_line,"If not assessed, reasons",,,",  ",,
7167,ZWE001-0214,ZWE001-0214,41,,Screening |V01,2,Physical Examination,electronic_signature,Electronic Signature Lock Date/Time,,,,,
7167,ZWE001-0214,ZWE001-0214,41,,Screening |V01,2,Physical Examination,electronic_signature,Electronic Signature Lock Date/Time,,,,,
7167,ZWE001-0214,ZWE001-0214,41,,Visit 2,1,Urinalysis Results,EOPE Urinalysis,,,,",  ",,
7167,ZWE001-0214,ZWE001-0214,41,,Visit 2,1,Urinalysis Results,yes_no,Was urinalysis sample collected?,Yes,,"Manginasi, Betty - 21/May/2026 12:32:28 PM CAT",,
7167,ZWE001-0214,ZWE001-0214,41,,Visit 2,1,Urinalysis Results,date_time,Date and time of sample collection,5/21/2026 15:07:00 ,,"Minga, Kelvin  - 16/Jul/2026 10:53:41 AM CAT",,
7167,ZWE001-0214,ZWE001-0214,41,,Visit 2,1,Urinalysis Results,radio_group,Urine blood results,Negative,,"Minga, Kelvin  - 16/Jun/2026 09:47:11 AM CAT",,
7167,ZWE001-0214,ZWE001-0214,41,,Visit 2,1,Urinalysis Results,radio_group,Blood results interpretation,Normal,,"Minga, Kelvin  - 16/Jun/2026 09:47:16 AM CAT",,
7167,ZWE001-0214,ZWE001-0214,41,,Visit 2,1,Urinalysis Results,text_multi_line,Comment if Abnormal CS/NCS,,,",  ",,
7167,ZWE001-0214,ZWE001-0214,41,,Visit 2,1,Urinalysis Results,radio_group,Urine ketones results,Negative,,"Minga, Kelvin  - 16/Jun/2026 09:47:24 AM CAT",,
7167,ZWE001-0214,ZWE001-0214,41,,Visit 2,1,Urinalysis Results,radio_group,Ketones results interpretation,Normal,,"Minga, Kelvin  - 16/Jun/2026 09:47:25 AM CAT",,
7167,ZWE001-0214,ZWE001-0214,41,,Visit 2,1,Urinalysis Results,text_multi_line,Comment if Abnormal CS/NCS,,,",  ",,
7167,ZWE001-0214,ZWE001-0214,41,,Visit 2,1,Urinalysis Results,radio_group,Urine leukocytes results,Negative,,"Minga, Kelvin  - 16/Jun/2026 09:47:33 AM CAT",,
7167,ZWE001-0214,ZWE001-0214,41,,Visit 2,1,Urinalysis Results,radio_group,Leukocytes results interpretation,Normal,,"Chibongore, Tinotenda - 16/Jun/2026 12:55:16 PM CAT",,
7167,ZWE001-0214,ZWE001-0214,41,,Visit 2,1,Urinalysis Results,text_multi_line,Comment if Abnormal CS/NCS,,,",  ",,
7167,ZWE001-0214,ZWE001-0214,41,,Visit 2,1,Urinalysis Results,radio_group,Urine nitrites results,Negative,,"Minga, Kelvin  - 16/Jun/2026 09:47:39 AM CAT",,
7167,ZWE001-0214,ZWE001-0214,41,,Visit 2,1,Urinalysis Results,radio_group,Nitrites results interpretation,Normal,,"Minga, Kelvin  - 16/Jun/2026 09:47:41 AM CAT",,
7167,ZWE001-0214,ZWE001-0214,41,,Visit 2,1,Urinalysis Results,text_multi_line,Comment if Abnormal CS/NCS,,,",  ",,
7167,ZWE001-0214,ZWE001-0214,41,,Visit 2,1,Urinalysis Results,radio_group,Urine protein results,Negative,,"Minga, Kelvin  - 16/Jun/2026 09:47:45 AM CAT",,
7167,ZWE001-0214,ZWE001-0214,41,,Visit 2,1,Urinalysis Results,radio_group,Protein results interpretation,Normal,,"Minga, Kelvin  - 16/Jun/2026 09:47:47 AM CAT",,
7167,ZWE001-0214,ZWE001-0214,41,,Visit 2,1,Urinalysis Results,text_multi_line,Comment if Abnormal CS/NCS,,,",  ",,
7167,ZWE001-0214,ZWE001-0214,41,,Visit 2,1,Urinalysis Results,radio_group,Urine glucose results,Negative,,"Minga, Kelvin  - 16/Jun/2026 09:47:50 AM CAT",,
7167,ZWE001-0214,ZWE001-0214,41,,Visit 2,1,Urinalysis Results,radio_group,Urine glucose results interpretation,Normal,,"Minga, Kelvin  - 16/Jun/2026 09:47:52 AM CAT",,
7167,ZWE001-0214,ZWE001-0214,41,,Visit 2,1,Urinalysis Results,text_multi_line,Comment if Abnormal CS/NCS,,,",  ",,
7167,ZWE001-0214,ZWE001-0214,41,,Visit 2,1,Urinalysis Results,yes_no,Microscopy,No,,"Minga, Kelvin  - 16/Jun/2026 09:47:54 AM CAT",,
7167,ZWE001-0214,ZWE001-0214,41,,Visit 2,1,Urinalysis Results,numeric,Results,,,",  ",,
7167,ZWE001-0214,ZWE001-0214,41,,Visit 2,1,Urinalysis Results,text_multi_line,Comment,,,",  ",,
7167,ZWE001-0214,ZWE001-0214,41,,Visit 2,1,Urinalysis Results,yes_no,Culture,No,,"Minga, Kelvin  - 16/Jun/2026 09:47:55 AM CAT",,
7167,ZWE001-0214,ZWE001-0214,41,,Visit 2,1,Urinalysis Results,numeric,Results,,,",  ",,
7167,ZWE001-0214,ZWE001-0214,41,,Visit 2,1,Urinalysis Results,text_multi_line,Comment,,,",  ",,
7167,ZWE001-0214,ZWE001-0214,41,,Visit 2,1,Urinalysis Results,file_manager,File upload,ZWE0010214 V02-URINALYSIS.pdf,,"Minga, Kelvin  - 16/Jun/2026 09:46:25 AM CAT",,
7167,ZWE001-0214,ZWE001-0214,41,,Visit 2,1,Urinalysis Results,electronic_signature,Electronic Signature Lock Date/Time,16/Jun/2026 09:48:01 AM CAT,,"Minga, Kelvin  - 16/Jun/2026 09:48:01 AM CAT",,
7167,ZWE001-0214,ZWE001-0214,41,,Visit 2,1,Urinalysis Results,electronic_signature,Electronic Signature Lock Date/Time,16/Jun/2026 09:48:13 AM CAT,,"Minga, Kelvin  - 16/Jun/2026 09:48:14 AM CAT",,
7167,ZWE001-0214,ZWE001-0214,41,,Visit 2,1,Hematology Results,EOPE Hematology,,,,",  ",,
7167,ZWE001-0214,ZWE001-0214,41,,Visit 2,1,Hematology Results,yes_no,Was hematology sample collected?,Yes,,"Manginasi, Betty - 21/May/2026 12:32:11 PM CAT",,
7167,ZWE001-0214,ZWE001-0214,41,,Visit 2,1,Hematology Results,date_time,Date and time of sample collection,5/21/2026 15:05:00 ,,"Minga, Kelvin  - 16/Jul/2026 10:52:36 AM CAT",,
7167,ZWE001-0214,ZWE001-0214,41,,Visit 2,1,Hematology Results,numeric,Hemoglobin,11.86,,"Minga, Kelvin  - 16/Jun/2026 09:53:43 AM CAT",,
7167,ZWE001-0214,ZWE001-0214,41,,Visit 2,1,Hematology Results,numeric,Low range,,,",  ",,
7167,ZWE001-0214,ZWE001-0214,41,,Visit 2,1,Hematology Results,numeric,High range,,,",  ",,
7167,ZWE001-0214,ZWE001-0214,41,,Visit 2,1,Hematology Results,radio_group,Hemoglobin result interpretation,Normal,,"Minga, Kelvin  - 16/Jun/2026 09:53:43 AM CAT",,
7167,ZWE001-0214,ZWE001-0214,41,,Visit 2,1,Hematology Results,text_multi_line,Comment if abnormal CS/NCS,,,",  ",,
7167,ZWE001-0214,ZWE001-0214,41,,Visit 2,1,Hematology Results,numeric,Hematocrit,34.50,,"Minga, Kelvin  - 16/Jun/2026 09:53:58 AM CAT",,
7167,ZWE001-0214,ZWE001-0214,41,,Visit 2,1,Hematology Results,numeric,Low range,,,",  ",,
7167,ZWE001-0214,ZWE001-0214,41,,Visit 2,1,Hematology Results,numeric,High range,,,",  ",,
7167,ZWE001-0214,ZWE001-0214,41,,Visit 2,1,Hematology Results,radio_group,Hematocrit result interpretation,Abnormal (NCS),,"Minga, Kelvin  - 16/Jun/2026 09:53:58 AM CAT",,
7167,ZWE001-0214,ZWE001-0214,41,,Visit 2,1,Hematology Results,text_multi_line,Comment if abnormal CS/NCS,NCS,,"Minga, Kelvin  - 16/Jun/2026 09:54:05 AM CAT",,
7167,ZWE001-0214,ZWE001-0214,41,,Visit 2,1,Hematology Results,numeric,White blood cell count,6.58,,"Minga, Kelvin  - 16/Jun/2026 09:54:17 AM CAT",,
7167,ZWE001-0214,ZWE001-0214,41,,Visit 2,1,Hematology Results,numeric,Low range,,,",  ",,
7167,ZWE001-0214,ZWE001-0214,41,,Visit 2,1,Hematology Results,numeric,High range,,,",  ",,
7167,ZWE001-0214,ZWE001-0214,41,,Visit 2,1,Hematology Results,radio_group,White blood cell count result interpretation,Normal,,"Minga, Kelvin  - 16/Jun/2026 09:54:18 AM CAT",,
7167,ZWE001-0214,ZWE001-0214,41,,Visit 2,1,Hematology Results,text_multi_line,Comment if abnormal CS/NCS,,,",  ",,
7167,ZWE001-0214,ZWE001-0214,41,,Visit 2,1,Hematology Results,numeric,Red blood cell count,3.76,,"Minga, Kelvin  - 16/Jun/2026 09:54:29 AM CAT",,
7167,ZWE001-0214,ZWE001-0214,41,,Visit 2,1,Hematology Results,numeric,Low range,,,",  ",,
7167,ZWE001-0214,ZWE001-0214,41,,Visit 2,1,Hematology Results,numeric,High range,,,",  ",,
7167,ZWE001-0214,ZWE001-0214,41,,Visit 2,1,Hematology Results,radio_group,Red blood cell count result interpretation,Abnormal (NCS),,"Minga, Kelvin  - 16/Jun/2026 09:54:30 AM CAT",,
7167,ZWE001-0214,ZWE001-0214,41,,Visit 2,1,Hematology Results,text_multi_line,Comment if abnormal CS/NCS,NCS,,"Minga, Kelvin  - 16/Jun/2026 09:54:35 AM CAT",,
7167,ZWE001-0214,ZWE001-0214,41,,Visit 2,1,Hematology Results,numeric,Platelets count,240.8,,"Minga, Kelvin  - 16/Jun/2026 09:54:46 AM CAT",,
7167,ZWE001-0214,ZWE001-0214,41,,Visit 2,1,Hematology Results,numeric,Low range,,,",  ",,
7167,ZWE001-0214,ZWE001-0214,41,,Visit 2,1,Hematology Results,numeric,High range,,,",  ",,
7167,ZWE001-0214,ZWE001-0214,41,,Visit 2,1,Hematology Results,radio_group,Platelets count result interpretation,Normal,,"Minga, Kelvin  - 16/Jun/2026 09:54:46 AM CAT",,
7167,ZWE001-0214,ZWE001-0214,41,,Visit 2,1,Hematology Results,text_multi_line,Comment if abnormal CS/NCS,,,",  ",,
7167,ZWE001-0214,ZWE001-0214,41,,Visit 2,1,Hematology Results,numeric,Absolute neutrophil count,4.92,,"Minga, Kelvin  - 16/Jun/2026 09:55:01 AM CAT",,
7167,ZWE001-0214,ZWE001-0214,41,,Visit 2,1,Hematology Results,numeric,Low range,,,",  ",,
7167,ZWE001-0214,ZWE001-0214,41,,Visit 2,1,Hematology Results,numeric,High range,,,",  ",,
7167,ZWE001-0214,ZWE001-0214,41,,Visit 2,1,Hematology Results,radio_group,Absolute neutrophil count result interpretation,Normal,,"Minga, Kelvin  - 16/Jun/2026 09:55:01 AM CAT",,
7167,ZWE001-0214,ZWE001-0214,41,,Visit 2,1,Hematology Results,text_multi_line,Comment if abnormal CS/NCS,,,",  ",,
7167,ZWE001-0214,ZWE001-0214,41,,Visit 2,1,Hematology Results,numeric,Absolute lymphocytes count,1.19,,"Minga, Kelvin  - 16/Jun/2026 09:55:17 AM CAT",,
7167,ZWE001-0214,ZWE001-0214,41,,Visit 2,1,Hematology Results,numeric,Low range,,,",  ",,
7167,ZWE001-0214,ZWE001-0214,41,,Visit 2,1,Hematology Results,numeric,High range,,,",  ",,
7167,ZWE001-0214,ZWE001-0214,41,,Visit 2,1,Hematology Results,radio_group,Absolute lymphocytes count result interpretation,Abnormal (NCS),,"Minga, Kelvin  - 16/Jun/2026 09:55:17 AM CAT",,
7167,ZWE001-0214,ZWE001-0214,41,,Visit 2,1,Hematology Results,text_multi_line,Comment if abnormal CS/NCS,NCS,,"Minga, Kelvin  - 16/Jun/2026 09:55:21 AM CAT",,
7167,ZWE001-0214,ZWE001-0214,41,,Visit 2,1,Hematology Results,file_manager,File upload,ZWE0010214 V02-HEMATOLOGY.pdf,,"Minga, Kelvin  - 16/Jun/2026 09:53:13 AM CAT",,
7167,ZWE001-0214,ZWE001-0214,41,,Visit 2,1,Hematology Results,electronic_signature,Electronic Signature Lock Date/Time,16/Jun/2026 09:55:30 AM CAT,,"Minga, Kelvin  - 16/Jun/2026 09:55:31 AM CAT",,
7167,ZWE001-0214,ZWE001-0214,41,,Visit 2,1,Hematology Results,electronic_signature,Electronic Signature Lock Date/Time,16/Jun/2026 09:55:40 AM CAT,,"Minga, Kelvin  - 16/Jun/2026 09:55:40 AM CAT",,
7167,ZWE001-0214,ZWE001-0214,41,,Visit 2,1,Biochemistry Results,EOPE Biochemistry,,,,",  ",,
7167,ZWE001-0214,ZWE001-0214,41,,Visit 2,1,Biochemistry Results,yes_no,Was biochemistry sample collected?,Yes,,"Manginasi, Betty - 21/May/2026 12:32:21 PM CAT",,
7167,ZWE001-0214,ZWE001-0214,41,,Visit 2,1,Biochemistry Results,date_time,Date and time of sample collection,5/21/2026 15:05:00 ,,"Minga, Kelvin  - 16/Jul/2026 10:53:00 AM CAT",,
7167,ZWE001-0214,ZWE001-0214,41,,Visit 2,1,Biochemistry Results,numeric,Glucose Result,,,",  ",,
7167,ZWE001-0214,ZWE001-0214,41,,Visit 2,1,Biochemistry Results,numeric,Low range,,,",  ",,
7167,ZWE001-0214,ZWE001-0214,41,,Visit 2,1,Biochemistry Results,numeric,High range,,,",  ",,
7167,ZWE001-0214,ZWE001-0214,41,,Visit 2,1,Biochemistry Results,radio_group,Glucose result interpretation,,,",  ",,
7167,ZWE001-0214,ZWE001-0214,41,,Visit 2,1,Biochemistry Results,text_multi_line,Comment if abnormal CS/NCS,,,",  ",,
7167,ZWE001-0214,ZWE001-0214,41,,Visit 2,1,Biochemistry Results,numeric,Blood urea nitrogen Result,,,",  ",,
7167,ZWE001-0214,ZWE001-0214,41,,Visit 2,1,Biochemistry Results,numeric,Low range,,,",  ",,
7167,ZWE001-0214,ZWE001-0214,41,,Visit 2,1,Biochemistry Results,numeric,High range,,,",  ",,
7167,ZWE001-0214,ZWE001-0214,41,,Visit 2,1,Biochemistry Results,radio_group,Blood urea nitrogen result interpretation,,,",  ",,
7167,ZWE001-0214,ZWE001-0214,41,,Visit 2,1,Biochemistry Results,text_multi_line,Comment if abnormal CS/NCS,,,",  ",,
7167,ZWE001-0214,ZWE001-0214,41,,Visit 2,1,Biochemistry Results,numeric,Creatinine Result,44.24,,"Minga, Kelvin  - 16/Jun/2026 09:51:14 AM CAT",,
7167,ZWE001-0214,ZWE001-0214,41,,Visit 2,1,Biochemistry Results,numeric,Low range,,,",  ",,
7167,ZWE001-0214,ZWE001-0214,41,,Visit 2,1,Biochemistry Results,numeric,High range,,,",  ",,
7167,ZWE001-0214,ZWE001-0214,41,,Visit 2,1,Biochemistry Results,radio_group,Creatinine result interpretation,Abnormal (NCS),,"Minga, Kelvin  - 16/Jun/2026 09:51:14 AM CAT",,
7167,ZWE001-0214,ZWE001-0214,41,,Visit 2,1,Biochemistry Results,text_multi_line,Comment if abnormal CS/NCS,NCS,,"Minga, Kelvin  - 16/Jun/2026 09:51:23 AM CAT",,
7167,ZWE001-0214,ZWE001-0214,41,,Visit 2,1,Biochemistry Results,numeric,Alanine Aminotransferase (ALT) Result,5.38,,"Minga, Kelvin  - 16/Jun/2026 09:51:34 AM CAT",,
7167,ZWE001-0214,ZWE001-0214,41,,Visit 2,1,Biochemistry Results,numeric,Low range,,,",  ",,
7167,ZWE001-0214,ZWE001-0214,41,,Visit 2,1,Biochemistry Results,numeric,High range,,,",  ",,
7167,ZWE001-0214,ZWE001-0214,41,,Visit 2,1,Biochemistry Results,radio_group,Alanine Aminotransferase result interpretation,Normal,,"Minga, Kelvin  - 16/Jun/2026 09:51:35 AM CAT",,
7167,ZWE001-0214,ZWE001-0214,41,,Visit 2,1,Biochemistry Results,text_multi_line,Comment if abnormal CS/NCS,,,",  ",,
7167,ZWE001-0214,ZWE001-0214,41,,Visit 2,1,Biochemistry Results,numeric,Aspartate aminotransferase (AST) Result,11.86,,"Minga, Kelvin  - 16/Jun/2026 09:51:49 AM CAT",,
7167,ZWE001-0214,ZWE001-0214,41,,Visit 2,1,Biochemistry Results,numeric,Low range,,,",  ",,
7167,ZWE001-0214,ZWE001-0214,41,,Visit 2,1,Biochemistry Results,numeric,High range,,,",  ",,
7167,ZWE001-0214,ZWE001-0214,41,,Visit 2,1,Biochemistry Results,radio_group,Aspartate Aminotransferase result interpretation,Normal,,"Minga, Kelvin  - 16/Jun/2026 09:51:50 AM CAT",,
7167,ZWE001-0214,ZWE001-0214,41,,Visit 2,1,Biochemistry Results,text_multi_line,Comment if abnormal CS/NCS,,,",  ",,
7167,ZWE001-0214,ZWE001-0214,41,,Visit 2,1,Biochemistry Results,numeric,Alkaline phosphatase (ALP) Result,92.79,,"Minga, Kelvin  - 16/Jun/2026 09:52:04 AM CAT",,
7167,ZWE001-0214,ZWE001-0214,41,,Visit 2,1,Biochemistry Results,numeric,Low range,,,",  ",,
7167,ZWE001-0214,ZWE001-0214,41,,Visit 2,1,Biochemistry Results,numeric,High range,,,",  ",,
7167,ZWE001-0214,ZWE001-0214,41,,Visit 2,1,Biochemistry Results,radio_group,Alkaline phosphatase result interpretation,Normal,,"Minga, Kelvin  - 16/Jun/2026 09:52:04 AM CAT",,
7167,ZWE001-0214,ZWE001-0214,41,,Visit 2,1,Biochemistry Results,text_multi_line,Comment if abnormal CS/NCS,,,",  ",,
7167,ZWE001-0214,ZWE001-0214,41,,Visit 2,1,Biochemistry Results,numeric,Total Bilirubin Result,5.29,,"Minga, Kelvin  - 16/Jun/2026 09:52:21 AM CAT",,
7167,ZWE001-0214,ZWE001-0214,41,,Visit 2,1,Biochemistry Results,numeric,Low range,,,",  ",,
7167,ZWE001-0214,ZWE001-0214,41,,Visit 2,1,Biochemistry Results,numeric,High range,,,",  ",,
7167,ZWE001-0214,ZWE001-0214,41,,Visit 2,1,Biochemistry Results,radio_group,Total bilirubin result interpretation,Normal,,"Minga, Kelvin  - 16/Jun/2026 09:52:21 AM CAT",,
7167,ZWE001-0214,ZWE001-0214,41,,Visit 2,1,Biochemistry Results,text_multi_line,Comment if abnormal CS/NCS,,,",  ",,
7167,ZWE001-0214,ZWE001-0214,41,,Visit 2,1,Biochemistry Results,numeric,Lactate dehydrogenase (LDH ) Result,154.57,,"Minga, Kelvin  - 16/Jun/2026 09:52:33 AM CAT",,
7167,ZWE001-0214,ZWE001-0214,41,,Visit 2,1,Biochemistry Results,numeric,Low range,,,",  ",,
7167,ZWE001-0214,ZWE001-0214,41,,Visit 2,1,Biochemistry Results,numeric,High range,,,",  ",,
7167,ZWE001-0214,ZWE001-0214,41,,Visit 2,1,Biochemistry Results,radio_group,Lactate dehydrogenase result interpretation,Abnormal (NCS),,"Minga, Kelvin  - 16/Jun/2026 09:52:34 AM CAT",,
7167,ZWE001-0214,ZWE001-0214,41,,Visit 2,1,Biochemistry Results,text_multi_line,Comment if abnormal CS/NCS,NCS,,"Minga, Kelvin  - 16/Jun/2026 09:52:43 AM CAT",,
7167,ZWE001-0214,ZWE001-0214,41,,Visit 2,1,Biochemistry Results,file_manager,File upload,ZWE0010214 V02-BIOCHEMISTRY.pdf,,"Minga, Kelvin  - 16/Jun/2026 09:50:28 AM CAT",,
7167,ZWE001-0214,ZWE001-0214,41,,Visit 2,1,Biochemistry Results,electronic_signature,Electronic Signature Lock Date/Time,16/Jun/2026 09:52:50 AM CAT,,"Minga, Kelvin  - 16/Jun/2026 09:52:50 AM CAT",,
7167,ZWE001-0214,ZWE001-0214,41,,Visit 2,1,Biochemistry Results,electronic_signature,Electronic Signature Lock Date/Time,16/Jun/2026 09:52:57 AM CAT,,"Minga, Kelvin  - 16/Jun/2026 09:52:57 AM CAT",,
7167,ZWE001-0214,ZWE001-0214,41,,Visit 2,1,Assessment of proteinuria,EOPE Assessment of proteinuria,,,,",  ",,
7167,ZWE001-0214,ZWE001-0214,41,,Visit 2,1,Assessment of proteinuria,yes_no,Was assessment of proteinuria performed?,Yes,,"Minga, Kelvin  - 16/Jun/2026 09:48:29 AM CAT",,
7167,ZWE001-0214,ZWE001-0214,41,,Visit 2,1,Assessment of proteinuria,yes_no,Was a urine protein dipstick test performed?,Yes,,"Minga, Kelvin  - 16/Jun/2026 09:48:31 AM CAT",,
7167,ZWE001-0214,ZWE001-0214,41,,Visit 2,1,Assessment of proteinuria,date_time,Date and time of urine dipstick  test,5/22/2026 16:33:00 ,,"Minga, Kelvin  - 16/Jun/2026 09:49:38 AM CAT",,
7167,ZWE001-0214,ZWE001-0214,41,,Visit 2,1,Assessment of proteinuria,radio_group,Urine protein dipstick test results,Negative,,"Minga, Kelvin  - 16/Jun/2026 09:49:48 AM CAT",,
7167,ZWE001-0214,ZWE001-0214,41,,Visit 2,1,Assessment of proteinuria,yes_no,Was a spot urine test for protein performed?,No,,"Minga, Kelvin  - 16/Jun/2026 09:49:51 AM CAT",,
7167,ZWE001-0214,ZWE001-0214,41,,Visit 2,1,Assessment of proteinuria,date_time,Date and time of spot urine test for protein,,,,,
7167,ZWE001-0214,ZWE001-0214,41,,Visit 2,1,Assessment of proteinuria,numeric,Result of spot urine test for protein,,,",  ",,
7167,ZWE001-0214,ZWE001-0214,41,,Visit 2,1,Assessment of proteinuria,yes_no,Was a spot urine test for protein/creatinine ratio performed?,,,,,
7167,ZWE001-0214,ZWE001-0214,41,,Visit 2,1,Assessment of proteinuria,date_time,Date and time of spot urine test for protein/creatinine ratio,,,,,
7167,ZWE001-0214,ZWE001-0214,41,,Visit 2,1,Assessment of proteinuria,numeric,Spot urine test for protein/creatinine ratio result,,,",  ",,
7167,ZWE001-0214,ZWE001-0214,41,,Visit 2,1,Assessment of proteinuria,text_multi_line,Comments: (Provide any relevant information),,,",  ",,
7167,ZWE001-0214,ZWE001-0214,41,,Visit 2,1,Assessment of proteinuria,file_manager,File upload,ZWE0010214 V02-URINALYSIS.pdf,,"Minga, Kelvin  - 16/Jun/2026 09:48:27 AM CAT",,
7167,ZWE001-0214,ZWE001-0214,41,,Visit 2,1,Assessment of proteinuria,electronic_signature,Electronic Signature Lock Date/Time,16/Jun/2026 09:50:03 AM CAT,,"Minga, Kelvin  - 16/Jun/2026 09:50:03 AM CAT",,
7167,ZWE001-0214,ZWE001-0214,41,,Visit 2,1,Assessment of proteinuria,electronic_signature,Electronic Signature Lock Date/Time,16/Jun/2026 09:50:13 AM CAT,,"Minga, Kelvin  - 16/Jun/2026 09:50:13 AM CAT",,
7167,ZWE001-0214,ZWE001-0214,41,,Visit 2,1,Lab Sample Collection Form,EOPE Lab Request Form,,,,",  ",,
7167,ZWE001-0214,ZWE001-0214,41,,Visit 2,1,Lab Sample Collection Form,text_single_line,PTID,ZWE001-0214,,"Manginasi, Betty - 21/May/2026 12:31:23 PM CAT",,
7167,ZWE001-0214,ZWE001-0214,41,,Visit 2,1,Lab Sample Collection Form,date_time,Date of collection,5/21/2026 12:31:00 ,,"Manginasi, Betty - 21/May/2026 12:31:24 PM CAT",,
7167,ZWE001-0214,ZWE001-0214,41,,Visit 2,1,Lab Sample Collection Form,yes_no,Fasting,No,,"Manginasi, Betty - 21/May/2026 12:31:26 PM CAT",,
7167,ZWE001-0214,ZWE001-0214,41,,Visit 2,1,Lab Sample Collection Form,date_of_birth,Date of Birth,9/16/1985 ,,"Manginasi, Betty - 21/May/2026 12:31:44 PM CAT",,
7167,ZWE001-0214,ZWE001-0214,41,,Visit 2,1,Lab Sample Collection Form,numeric,Visit number,2,,"Manginasi, Betty - 21/May/2026 12:31:47 PM CAT",,
7167,ZWE001-0214,ZWE001-0214,41,,Visit 2,1,Lab Sample Collection Form,numeric,Expected number of EDTA tubes,,,",  ",,
7167,ZWE001-0214,ZWE001-0214,41,,Visit 2,1,Lab Sample Collection Form,numeric,Actual number of EDTA tubes,1,,"Manginasi, Betty - 21/May/2026 12:31:52 PM CAT",,
7167,ZWE001-0214,ZWE001-0214,41,,Visit 2,1,Lab Sample Collection Form,numeric,Expected number of SST tubes,,,",  ",,
7167,ZWE001-0214,ZWE001-0214,41,,Visit 2,1,Lab Sample Collection Form,numeric,Actual number of SST tubes,2,,"Manginasi, Betty - 21/May/2026 12:31:54 PM CAT",,
7167,ZWE001-0214,ZWE001-0214,41,,Visit 2,1,Lab Sample Collection Form,date_time,Time of blood sample collection,0/0/0 15:05:00 ,,"Manginasi, Betty - 26/May/2026 08:33:49 PM CAT",,
7167,ZWE001-0214,ZWE001-0214,41,,Visit 2,1,Lab Sample Collection Form,numeric,Expected number of urine bottles,,,",  ",,
7167,ZWE001-0214,ZWE001-0214,41,,Visit 2,1,Lab Sample Collection Form,numeric,Actual number of urine bottles,1,,"Manginasi, Betty - 21/May/2026 12:31:57 PM CAT",,
7167,ZWE001-0214,ZWE001-0214,41,,Visit 2,1,Lab Sample Collection Form,date_time,Time of urine sample collection,0/0/0 15:07:00 ,,"Manginasi, Betty - 26/May/2026 08:33:56 PM CAT",,
7167,ZWE001-0214,ZWE001-0214,41,,Visit 2,1,Lab Sample Collection Form,yes_no,Biomarker analysis sample collected?,Yes,,"Manginasi, Betty - 21/May/2026 12:31:57 PM CAT",,
7167,ZWE001-0214,ZWE001-0214,41,,Visit 2,1,Lab Sample Collection Form,yes_no,FBC,Yes,,"Manginasi, Betty - 21/May/2026 12:31:57 PM CAT",,
7167,ZWE001-0214,ZWE001-0214,41,,Visit 2,1,Lab Sample Collection Form,yes_no,QC (Lab),,,,,
7167,ZWE001-0214,ZWE001-0214,41,,Visit 2,1,Lab Sample Collection Form,yes_no,LFT,Yes,,"Manginasi, Betty - 21/May/2026 12:31:58 PM CAT",,
7167,ZWE001-0214,ZWE001-0214,41,,Visit 2,1,Lab Sample Collection Form,yes_no,QC (Lab),,,,,
7167,ZWE001-0214,ZWE001-0214,41,,Visit 2,1,Lab Sample Collection Form,yes_no,LDH,Yes,,"Manginasi, Betty - 21/May/2026 12:31:58 PM CAT",,
7167,ZWE001-0214,ZWE001-0214,41,,Visit 2,1,Lab Sample Collection Form,yes_no,QC (Lab),,,,,
7167,ZWE001-0214,ZWE001-0214,41,,Visit 2,1,Lab Sample Collection Form,yes_no,Creatinine,Yes,,"Manginasi, Betty - 21/May/2026 12:31:59 PM CAT",,
7167,ZWE001-0214,ZWE001-0214,41,,Visit 2,1,Lab Sample Collection Form,yes_no,QC (Lab),,,,,
7167,ZWE001-0214,ZWE001-0214,41,,Visit 2,1,Lab Sample Collection Form,yes_no,Urinalysis,Yes,,"Manginasi, Betty - 21/May/2026 12:32:00 PM CAT",,
7167,ZWE001-0214,ZWE001-0214,41,,Visit 2,1,Lab Sample Collection Form,yes_no,QC (Lab),,,,,
7167,ZWE001-0214,ZWE001-0214,41,,Visit 2,1,Lab Sample Collection Form,yes_no,Shuwen Circa Red,Yes,,"Manginasi, Betty - 21/May/2026 12:32:00 PM CAT",,
7167,ZWE001-0214,ZWE001-0214,41,,Visit 2,1,Lab Sample Collection Form,yes_no,QC (Lab),,,,,
7167,ZWE001-0214,ZWE001-0214,41,,Visit 2,1,Lab Sample Collection Form,yes_no,Tigsun PIGf/sFLT-1,Yes,,"Manginasi, Betty - 21/May/2026 12:32:00 PM CAT",,
7167,ZWE001-0214,ZWE001-0214,41,,Visit 2,1,Lab Sample Collection Form,yes_no,QC (Lab),,,,,
7167,ZWE001-0214,ZWE001-0214,41,,Visit 2,1,Lab Sample Collection Form,yes_no,Aucheer PIGf/sFLT-1,Yes,,"Manginasi, Betty - 21/May/2026 12:32:01 PM CAT",,
7167,ZWE001-0214,ZWE001-0214,41,,Visit 2,1,Lab Sample Collection Form,yes_no,QC (Lab),,,,,
7167,ZWE001-0214,ZWE001-0214,41,,Visit 2,1,Lab Sample Collection Form,yes_no,Serum,Yes,,"Manginasi, Betty - 21/May/2026 12:32:02 PM CAT",,
7167,ZWE001-0214,ZWE001-0214,41,,Visit 2,1,Lab Sample Collection Form,yes_no,QC (Lab),,,,CDASH,
7167,ZWE001-0214,ZWE001-0214,41,,Visit 2,1,Lab Sample Collection Form,text_multi_line,Comments,,,",  ",,
7167,ZWE001-0214,ZWE001-0214,41,,Visit 2,1,Lab Sample Collection Form,numeric,Research Nurse (Actual),16.0,,"Manginasi, Betty - 26/May/2026 08:36:39 PM CAT",,
7167,ZWE001-0214,ZWE001-0214,41,,Visit 2,1,Lab Sample Collection Form,numeric,Research Nurse (Min),15.0,,"Manginasi, Betty - 26/May/2026 08:36:54 PM CAT",,
7167,ZWE001-0214,ZWE001-0214,41,,Visit 2,1,Lab Sample Collection Form,numeric,Research Nurse (Max),17.9,,"Manginasi, Betty - 26/May/2026 08:37:14 PM CAT",,
7167,ZWE001-0214,ZWE001-0214,41,,Visit 2,1,Lab Sample Collection Form,date_time,Date and time sent,5/21/2026 15:30:00 ,,"Manginasi, Betty - 26/May/2026 08:34:26 PM CAT",,
7167,ZWE001-0214,ZWE001-0214,41,,Visit 2,1,Lab Sample Collection Form,electronic_signature,Electronic Signature Lock Date/Time,,,,,
7167,ZWE001-0214,ZWE001-0214,41,,Visit 2,1,Lab Sample Collection Form,numeric,Lab (Actual),,,",  ",,
7167,ZWE001-0214,ZWE001-0214,41,,Visit 2,1,Lab Sample Collection Form,numeric,Lab (Min),,,",  ",,
7167,ZWE001-0214,ZWE001-0214,41,,Visit 2,1,Lab Sample Collection Form,numeric,Lab (Max),,,",  ",,
7167,ZWE001-0214,ZWE001-0214,41,,Visit 2,1,Lab Sample Collection Form,text_single_line,Lab (Thermo ID),,,",  ",,
7167,ZWE001-0214,ZWE001-0214,41,,Visit 2,1,Lab Sample Collection Form,text_multi_line,Lab comments,,,",  ",,
7167,ZWE001-0214,ZWE001-0214,41,,Visit 2,1,Lab Sample Collection Form,electronic_signature,Electronic Signature Lock Date/Time,,,,,
7167,ZWE001-0214,ZWE001-0214,41,,Visit 2,1,Lab Sample Collection Form,electronic_signature,Electronic Signature Lock Date/Time,,,,,
7167,ZWE001-0214,ZWE001-0214,41,,Visit 2,1,Lab Sample Collection Form,file_manager,File Upload,,,,,
7167,ZWE001-0214,ZWE001-0214,41,,Visit 2,1,Maternal status,EOPE Maternal status assessment,,,,",  ",,
7167,ZWE001-0214,ZWE001-0214,41,,Visit 2,1,Maternal status,yes_no,Was Maternal status assessment performed?,Yes,,"Manginasi, Betty - 21/May/2026 12:30:52 PM CAT",,
7167,ZWE001-0214,ZWE001-0214,41,,Visit 2,1,Maternal status,date_time,Date of Maternal status assessment,5/21/2026 12:30:00 ,,"Manginasi, Betty - 21/May/2026 12:30:53 PM CAT",,
7167,ZWE001-0214,ZWE001-0214,41,,Visit 2,1,Maternal status,yes_no,Maternal death,No,,"Manginasi, Betty - 21/May/2026 12:30:55 PM CAT",,
7167,ZWE001-0214,ZWE001-0214,41,,Visit 2,1,Maternal status,yes_no,Pulmonary edema,No,,"Manginasi, Betty - 21/May/2026 12:30:56 PM CAT",,
7167,ZWE001-0214,ZWE001-0214,41,,Visit 2,1,Maternal status,yes_no,Acute renal failure,No,,"Manginasi, Betty - 21/May/2026 12:30:56 PM CAT",,
7167,ZWE001-0214,ZWE001-0214,41,,Visit 2,1,Maternal status,yes_no,Cerebral hemorrhage,No,,"Manginasi, Betty - 21/May/2026 12:30:57 PM CAT",,
7167,ZWE001-0214,ZWE001-0214,41,,Visit 2,1,Maternal status,yes_no,Cerebral thrombosis,No,,"Manginasi, Betty - 21/May/2026 12:30:57 PM CAT",,
7167,ZWE001-0214,ZWE001-0214,41,,Visit 2,1,Maternal status,yes_no,Disseminated Intravascular Coagulation (DIC),No,,"Manginasi, Betty - 21/May/2026 12:30:58 PM CAT",,
7167,ZWE001-0214,ZWE001-0214,41,,Visit 2,1,Maternal status,yes_no,Hospitalized,No,,"Manginasi, Betty - 21/May/2026 12:30:58 PM CAT",,
7167,ZWE001-0214,ZWE001-0214,41,,Visit 2,1,Maternal status,date_time,Admission date,,,,,
7167,ZWE001-0214,ZWE001-0214,41,,Visit 2,1,Maternal status,date_time,Date of discharge,,,,,
7167,ZWE001-0214,ZWE001-0214,41,,Visit 2,1,Maternal status,numeric,Days in hospital,,,",  ",,
7167,ZWE001-0214,ZWE001-0214,41,,Visit 2,1,Maternal status,yes_no,Admitted in ICU,No,,"Manginasi, Betty - 21/May/2026 12:30:59 PM CAT",,
7167,ZWE001-0214,ZWE001-0214,41,,Visit 2,1,Maternal status,date_time,ICU Admission date,,,,,
7167,ZWE001-0214,ZWE001-0214,41,,Visit 2,1,Maternal status,date_time,Date of discharge from ICU,,,,,
7167,ZWE001-0214,ZWE001-0214,41,,Visit 2,1,Maternal status,numeric,Days in ICU,,,",  ",,
7167,ZWE001-0214,ZWE001-0214,41,,Visit 2,1,Maternal status,file_manager,SAE form Upload,,,,,
7167,ZWE001-0214,ZWE001-0214,41,,Visit 2,1,Maternal status,electronic_signature,Electronic Signature Lock Date/Time,21/May/2026 12:31:02 PM CAT,,"Manginasi, Betty - 21/May/2026 12:31:03 PM CAT",,
7167,ZWE001-0214,ZWE001-0214,41,,Visit 2,1,Maternal status,electronic_signature,Electronic Signature Lock Date/Time,,,,,
7167,ZWE001-0214,ZWE001-0214,41,,Visit 2,1,Maternal Preeclampsia Assessment,"EOPE PE status, symptoms",,,,",  ",,
7167,ZWE001-0214,ZWE001-0214,41,,Visit 2,1,Maternal Preeclampsia Assessment,yes_no,Was the PE status assessment performed?,Yes,,"Manginasi, Betty - 21/May/2026 12:30:42 PM CAT",,
7167,ZWE001-0214,ZWE001-0214,41,,Visit 2,1,Maternal Preeclampsia Assessment,date_time,Date of PE status assessment,5/21/2026 12:30:00 ,,"Manginasi, Betty - 21/May/2026 12:30:43 PM CAT",,
7167,ZWE001-0214,ZWE001-0214,41,,Visit 2,1,Maternal Preeclampsia Assessment,yes_no,"Does the participant have any signs, PE symptom?",No,,"Manginasi, Betty - 21/May/2026 12:30:44 PM CAT",,
7167,ZWE001-0214,ZWE001-0214,41,,Visit 2,1,Maternal Preeclampsia Assessment,radio_group,PE status,,,",  ",,
7167,ZWE001-0214,ZWE001-0214,41,,Visit 2,1,Maternal Preeclampsia Assessment,date_time,Date of diagnosis,,,,,
7167,ZWE001-0214,ZWE001-0214,41,,Visit 2,1,Maternal Preeclampsia Assessment,text_multi_line,Preeclampsia Diagnosis Description,,,",  ",,
7167,ZWE001-0214,ZWE001-0214,41,,Visit 2,1,Maternal Preeclampsia Assessment,yes_no,Elevated systolic blood pressure?,,,,,
7167,ZWE001-0214,ZWE001-0214,41,,Visit 2,1,Maternal Preeclampsia Assessment,date_time,Start date,,,,,
7167,ZWE001-0214,ZWE001-0214,41,,Visit 2,1,Maternal Preeclampsia Assessment,text_multi_line,Comment,,,",  ",,
7167,ZWE001-0214,ZWE001-0214,41,,Visit 2,1,Maternal Preeclampsia Assessment,yes_no,Elevated diastolic blood pressure?,,,,,
7167,ZWE001-0214,ZWE001-0214,41,,Visit 2,1,Maternal Preeclampsia Assessment,date_time,Start date,,,,,
7167,ZWE001-0214,ZWE001-0214,41,,Visit 2,1,Maternal Preeclampsia Assessment,text_multi_line,Comment,,,",  ",,
7167,ZWE001-0214,ZWE001-0214,41,,Visit 2,1,Maternal Preeclampsia Assessment,yes_no,Proteinuria?,,,,,
7167,ZWE001-0214,ZWE001-0214,41,,Visit 2,1,Maternal Preeclampsia Assessment,date_time,Start date,,,,,
7167,ZWE001-0214,ZWE001-0214,41,,Visit 2,1,Maternal Preeclampsia Assessment,text_multi_line,Comment,,,",  ",,
7167,ZWE001-0214,ZWE001-0214,41,,Visit 2,1,Maternal Preeclampsia Assessment,yes_no,"Excessive edema/ severe swelling (face, hands or feet)?",,,,,
7167,ZWE001-0214,ZWE001-0214,41,,Visit 2,1,Maternal Preeclampsia Assessment,date_time,Start date,,,,,
7167,ZWE001-0214,ZWE001-0214,41,,Visit 2,1,Maternal Preeclampsia Assessment,text_multi_line,Comment,,,",  ",,
7167,ZWE001-0214,ZWE001-0214,41,,Visit 2,1,Maternal Preeclampsia Assessment,yes_no,Persistent headache?,,,,,
7167,ZWE001-0214,ZWE001-0214,41,,Visit 2,1,Maternal Preeclampsia Assessment,date_time,Start date,,,,,
7167,ZWE001-0214,ZWE001-0214,41,,Visit 2,1,Maternal Preeclampsia Assessment,text_multi_line,Comment,,,",  ",,
7167,ZWE001-0214,ZWE001-0214,41,,Visit 2,1,Maternal Preeclampsia Assessment,yes_no,Visual disturbances?,,,,,
7167,ZWE001-0214,ZWE001-0214,41,,Visit 2,1,Maternal Preeclampsia Assessment,date_time,Start date,,,,,
7167,ZWE001-0214,ZWE001-0214,41,,Visit 2,1,Maternal Preeclampsia Assessment,text_multi_line,Comment,,,",  ",,
7167,ZWE001-0214,ZWE001-0214,41,,Visit 2,1,Maternal Preeclampsia Assessment,yes_no,Upper Abdominal pain?,,,,,
7167,ZWE001-0214,ZWE001-0214,41,,Visit 2,1,Maternal Preeclampsia Assessment,date_time,Start date,,,,,
7167,ZWE001-0214,ZWE001-0214,41,,Visit 2,1,Maternal Preeclampsia Assessment,text_multi_line,Comment,,,",  ",,
7167,ZWE001-0214,ZWE001-0214,41,,Visit 2,1,Maternal Preeclampsia Assessment,yes_no,Nausea or vomiting?,,,,,
7167,ZWE001-0214,ZWE001-0214,41,,Visit 2,1,Maternal Preeclampsia Assessment,date_time,Start date,,,,,
7167,ZWE001-0214,ZWE001-0214,41,,Visit 2,1,Maternal Preeclampsia Assessment,text_multi_line,Comment,,,",  ",,
7167,ZWE001-0214,ZWE001-0214,41,,Visit 2,1,Maternal Preeclampsia Assessment,yes_no,Shortness of breath?,,,,,
7167,ZWE001-0214,ZWE001-0214,41,,Visit 2,1,Maternal Preeclampsia Assessment,date_time,Start date,,,,,
7167,ZWE001-0214,ZWE001-0214,41,,Visit 2,1,Maternal Preeclampsia Assessment,text_multi_line,Comment,,,",  ",,
7167,ZWE001-0214,ZWE001-0214,41,,Visit 2,1,Maternal Preeclampsia Assessment,yes_no,Decreased urine output?,,,,,
7167,ZWE001-0214,ZWE001-0214,41,,Visit 2,1,Maternal Preeclampsia Assessment,date_time,Start date,,,,,
7167,ZWE001-0214,ZWE001-0214,41,,Visit 2,1,Maternal Preeclampsia Assessment,text_multi_line,Comment,,,",  ",,
7167,ZWE001-0214,ZWE001-0214,41,,Visit 2,1,Maternal Preeclampsia Assessment,yes_no,Sudden weight gain (>1 kg/week in the third trimester)?,,,,,
7167,ZWE001-0214,ZWE001-0214,41,,Visit 2,1,Maternal Preeclampsia Assessment,date_time,Start date,,,,,
7167,ZWE001-0214,ZWE001-0214,41,,Visit 2,1,Maternal Preeclampsia Assessment,text_multi_line,Comment,,,",  ",,
7167,ZWE001-0214,ZWE001-0214,41,,Visit 2,1,Maternal Preeclampsia Assessment,yes_no,Per vagina bleeding?,,,,,
7167,ZWE001-0214,ZWE001-0214,41,,Visit 2,1,Maternal Preeclampsia Assessment,date_time,Start date,,,,,
7167,ZWE001-0214,ZWE001-0214,41,,Visit 2,1,Maternal Preeclampsia Assessment,text_multi_line,Comment,,,",  ",,
7167,ZWE001-0214,ZWE001-0214,41,,Visit 2,1,Maternal Preeclampsia Assessment,yes_no,Epigastric pain?,,,,,
7167,ZWE001-0214,ZWE001-0214,41,,Visit 2,1,Maternal Preeclampsia Assessment,date_time,Start date,,,,,
7167,ZWE001-0214,ZWE001-0214,41,,Visit 2,1,Maternal Preeclampsia Assessment,text_multi_line,Comment,,,",  ",,
7167,ZWE001-0214,ZWE001-0214,41,,Visit 2,1,Maternal Preeclampsia Assessment,yes_no,Oliguria (decreased urine output)?,,,,,
7167,ZWE001-0214,ZWE001-0214,41,,Visit 2,1,Maternal Preeclampsia Assessment,date_time,Start date,,,,,
7167,ZWE001-0214,ZWE001-0214,41,,Visit 2,1,Maternal Preeclampsia Assessment,text_multi_line,Comment,,,",  ",,
7167,ZWE001-0214,ZWE001-0214,41,,Visit 2,1,Maternal Preeclampsia Assessment,yes_no,Pre-existing Diabetes (Type 1)?,,,,,
7167,ZWE001-0214,ZWE001-0214,41,,Visit 2,1,Maternal Preeclampsia Assessment,date_time,Start date,,,,,
7167,ZWE001-0214,ZWE001-0214,41,,Visit 2,1,Maternal Preeclampsia Assessment,text_multi_line,Comment,,,",  ",,
7167,ZWE001-0214,ZWE001-0214,41,,Visit 2,1,Maternal Preeclampsia Assessment,yes_no,Pre-existing Diabetes (Type 2)?,,,,,
7167,ZWE001-0214,ZWE001-0214,41,,Visit 2,1,Maternal Preeclampsia Assessment,date_time,Start date,,,,,
7167,ZWE001-0214,ZWE001-0214,41,,Visit 2,1,Maternal Preeclampsia Assessment,text_multi_line,Comment,,,",  ",,
7167,ZWE001-0214,ZWE001-0214,41,,Visit 2,1,Maternal Preeclampsia Assessment,yes_no,Chronic hypertension?,,,,,
7167,ZWE001-0214,ZWE001-0214,41,,Visit 2,1,Maternal Preeclampsia Assessment,date_time,Start date,,,,,
7167,ZWE001-0214,ZWE001-0214,41,,Visit 2,1,Maternal Preeclampsia Assessment,text_multi_line,Comment,,,",  ",,
7167,ZWE001-0214,ZWE001-0214,41,,Visit 2,1,Maternal Preeclampsia Assessment,numeric,Preeclampsia diagnosis description – onset of disease at which weeks of gestation,,,",  ",,
7167,ZWE001-0214,ZWE001-0214,41,,Visit 2,1,Maternal Preeclampsia Assessment,radio_group,Preeclampsia diagnosis,,,",  ",,
7167,ZWE001-0214,ZWE001-0214,41,,Visit 2,1,Maternal Preeclampsia Assessment,date_time,Preeclampsia diagnosis date,,,,,
7167,ZWE001-0214,ZWE001-0214,41,,Visit 2,1,Maternal Preeclampsia Assessment,yes_no,HELLP - syndrome,,,,,
7167,ZWE001-0214,ZWE001-0214,41,,Visit 2,1,Maternal Preeclampsia Assessment,date_time,Date of diagnosis for HELLP - syndrome,,,,,
7167,ZWE001-0214,ZWE001-0214,41,,Visit 2,1,Maternal Preeclampsia Assessment,file_manager,File Upload,,,,,
7167,ZWE001-0214,ZWE001-0214,41,,Visit 2,1,Maternal Preeclampsia Assessment,electronic_signature,Electronic Signature Lock Date/Time,21/May/2026 12:30:47 PM CAT,,"Manginasi, Betty - 21/May/2026 12:30:48 PM CAT",,
7167,ZWE001-0214,ZWE001-0214,41,,Visit 2,1,Maternal Preeclampsia Assessment,electronic_signature,Electronic Signature Lock Date/Time,,,,,
7167,ZWE001-0214,ZWE001-0214,41,,Visit 2,1,ConMeds + AE Assessment,Medical History Assessment ,,,,",  ",,
7167,ZWE001-0214,ZWE001-0214,41,,Visit 2,1,ConMeds + AE Assessment,yes_no,Was the Conmed + AE  assessment performed?,Yes,,"Manginasi, Betty - 21/May/2026 12:30:22 PM CAT",,
7167,ZWE001-0214,ZWE001-0214,41,,Visit 2,1,ConMeds + AE Assessment,date_time,Date of assessment,5/21/2026 12:30:00 ,,"Manginasi, Betty - 21/May/2026 12:30:23 PM CAT",,
7167,ZWE001-0214,ZWE001-0214,41,,Visit 2,1,ConMeds + AE Assessment,yes_no,Are there any updates/changes to the participants  concomitant medications or procedures?,No,,"Manginasi, Betty - 21/May/2026 12:30:25 PM CAT",,
7167,ZWE001-0214,ZWE001-0214,41,,Visit 2,1,ConMeds + AE Assessment,text_multi_line,Comments                                  If applicable,,,"Manginasi, Betty - 21/May/2026 12:30:29 PM CAT",,
7167,ZWE001-0214,ZWE001-0214,41,,Visit 2,1,ConMeds + AE Assessment,yes_no,Has the particiant experienced any new adverse events since last visit?,No,,"Manginasi, Betty - 21/May/2026 12:30:29 PM CAT",,
7167,ZWE001-0214,ZWE001-0214,41,,Visit 2,1,ConMeds + AE Assessment,yes_no,Has the particiant experienced any changes in exisiting adverse events since last visit?,No,,"Manginasi, Betty - 21/May/2026 12:30:29 PM CAT",,
7167,ZWE001-0214,ZWE001-0214,41,,Visit 2,1,ConMeds + AE Assessment,text_multi_line,Comments                                  If applicable,,,"Manginasi, Betty - 21/May/2026 12:30:33 PM CAT",,
7167,ZWE001-0214,ZWE001-0214,41,,Visit 2,1,ConMeds + AE Assessment,file_manager,File Upload,,,,,
7167,ZWE001-0214,ZWE001-0214,41,,Visit 2,1,ConMeds + AE Assessment,electronic_signature,Electronic Signature Lock Date/Time,21/May/2026 12:30:35 PM CAT,,"Manginasi, Betty - 21/May/2026 12:30:36 PM CAT",,
7167,ZWE001-0214,ZWE001-0214,41,,Visit 2,1,ConMeds + AE Assessment,electronic_signature,Electronic Signature Lock Date/Time,,,,,
7167,ZWE001-0214,ZWE001-0214,41,,Visit 2,1,Vital signs/ Weight,TEMPO Vital signs\/Weight Height,,,,",  ",,
7167,ZWE001-0214,ZWE001-0214,41,,Visit 2,1,Vital signs/ Weight,yes_no,Were vital signs performed?,Yes,,"Manginasi, Betty - 21/May/2026 12:28:27 PM CAT",,
7167,ZWE001-0214,ZWE001-0214,41,,Visit 2,1,Vital signs/ Weight,text_multi_line,"If not done, please provide a reason",,,",  ",,
7167,ZWE001-0214,ZWE001-0214,41,,Visit 2,1,Vital signs/ Weight,date_time,Date and time of assessment,5/21/2026 12:28:00 ,,"Manginasi, Betty - 21/May/2026 12:28:29 PM CAT",,
7167,ZWE001-0214,ZWE001-0214,41,,Visit 2,1,Vital signs/ Weight,numeric,Systolic blood pressure,128,,"Manginasi, Betty - 21/May/2026 12:28:37 PM CAT",,
7167,ZWE001-0214,ZWE001-0214,41,,Visit 2,1,Vital signs/ Weight,text_multi_line,Comment if out of normal range,,,",  ",,
7167,ZWE001-0214,ZWE001-0214,41,,Visit 2,1,Vital signs/ Weight,numeric,Diastolic blood pressure,85,,"Manginasi, Betty - 21/May/2026 12:29:16 PM CAT",,
7167,ZWE001-0214,ZWE001-0214,41,,Visit 2,1,Vital signs/ Weight,text_multi_line,Comment if out of normal range,,,",  ",,
7167,ZWE001-0214,ZWE001-0214,41,,Visit 2,1,Vital signs/ Weight,yes_no,Recheck?,Yes,,"Manginasi, Betty - 21/May/2026 12:29:16 PM CAT",,
7167,ZWE001-0214,ZWE001-0214,41,,Visit 2,1,Vital signs/ Weight,numeric,Systolic blood pressure,127,,"Manginasi, Betty - 21/May/2026 12:29:23 PM CAT",,
7167,ZWE001-0214,ZWE001-0214,41,,Visit 2,1,Vital signs/ Weight,numeric,Diastolic blood pressure,86,,"Manginasi, Betty - 21/May/2026 12:29:27 PM CAT",,
7167,ZWE001-0214,ZWE001-0214,41,,Visit 2,1,Vital signs/ Weight,numeric,Body temperature,36.7,,"Manginasi, Betty - 21/May/2026 12:29:35 PM CAT",,
7167,ZWE001-0214,ZWE001-0214,41,,Visit 2,1,Vital signs/ Weight,radio_group,Temperature location,Temporal,,"Manginasi, Betty - 21/May/2026 12:29:27 PM CAT",,
7167,ZWE001-0214,ZWE001-0214,41,,Visit 2,1,Vital signs/ Weight,numeric,Heart rate,78,,"Manginasi, Betty - 21/May/2026 12:29:48 PM CAT",,
7167,ZWE001-0214,ZWE001-0214,41,,Visit 2,1,Vital signs/ Weight,numeric,Respiratory rate,14,,"Manginasi, Betty - 21/May/2026 12:29:53 PM CAT",,
7167,ZWE001-0214,ZWE001-0214,41,,Visit 2,1,Vital signs/ Weight,numeric,Oxygen saturation,95,,"Manginasi, Betty - 21/May/2026 12:29:58 PM CAT",,
7167,ZWE001-0214,ZWE001-0214,41,,Visit 2,1,Vital signs/ Weight,text_multi_line,Comments: (Provide a comment for all abnormal readings),,,"Manginasi, Betty - 21/May/2026 12:30:00 PM CAT",,
7167,ZWE001-0214,ZWE001-0214,41,,Visit 2,1,Vital signs/ Weight,bmi,,,,",  ",,
7167,ZWE001-0214,ZWE001-0214,41,,Visit 2,1,Vital signs/ Weight,numeric,Height,159,,"Manginasi, Betty - 21/May/2026 12:30:05 PM CAT",,
7167,ZWE001-0214,ZWE001-0214,41,,Visit 2,1,Vital signs/ Weight,numeric,Weight,83,,"Manginasi, Betty - 21/May/2026 12:30:12 PM CAT",,
7167,ZWE001-0214,ZWE001-0214,41,,Visit 2,1,Vital signs/ Weight,numeric,BMI,32.83,,"Manginasi, Betty - 21/May/2026 12:30:12 PM CAT",,
7167,ZWE001-0214,ZWE001-0214,41,,Visit 2,1,Vital signs/ Weight,radio_group,Units,metric,,"Manginasi, Betty - 21/May/2026 12:30:05 PM CAT",,
7167,ZWE001-0214,ZWE001-0214,41,,Visit 2,1,Vital signs/ Weight,file_manager,File Upload,,,,,
7167,ZWE001-0214,ZWE001-0214,41,,Visit 2,1,Vital signs/ Weight,electronic_signature,Electronic Signature Lock Date/Time,21/May/2026 12:30:15 PM CAT,,"Manginasi, Betty - 21/May/2026 12:30:15 PM CAT",,
7167,ZWE001-0214,ZWE001-0214,41,,Visit 2,1,Vital signs/ Weight,electronic_signature,Electronic Signature Lock Date/Time,,,,,
7167,ZWE001-0214,ZWE001-0214,41,,Visit 2,1,Physical Examination,TEMPO Physical Examination,,,,",  ",,
7167,ZWE001-0214,ZWE001-0214,41,,Visit 2,1,Physical Examination,yes_no,Was the physical examination done?,Yes,,"Manginasi, Betty - 21/May/2026 12:27:50 PM CAT",,
7167,ZWE001-0214,ZWE001-0214,41,,Visit 2,1,Physical Examination,text_multi_line,"If not done, please provide a reason",,,",  ",,
7167,ZWE001-0214,ZWE001-0214,41,,Visit 2,1,Physical Examination,date_time,Date and time of examination,5/21/2026 12:27:00 ,,"Manginasi, Betty - 21/May/2026 12:27:51 PM CAT",,
7167,ZWE001-0214,ZWE001-0214,41,,Visit 2,1,Physical Examination,radio_group,General appearance,Normal,,"Manginasi, Betty - 21/May/2026 12:27:52 PM CAT",,
7167,ZWE001-0214,ZWE001-0214,41,,Visit 2,1,Physical Examination,text_multi_line,Abnormal findings Description,,,",  ",,
7167,ZWE001-0214,ZWE001-0214,41,,Visit 2,1,Physical Examination,text_multi_line,"If not assessed, reasons",,,",  ",,
7167,ZWE001-0214,ZWE001-0214,41,,Visit 2,1,Physical Examination,radio_group,Skin,Normal,,"Manginasi, Betty - 21/May/2026 12:27:53 PM CAT",,
7167,ZWE001-0214,ZWE001-0214,41,,Visit 2,1,Physical Examination,text_multi_line,Abnormal findings Description,,,",  ",,
7167,ZWE001-0214,ZWE001-0214,41,,Visit 2,1,Physical Examination,text_multi_line,"If not assessed, reasons",,,",  ",,
7167,ZWE001-0214,ZWE001-0214,41,,Visit 2,1,Physical Examination,radio_group,"HEAD/ENT (Ears, Nose, Throat)",Normal,,"Manginasi, Betty - 21/May/2026 12:27:54 PM CAT",,
7167,ZWE001-0214,ZWE001-0214,41,,Visit 2,1,Physical Examination,text_multi_line,Abnormal findings Description,,,",  ",,
7167,ZWE001-0214,ZWE001-0214,41,,Visit 2,1,Physical Examination,text_multi_line,"If not assessed, reasons",,,",  ",,
7167,ZWE001-0214,ZWE001-0214,41,,Visit 2,1,Physical Examination,radio_group,Neck,Normal,,"Manginasi, Betty - 21/May/2026 12:27:56 PM CAT",,
7167,ZWE001-0214,ZWE001-0214,41,,Visit 2,1,Physical Examination,text_multi_line,Abnormal findings Description,,,",  ",,
7167,ZWE001-0214,ZWE001-0214,41,,Visit 2,1,Physical Examination,text_multi_line,"If not assessed, reasons",,,",  ",,
7167,ZWE001-0214,ZWE001-0214,41,,Visit 2,1,Physical Examination,radio_group,Pulmonary,Normal,,"Manginasi, Betty - 21/May/2026 12:27:57 PM CAT",,
7167,ZWE001-0214,ZWE001-0214,41,,Visit 2,1,Physical Examination,text_multi_line,Abnormal findings Description,,,",  ",,
7167,ZWE001-0214,ZWE001-0214,41,,Visit 2,1,Physical Examination,text_multi_line,"If not assessed, reasons",,,",  ",,
7167,ZWE001-0214,ZWE001-0214,41,,Visit 2,1,Physical Examination,radio_group,Cardiovascular,Normal,,"Manginasi, Betty - 21/May/2026 12:27:58 PM CAT",,
7167,ZWE001-0214,ZWE001-0214,41,,Visit 2,1,Physical Examination,text_multi_line,Abnormal findings Description,,,",  ",,
7167,ZWE001-0214,ZWE001-0214,41,,Visit 2,1,Physical Examination,text_multi_line,"If not assessed, reasons",,,",  ",,
7167,ZWE001-0214,ZWE001-0214,41,,Visit 2,1,Physical Examination,radio_group,Genitourinary,Normal,,"Manginasi, Betty - 21/May/2026 12:27:59 PM CAT",,
7167,ZWE001-0214,ZWE001-0214,41,,Visit 2,1,Physical Examination,text_multi_line,Abnormal findings Description,,,",  ",,
7167,ZWE001-0214,ZWE001-0214,41,,Visit 2,1,Physical Examination,text_multi_line,"If not assessed, reasons",,,",  ",,
7167,ZWE001-0214,ZWE001-0214,41,,Visit 2,1,Physical Examination,radio_group,Musculoskeletal,Normal,,"Manginasi, Betty - 21/May/2026 12:28:00 PM CAT",,
7167,ZWE001-0214,ZWE001-0214,41,,Visit 2,1,Physical Examination,text_multi_line,Abnormal findings Description,,,",  ",,
7167,ZWE001-0214,ZWE001-0214,41,,Visit 2,1,Physical Examination,text_multi_line,"If not assessed, reasons",,,",  ",,
7167,ZWE001-0214,ZWE001-0214,41,,Visit 2,1,Physical Examination,radio_group,Chest,Normal,,"Manginasi, Betty - 21/May/2026 12:28:01 PM CAT",,
7167,ZWE001-0214,ZWE001-0214,41,,Visit 2,1,Physical Examination,text_multi_line,Abnormal findings Description,,,",  ",,
7167,ZWE001-0214,ZWE001-0214,41,,Visit 2,1,Physical Examination,text_multi_line,"If not assessed, reasons",,,",  ",,
7167,ZWE001-0214,ZWE001-0214,41,,Visit 2,1,Physical Examination,radio_group,Abdominal,Normal,,"Manginasi, Betty - 21/May/2026 12:28:02 PM CAT",,
7167,ZWE001-0214,ZWE001-0214,41,,Visit 2,1,Physical Examination,text_multi_line,Abnormal findings Description,,,",  ",,
7167,ZWE001-0214,ZWE001-0214,41,,Visit 2,1,Physical Examination,text_multi_line,"If not assessed, reasons",,,",  ",,
7167,ZWE001-0214,ZWE001-0214,41,,Visit 2,1,Physical Examination,radio_group,Limited neurological,Normal,,"Manginasi, Betty - 21/May/2026 12:28:03 PM CAT",,
7167,ZWE001-0214,ZWE001-0214,41,,Visit 2,1,Physical Examination,text_multi_line,Abnormal findings Description,,,",  ",,
7167,ZWE001-0214,ZWE001-0214,41,,Visit 2,1,Physical Examination,text_multi_line,"If not assessed, reasons",,,",  ",,
7167,ZWE001-0214,ZWE001-0214,41,,Visit 2,1,Physical Examination,radio_group,Extremities,Normal,,"Manginasi, Betty - 21/May/2026 12:28:04 PM CAT",,
7167,ZWE001-0214,ZWE001-0214,41,,Visit 2,1,Physical Examination,text_multi_line,Abnormal findings Description,,,",  ",,
7167,ZWE001-0214,ZWE001-0214,41,,Visit 2,1,Physical Examination,text_multi_line,"If not assessed, reasons",,,",  ",,
7167,ZWE001-0214,ZWE001-0214,41,,Visit 2,1,Physical Examination,radio_group,Lymph nodes,Normal,,"Manginasi, Betty - 21/May/2026 12:28:05 PM CAT",,
7167,ZWE001-0214,ZWE001-0214,41,,Visit 2,1,Physical Examination,text_multi_line,Abnormal findings Description,,,",  ",,
7167,ZWE001-0214,ZWE001-0214,41,,Visit 2,1,Physical Examination,text_multi_line,"If not assessed, reasons",,,",  ",,
7167,ZWE001-0214,ZWE001-0214,41,,Visit 2,1,Physical Examination,file_manager,File Upload,,,,,
7167,ZWE001-0214,ZWE001-0214,41,,Visit 2,1,Physical Examination,electronic_signature,Electronic Signature Lock Date/Time,21/May/2026 12:28:12 PM CAT,,"Manginasi, Betty - 21/May/2026 12:28:13 PM CAT",,
7167,ZWE001-0214,ZWE001-0214,41,,Visit 2,1,Follow-up visit,EOPE Follow-Up Visit Form ,,,,",  ",,
7167,ZWE001-0214,ZWE001-0214,41,,Visit 2,1,Follow-up visit,text_single_line,Initials,STM,,"Manginasi, Betty - 21/May/2026 12:22:05 PM CAT",,
7167,ZWE001-0214,ZWE001-0214,41,,Visit 2,1,Follow-up visit,date_time,Date of Visit,5/21/2026 12:22:00 ,,"Manginasi, Betty - 21/May/2026 12:22:05 PM CAT",,
7167,ZWE001-0214,ZWE001-0214,41,,Visit 2,1,Follow-up visit,numeric,Visit Number,2,,"Manginasi, Betty - 21/May/2026 12:22:08 PM CAT",,
7167,ZWE001-0214,ZWE001-0214,41,,Visit 2,1,Follow-up visit,radio_group,Health Status,Unchanged,,"Manginasi, Betty - 21/May/2026 12:22:08 PM CAT",,
7167,ZWE001-0214,ZWE001-0214,41,,Visit 2,1,Follow-up visit,text_single_line,Health Status Description,Clinically stable,,"Manginasi, Betty - 21/May/2026 12:22:13 PM CAT",,
7167,ZWE001-0214,ZWE001-0214,41,,Visit 2,1,Follow-up visit,radio_group,Laboratory Tests Conducted,Yes ,,"Manginasi, Betty - 21/May/2026 12:22:13 PM CAT",,
7167,ZWE001-0214,ZWE001-0214,41,,Visit 2,1,Follow-up visit,text_multi_line,Laboratory Tests Description,PROTOCOL BLOODS AND URINE,,"Manginasi, Betty - 21/May/2026 12:22:28 PM CAT",,
7167,ZWE001-0214,ZWE001-0214,41,,Visit 2,1,Follow-up visit,radio_group,Medication Changes,No,,"Manginasi, Betty - 21/May/2026 12:22:28 PM CAT",,
7167,ZWE001-0214,ZWE001-0214,41,,Visit 2,1,Follow-up visit,text_single_line,Medication Changes Description,,,",  ",,
7167,ZWE001-0214,ZWE001-0214,41,,Visit 2,1,Follow-up visit,radio_group,Adverse Events,No,,"Manginasi, Betty - 21/May/2026 12:22:30 PM CAT",,
7167,ZWE001-0214,ZWE001-0214,41,,Visit 2,1,Follow-up visit,text_multi_line,Adverse Events Description,,,",  ",,
7167,ZWE001-0214,ZWE001-0214,41,,Visit 2,1,Follow-up visit,radio_group,Compliance with Study Protocol,Yes ,,"Manginasi, Betty - 21/May/2026 12:22:32 PM CAT",,
7167,ZWE001-0214,ZWE001-0214,41,,Visit 2,1,Follow-up visit,text_multi_line,Compliance Description,GOOD,,"Manginasi, Betty - 21/May/2026 12:22:36 PM CAT",,
7167,ZWE001-0214,ZWE001-0214,41,,Visit 2,1,Follow-up visit,radio_group,Next Visit Scheduled,Yes,,"Manginasi, Betty - 21/May/2026 12:22:36 PM CAT",,
7167,ZWE001-0214,ZWE001-0214,41,,Visit 2,1,Follow-up visit,date_time,Date of Next Visit,5/28/2026 8:00:00 ,,"Manginasi, Betty - 21/May/2026 12:22:43 PM CAT",,
7167,ZWE001-0214,ZWE001-0214,41,,Visit 2,1,Follow-up visit,file_manager,File Upload,,,,,
7167,ZWE001-0214,ZWE001-0214,41,,Visit 2,1,Follow-up visit,electronic_signature,Electronic Signature Lock Date/Time,21/May/2026 12:22:47 PM CAT,,"Manginasi, Betty - 21/May/2026 12:22:47 PM CAT",,
7167,ZWE001-0214,ZWE001-0214,41,,Visit 2,1,Follow-up visit,electronic_signature,Electronic Signature Lock Date/Time,,,,,
7167,ZWE001-0214,ZWE001-0214,41,,Visit 2,1,Progress Notes,Progress notes,,,,",  ",,
7167,ZWE001-0214,ZWE001-0214,41,,Visit 2,1,Progress Notes,yes_no,Were there any Progress Notes captured during the visit?,Yes,,"Manginasi, Betty - 21/May/2026 12:17:42 PM CAT",,
7167,ZWE001-0214,ZWE001-0214,41,,Visit 2,1,Progress Notes,input_list,,,,",  ",,
7167,ZWE001-0214,ZWE001-0214,41,,Visit 2,1,Progress Notes,date_time,Date of Note,"#1 - s:19:""5/21/2026 12:17:00 "";",,"Manginasi, Betty - 21/May/2026 12:17:45 PM CAT",,
7167,ZWE001-0214,ZWE001-0214,41,,Visit 2,1,Progress Notes,text_multi_line,Note:,"#1 - s:402:""40/F participant

P2+1G4

Follow up visit V02

 

SUBJECTIVE

No complains today

No visual disturbances, no reduced urine output.

no headache, no visual disturbance or epigastric pain.

 

 

OBJECTIVE

Vital Signs Bp  127/86

Clinically stable

 

Clinical Assessment

NO Suspected Signs of  PE

Adverse Events:

None

 

PLAN

Next Study Visit

28 MAY 2026"";",,"Manginasi, Betty - 21/May/2026 12:27:21 PM CAT",,
7167,ZWE001-0214,ZWE001-0214,41,,Visit 2,1,Progress Notes,electronic_signature,Electronic Signature Lock Date/Time,,,",  ",,
7167,ZWE001-0214,ZWE001-0214,41,,Visit 2,1,Progress Notes,electronic_signature,Electronic Signature Lock Date/Time,,,",  ",,
7167,ZWE001-0214,ZWE001-0214,41,,Visit 2,1,Progress Notes,file_manager,File Upload,#1 - ZWE001-0214 SCAN.pdf,,",  ",,
7167,ZWE001-0214,ZWE001-0214,41,,Visit 2,1,Progress Notes,camera,Camera Photo,#1 - ZWE001-0214 SCAN.pdf,,",  ",,
7167,ZWE001-0214,ZWE001-0214,41,,Visit 2,1,Sonographic Data,EOPE Sonographic 2,,,,",  ",,
7167,ZWE001-0214,ZWE001-0214,41,,Visit 2,1,Sonographic Data,input_list,,,,",  ",,
7167,ZWE001-0214,ZWE001-0214,41,,Visit 2,1,Sonographic Data,yes_no,Has Ultrasound scan (USS) done since last visit?,# - Yes,,"Manginasi, Betty - 21/May/2026 12:08:56 PM CAT",,
7167,ZWE001-0214,ZWE001-0214,41,,Visit 2,1,Sonographic Data,date_time,Scan date,"#1 - s:19:""5/19/2026 00:00:00 "";",,"Manginasi, Betty - 21/May/2026 12:09:23 PM CAT",,
7167,ZWE001-0214,ZWE001-0214,41,,Visit 2,1,Sonographic Data,numeric,Ulrasound EGA,"#1 - s:2:""31"";",,"Manginasi, Betty - 21/May/2026 12:09:33 PM CAT",,
7167,ZWE001-0214,ZWE001-0214,41,,Visit 2,1,Sonographic Data,numeric,US Fetal Weight,,,",  ",,
7167,ZWE001-0214,ZWE001-0214,41,,Visit 2,1,Sonographic Data,radio_group,Estimated US Fetal Weight,"#1 - s:12:""Not assessed"";",,"Manginasi, Betty - 21/May/2026 12:10:19 PM CAT",,
7167,ZWE001-0214,ZWE001-0214,41,,Visit 2,1,Sonographic Data,yes_no,Ultrasound Presentation,# - Yes,,"Manginasi, Betty - 21/May/2026 12:10:23 PM CAT",,
7167,ZWE001-0214,ZWE001-0214,41,,Visit 2,1,Sonographic Data,yes_no,Ultrasound anomalies,# - No,,"Manginasi, Betty - 21/May/2026 12:10:37 PM CAT",,
7167,ZWE001-0214,ZWE001-0214,41,,Visit 2,1,Sonographic Data,text_multi_line,Provide a description,,,",  ",,
7167,ZWE001-0214,ZWE001-0214,41,,Visit 2,1,Sonographic Data,yes_no,Do you have any pregnancy complications?,# - No,,"Manginasi, Betty - 21/May/2026 12:10:38 PM CAT",,
7167,ZWE001-0214,ZWE001-0214,41,,Visit 2,1,Sonographic Data,radio_group,Fetal movement,"#1 - s:6:""Normal"";",,"Manginasi, Betty - 21/May/2026 12:10:43 PM CAT",,
7167,ZWE001-0214,ZWE001-0214,41,,Visit 2,1,Sonographic Data,text_multi_line,Comment if Reduced/Absent,,,",  ",,
7167,ZWE001-0214,ZWE001-0214,41,,Visit 2,1,Sonographic Data,numeric,Fetal heart rate,"#1 - s:3:""140"";",,"Manginasi, Betty - 21/May/2026 12:10:51 PM CAT",,
7167,ZWE001-0214,ZWE001-0214,41,,Visit 2,1,Sonographic Data,radio_group,Amniotic fluid volume,,,",  ",,
7167,ZWE001-0214,ZWE001-0214,41,,Visit 2,1,Sonographic Data,text_multi_line,Comment if Low/High,,,",  ",,
7167,ZWE001-0214,ZWE001-0214,41,,Visit 2,1,Sonographic Data,radio_group,Placenta position,"#1 - s:6:""Normal"";",,"Manginasi, Betty - 21/May/2026 12:10:52 PM CAT",,
7167,ZWE001-0214,ZWE001-0214,41,,Visit 2,1,Sonographic Data,text_multi_line,Comment if Low lying/Previa,,,",  ",,
7167,ZWE001-0214,ZWE001-0214,41,,Visit 2,1,Sonographic Data,numeric,Cervical length,,,",  ",,
7167,ZWE001-0214,ZWE001-0214,41,,Visit 2,1,Sonographic Data,text_multi_line,Comments: (Provide any relevant information),"#1 - s:36:""FETAL GROWTH IS WITHIN NORMAL LIMITS"";",,"Manginasi, Betty - 21/May/2026 12:12:01 PM CAT",,
7167,ZWE001-0214,ZWE001-0214,41,,Visit 2,1,Sonographic Data,file_manager,Scan Upload,"#1 - ZWE001-0214 SCAN.pdf, #2 - ZWE001-0214.pdf",,"Manginasi, Betty - 21/May/2026 12:17:23 PM CAT",,
7167,ZWE001-0214,ZWE001-0214,41,,Visit 2,1,Sonographic Data,electronic_signature,Electronic Signature Lock Date/Time,21/May/2026 12:12:04 PM CAT,,"Manginasi, Betty - 21/May/2026 12:12:05 PM CAT",,
7167,ZWE001-0214,ZWE001-0214,41,,Visit 2,1,Sonographic Data,electronic_signature,Electronic Signature Lock Date/Time,,,,,
7167,ZWE001-0214,ZWE001-0214,41,,Visit 2,1,Pregnancy Assessment,LOPE Pregnancy assessment,,,,",  ",,
7167,ZWE001-0214,ZWE001-0214,41,,Visit 2,1,Pregnancy Assessment,yes_no,Was pregnancy assessment done?,Yes,,"Manginasi, Betty - 21/May/2026 12:04:55 PM CAT",,
7167,ZWE001-0214,ZWE001-0214,41,,Visit 2,1,Pregnancy Assessment,date_time,Date of first USS,5/21/2026 12:04:00 ,,"Manginasi, Betty - 21/May/2026 12:04:56 PM CAT",,
7167,ZWE001-0214,ZWE001-0214,41,,Visit 2,1,Pregnancy Assessment,numeric,Gestational Age on first USS,15,,"Manginasi, Betty - 21/May/2026 12:05:27 PM CAT",,
7167,ZWE001-0214,ZWE001-0214,41,,Visit 2,1,Pregnancy Assessment,numeric,Gestational Age on first USS,3,,"Manginasi, Betty - 21/May/2026 12:05:34 PM CAT",,
7167,ZWE001-0214,ZWE001-0214,41,,Visit 2,1,Pregnancy Assessment,numeric,Current Gestational Age  (calculated using first USS),31,,"Manginasi, Betty - 21/May/2026 12:08:44 PM CAT",,
7167,ZWE001-0214,ZWE001-0214,41,,Visit 2,1,Pregnancy Assessment,numeric,Current Gestational Age  (calculated using first USS),5,,"Manginasi, Betty - 21/May/2026 12:08:46 PM CAT",,
7167,ZWE001-0214,ZWE001-0214,41,,Visit 2,1,Pregnancy Assessment,text_multi_line,Comments,,,",  ",,
7167,ZWE001-0214,ZWE001-0214,41,,Visit 2,1,Pregnancy Assessment,file_manager,File Upload,,,,,
7167,ZWE001-0214,ZWE001-0214,41,,Visit 2,1,Pregnancy Assessment,electronic_signature,Electronic Signature Lock Date/Time,21/May/2026 12:08:51 PM CAT,,"Manginasi, Betty - 21/May/2026 12:08:52 PM CAT",,
7167,ZWE001-0214,ZWE001-0214,41,,Visit 2,1,Pregnancy Assessment,electronic_signature,Electronic Signature Lock Date/Time,,,,,
7167,ZWE001-0214,ZWE001-0214,41,,Visit 2,1,Pregnancy Outcome,EOPE Pregnancy Outcome,,,,",  ",,
7167,ZWE001-0214,ZWE001-0214,41,,Visit 2,1,Pregnancy Outcome,radio_group,Pregnancy outcome,Ongoing,,"Manginasi, Betty - 21/May/2026 12:04:33 PM CAT",,
7167,ZWE001-0214,ZWE001-0214,41,,Visit 2,1,Pregnancy Outcome,date_time,"If completed, Date of delivery",,,,,
7167,ZWE001-0214,ZWE001-0214,41,,Visit 2,1,Pregnancy Outcome,date_time,"If ongoing, expected date of delivery",7/18/2026 00:00:00 ,,"Manginasi, Betty - 21/May/2026 12:04:46 PM CAT",,
7167,ZWE001-0214,ZWE001-0214,41,,Visit 2,1,Pregnancy Outcome,file_manager,File Upload,,,,,
7167,ZWE001-0214,ZWE001-0214,41,,Visit 2,1,Maternal Death,Maternal Death,,,,",  ",,
7167,ZWE001-0214,ZWE001-0214,41,,Visit 2,1,Maternal Death,yes_no,Maternal Death?,No,,"Manginasi, Betty - 21/May/2026 12:04:28 PM CAT",Custom,MD_MATDTH
7167,ZWE001-0214,ZWE001-0214,41,,Visit 2,1,Maternal Death,date_time,"If Yes, Date of death",,,,Custom,MD_MATDTHDAT
7167,ZWE001-0214,ZWE001-0214,41,,Visit 2,1,Maternal Death,file_manager,File Upload,,,,,
7167,ZWE001-0214,ZWE001-0214,41,,Visit 2,1,Visit Date,EOPE Type of Visit,,,,",  ",,
7167,ZWE001-0214,ZWE001-0214,41,,Visit 2,1,Visit Date,yes_no,Was visit performed?,Yes,,"Karenje, Gashirai - 21/May/2026 10:17:03 AM CAT",,
7167,ZWE001-0214,ZWE001-0214,41,,Visit 2,1,Visit Date,date_time,Date of the visit:,5/21/2026 00:00:00 ,,"Karenje, Gashirai - 21/May/2026 10:17:07 AM CAT",,
7167,ZWE001-0214,ZWE001-0214,41,,Visit 2,1,Visit Date,radio_group,"Type of Visit (Clinic, Hospital, home)",Hospital,,"Karenje, Gashirai - 21/May/2026 10:17:14 AM CAT",,
7167,ZWE001-0214,ZWE001-0214,41,,Visit 2,1,Visit Date,radio_group,Reason for not performing visit,,,",  ",,
7167,ZWE001-0214,ZWE001-0214,41,,Visit 2,1,Visit Date,electronic_signature,Electronic Signature Lock Date/Time,21/May/2026 10:17:19 AM CAT,,"Karenje, Gashirai - 21/May/2026 10:17:20 AM CAT",,
7167,ZWE001-0214,ZWE001-0214,41,,Visit 2,1,Health Economics Form,EOPE Health Economics Study Adult Baseline,,,,",  ",,
7167,ZWE001-0214,ZWE001-0214,41,,Visit 2,1,Health Economics Form,yes_no,"1. Has any of the basic information changed eg. Place of residence, Number of dependents?",,,,,
7167,ZWE001-0214,ZWE001-0214,41,,Visit 2,1,Health Economics Form,date_time,"2. If yes, when did the change happen",,,,,
7167,ZWE001-0214,ZWE001-0214,41,,Visit 2,1,Health Economics Form,radio_group,3. Is your household,,,",  ",,
7167,ZWE001-0214,ZWE001-0214,41,,Visit 2,1,Health Economics Form,text_single_line,"Other, specify",,,",  ",,
7167,ZWE001-0214,ZWE001-0214,41,,Visit 2,1,Health Economics Form,text_single_line,4. In what town do you do most of your shopping?,,,",  ",,
7167,ZWE001-0214,ZWE001-0214,41,,Visit 2,1,Health Economics Form,numeric,5. How far do you have to travel to reach this town?,,,",  ",,
7167,ZWE001-0214,ZWE001-0214,41,,Visit 2,1,Health Economics Form,numeric,6. How long does it take you to travel there?,,,",  ",,
7167,ZWE001-0214,ZWE001-0214,41,,Visit 2,1,Health Economics Form,radio_group,7. How do you normally travel to the town?,,,",  ",,
7167,ZWE001-0214,ZWE001-0214,41,,Visit 2,1,Health Economics Form,text_single_line,"Other, specify",,,",  ",,
7167,ZWE001-0214,ZWE001-0214,41,,Visit 2,1,Health Economics Form,yes_no,8. Where you given any follow-up appointments since your last visit?,,,,,
7167,ZWE001-0214,ZWE001-0214,41,,Visit 2,1,Health Economics Form,yes_no,"9. If yes, did you always go to your appointments (for this pregnancy)?",,,,,
7167,ZWE001-0214,ZWE001-0214,41,,Visit 2,1,Health Economics Form,checklist,10. If answer is NO; what is the main reason for missing your appointment?,,,",  ",,
7167,ZWE001-0214,ZWE001-0214,41,,Visit 2,1,Health Economics Form,yes_no,11. Has any of the following information changed since your last visit? Highest education level,,,,,
7167,ZWE001-0214,ZWE001-0214,41,,Visit 2,1,Health Economics Form,date_time,"12. If yes, when did the change happen?",,,,,
7167,ZWE001-0214,ZWE001-0214,41,,Visit 2,1,Health Economics Form,text_single_line,"Other, specify",,,",  ",,
7167,ZWE001-0214,ZWE001-0214,41,,Visit 2,1,Health Economics Form,yes_no,12. Where you given any follow-up appointments for following your initial visit?,,,,,
7167,ZWE001-0214,ZWE001-0214,41,,Visit 2,1,Health Economics Form,checklist,13. What is your highest education level:,,,",  ",,
7167,ZWE001-0214,ZWE001-0214,41,,Visit 2,1,Health Economics Form,yes_no,14. Has any of the following information changed since your last visit? Source of Income,,,,,
7167,ZWE001-0214,ZWE001-0214,41,,Visit 2,1,Health Economics Form,date_time,"15. If yes, when did the change happen?",,,,,
7167,ZWE001-0214,ZWE001-0214,41,,Visit 2,1,Health Economics Form,checklist,16. What is your primary source of Income,,,",  ",,
7167,ZWE001-0214,ZWE001-0214,41,,Visit 2,1,Health Economics Form,text_single_line,"Other, specify",,,",  ",,
7167,ZWE001-0214,ZWE001-0214,41,,Visit 2,1,Health Economics Form,checklist,17. Employment Type,,,",  ",,
7167,ZWE001-0214,ZWE001-0214,41,,Visit 2,1,Health Economics Form,text_single_line,"Other, specify",,,",  ",,
7167,ZWE001-0214,ZWE001-0214,41,,Visit 2,1,Health Economics Form,numeric,18.How many hours per day do you do that job/activity?,,,",  ",,
7167,ZWE001-0214,ZWE001-0214,41,,Visit 2,1,Health Economics Form,checklist,19. Best description of industry where you are employed,,,",  ",,
7167,ZWE001-0214,ZWE001-0214,41,,Visit 2,1,Health Economics Form,checklist,20. What is your average income per month?,,,",  ",,
7167,ZWE001-0214,ZWE001-0214,41,,Visit 2,1,Health Economics Form,numeric,21. How many dependents are dependent on your income?,,,",  ",,
7167,ZWE001-0214,ZWE001-0214,41,,Visit 2,1,Health Economics Form,yes_no,22. Do you have other sources of income?,,,,,
7167,ZWE001-0214,ZWE001-0214,41,,Visit 2,1,Health Economics Form,numeric,23. What was the total amount of income you received per month doing your secondary job/activity?,,,",  ",,
7167,ZWE001-0214,ZWE001-0214,41,,Visit 2,1,Health Economics Form,radio_group,24. Were you the person who earned the highest income in your household?,,,",  ",,
7167,ZWE001-0214,ZWE001-0214,41,,Visit 2,1,Health Economics Form,text_single_line,"Other, specify",,,",  ",,
7167,ZWE001-0214,ZWE001-0214,41,,Visit 2,1,Health Economics Form,yes_no,25. Have any of your living conditions changed since your last visit?,,,,,
7167,ZWE001-0214,ZWE001-0214,41,,Visit 2,1,Health Economics Form,date_time,"26. If yes, when did the change occur?",,,,,
7167,ZWE001-0214,ZWE001-0214,41,,Visit 2,1,Health Economics Form,checklist,27. What type of residence do you primarily live in?,,,",  ",,
7167,ZWE001-0214,ZWE001-0214,41,,Visit 2,1,Health Economics Form,text_single_line,"Other, specify",,,",  ",,
7167,ZWE001-0214,ZWE001-0214,41,,Visit 2,1,Health Economics Form,checklist,28. Who owns this residence?,,,",  ",,
7167,ZWE001-0214,ZWE001-0214,41,,Visit 2,1,Health Economics Form,text_single_line,"Other, specify",,,",  ",,
7167,ZWE001-0214,ZWE001-0214,41,,Visit 2,1,Health Economics Form,checklist,29. What is your usual main source of drinking water at your place of residence?,,,",  ",,
7167,ZWE001-0214,ZWE001-0214,41,,Visit 2,1,Health Economics Form,text_single_line,"Other, specify",,,",  ",,
7167,ZWE001-0214,ZWE001-0214,41,,Visit 2,1,Health Economics Form,checklist,"30. Does your house have a toilet that is used by people who live in the household only, or do you share the toilet with people from other households?",,,",  ",,
7167,ZWE001-0214,ZWE001-0214,41,,Visit 2,1,Health Economics Form,checklist,31. What kind of toilet facilities do you have?,,,",  ",,
7167,ZWE001-0214,ZWE001-0214,41,,Visit 2,1,Health Economics Form,text_single_line,"Other, specify",,,",  ",,
7167,ZWE001-0214,ZWE001-0214,41,,Visit 2,1,Health Economics Form,yes_no,32. Does your household have electricity?,,,,,
7167,ZWE001-0214,ZWE001-0214,41,,Visit 2,1,Health Economics Form,yes_no,33. Does your household have television?,,,,,
7167,ZWE001-0214,ZWE001-0214,41,,Visit 2,1,Health Economics Form,yes_no,34. Does someone in your household have radio?,,,,,
7167,ZWE001-0214,ZWE001-0214,41,,Visit 2,1,Health Economics Form,yes_no,35. Does someone in your household have a cellphone?,,,,,
7167,ZWE001-0214,ZWE001-0214,41,,Visit 2,1,Health Economics Form,yes_no,36. Does someone in your household have a computer?,,,,,
7167,ZWE001-0214,ZWE001-0214,41,,Visit 2,1,Health Economics Form,yes_no,37. Does someone in your household have a bicycle?,,,,,
7167,ZWE001-0214,ZWE001-0214,41,,Visit 2,1,Health Economics Form,yes_no,38. Does someone in your household have a motorcycle?,,,,,
7167,ZWE001-0214,ZWE001-0214,41,,Visit 2,1,Health Economics Form,yes_no,39. Does someone in your household have a car?,,,,,
7167,ZWE001-0214,ZWE001-0214,41,,Visit 2,1,Health Economics Form,yes_no,40. Do you have a bank account?,,,,,
7167,ZWE001-0214,ZWE001-0214,41,,Visit 2,1,Health Economics Form,yes_no,41. Do you use mobile banking or mobile payment applications?,,,,,
7167,ZWE001-0214,ZWE001-0214,41,,Visit 2,1,Health Economics Form,checklist,"42. Does your household have any of the following pieces of furniture? (e.g. wardrobe, lounge suite, bed, couch, chair) Check all that apply",,,",  ",,
7167,ZWE001-0214,ZWE001-0214,41,,Visit 2,1,Health Economics Form,text_single_line,"Other, specify",,,",  ",,
7167,ZWE001-0214,ZWE001-0214,41,,Visit 2,1,Health Economics Form,yes_no,43. Does your household own farm animals,,,,,
7167,ZWE001-0214,ZWE001-0214,41,,Visit 2,1,Health Economics Form,checklist,"44. If yes, which farm animals does your household have?",,,",  ",,
7167,ZWE001-0214,ZWE001-0214,41,,Visit 2,1,Health Economics Form,text_single_line,"Other, specify",,,",  ",,
7167,ZWE001-0214,ZWE001-0214,41,,Visit 2,1,Health Economics Form,numeric,45. How many rooms are there in the house excluding the,,,",  ",,
7167,ZWE001-0214,ZWE001-0214,41,,Visit 2,1,Health Economics Form,numeric,46. How many adults (persons over 18 years old) living in the household?,,,",  ",,
7167,ZWE001-0214,ZWE001-0214,41,,Visit 2,1,Health Economics Form,numeric,47. How many children (persons under 18 years old) living in the household?,,,",  ",,
7167,ZWE001-0214,ZWE001-0214,41,,Visit 2,1,Health Economics Form,numeric,a. Number of antenatal visits:,,,",  ",,
7167,ZWE001-0214,ZWE001-0214,41,,Visit 2,1,Health Economics Form,numeric,b. Number of hospital admissions:,,,",  ",,
7167,ZWE001-0214,ZWE001-0214,41,,Visit 2,1,Health Economics Form,numeric,c. Number of emergency visits:,,,",  ",,
7167,ZWE001-0214,ZWE001-0214,41,,Visit 2,1,Health Economics Form,numeric,d. Number of medicine pick-up,,,",  ",,
7167,ZWE001-0214,ZWE001-0214,41,,Visit 2,1,Health Economics Form,numeric,e. Number of visits for tests,,,",  ",,
7167,ZWE001-0214,ZWE001-0214,41,,Visit 2,1,Health Economics Form,numeric,"f. Other type of visits, specify name and number",,,",  ",,
7167,ZWE001-0214,ZWE001-0214,41,,Visit 2,1,Health Economics Form,numeric,Antenatal visit Days,,,",  ",,
7167,ZWE001-0214,ZWE001-0214,41,,Visit 2,1,Health Economics Form,numeric,Antenatal visit Hours,,,",  ",,
7167,ZWE001-0214,ZWE001-0214,41,,Visit 2,1,Health Economics Form,numeric,Antenatal visit Minutes,,,",  ",,
7167,ZWE001-0214,ZWE001-0214,41,,Visit 2,1,Health Economics Form,numeric,Hospital admission Days,,,",  ",,
7167,ZWE001-0214,ZWE001-0214,41,,Visit 2,1,Health Economics Form,numeric,Hospital admission Hours,,,",  ",,
7167,ZWE001-0214,ZWE001-0214,41,,Visit 2,1,Health Economics Form,numeric,Hospital admission Minutes,,,",  ",,
7167,ZWE001-0214,ZWE001-0214,41,,Visit 2,1,Health Economics Form,numeric,Emergency Days,,,",  ",,
7167,ZWE001-0214,ZWE001-0214,41,,Visit 2,1,Health Economics Form,numeric,Emergency Hours,,,",  ",,
7167,ZWE001-0214,ZWE001-0214,41,,Visit 2,1,Health Economics Form,numeric,Emergency Minutes,,,",  ",,
7167,ZWE001-0214,ZWE001-0214,41,,Visit 2,1,Health Economics Form,numeric,Medicine pick-up Days,,,",  ",,
7167,ZWE001-0214,ZWE001-0214,41,,Visit 2,1,Health Economics Form,numeric,Medicine pick-up Hours,,,",  ",,
7167,ZWE001-0214,ZWE001-0214,41,,Visit 2,1,Health Economics Form,numeric,Medicine pick-up Minutes,,,",  ",,
7167,ZWE001-0214,ZWE001-0214,41,,Visit 2,1,Health Economics Form,numeric,Tests Days,,,",  ",,
7167,ZWE001-0214,ZWE001-0214,41,,Visit 2,1,Health Economics Form,numeric,Tests Hours,,,",  ",,
7167,ZWE001-0214,ZWE001-0214,41,,Visit 2,1,Health Economics Form,numeric,Tests Minutes,,,",  ",,
7167,ZWE001-0214,ZWE001-0214,41,,Visit 2,1,Health Economics Form,text_single_line,Other Name,,,",  ",,
7167,ZWE001-0214,ZWE001-0214,41,,Visit 2,1,Health Economics Form,numeric,Other Days,,,",  ",,
7167,ZWE001-0214,ZWE001-0214,41,,Visit 2,1,Health Economics Form,numeric,Other Hours,,,",  ",,
7167,ZWE001-0214,ZWE001-0214,41,,Visit 2,1,Health Economics Form,numeric,Other Minutes,,,",  ",,
7167,ZWE001-0214,ZWE001-0214,41,,Visit 2,1,Health Economics Form,numeric,Antenatal visit Days,,,",  ",,
7167,ZWE001-0214,ZWE001-0214,41,,Visit 2,1,Health Economics Form,numeric,Antenatal visit Hours,,,",  ",,
7167,ZWE001-0214,ZWE001-0214,41,,Visit 2,1,Health Economics Form,numeric,Antenatal visit Minutes,,,",  ",,
7167,ZWE001-0214,ZWE001-0214,41,,Visit 2,1,Health Economics Form,numeric,Hospital admission Days,,,",  ",,
7167,ZWE001-0214,ZWE001-0214,41,,Visit 2,1,Health Economics Form,numeric,Hospital admission Hours,,,",  ",,
7167,ZWE001-0214,ZWE001-0214,41,,Visit 2,1,Health Economics Form,numeric,Hospital admission Minutes,,,",  ",,
7167,ZWE001-0214,ZWE001-0214,41,,Visit 2,1,Health Economics Form,numeric,Emergency Days,,,",  ",,
7167,ZWE001-0214,ZWE001-0214,41,,Visit 2,1,Health Economics Form,numeric,Emergency Hours,,,",  ",,
7167,ZWE001-0214,ZWE001-0214,41,,Visit 2,1,Health Economics Form,numeric,Emergency Minutes,,,",  ",,
7167,ZWE001-0214,ZWE001-0214,41,,Visit 2,1,Health Economics Form,numeric,Medicine pick-up Days,,,",  ",,
7167,ZWE001-0214,ZWE001-0214,41,,Visit 2,1,Health Economics Form,numeric,Medicine pick-up Hours,,,",  ",,
7167,ZWE001-0214,ZWE001-0214,41,,Visit 2,1,Health Economics Form,numeric,Medicine pick-up Minutes,,,",  ",,
7167,ZWE001-0214,ZWE001-0214,41,,Visit 2,1,Health Economics Form,numeric,Tests pick-up Days,,,",  ",,
7167,ZWE001-0214,ZWE001-0214,41,,Visit 2,1,Health Economics Form,numeric,Tests pick-up Hours,,,",  ",,
7167,ZWE001-0214,ZWE001-0214,41,,Visit 2,1,Health Economics Form,numeric,Tests pick-up Minutes,,,",  ",,
7167,ZWE001-0214,ZWE001-0214,41,,Visit 2,1,Health Economics Form,text_single_line,Other Name,,,",  ",,
7167,ZWE001-0214,ZWE001-0214,41,,Visit 2,1,Health Economics Form,numeric,Other Days,,,",  ",,
7167,ZWE001-0214,ZWE001-0214,41,,Visit 2,1,Health Economics Form,numeric,Other Hours,,,",  ",,
7167,ZWE001-0214,ZWE001-0214,41,,Visit 2,1,Health Economics Form,numeric,Other Minutes,,,",  ",,
7167,ZWE001-0214,ZWE001-0214,41,,Visit 2,1,Health Economics Form,numeric,a. Average Consultation Fees:,,,",  ",,
7167,ZWE001-0214,ZWE001-0214,41,,Visit 2,1,Health Economics Form,numeric,b. Average fees paid per emergency visits,,,",  ",,
7167,ZWE001-0214,ZWE001-0214,41,,Visit 2,1,Health Economics Form,numeric,c. Average fees per hospital admission,,,",  ",,
7167,ZWE001-0214,ZWE001-0214,41,,Visit 2,1,Health Economics Form,text_multi_line,"i. list of medications (includes supplements),",,,",  ",,
7167,ZWE001-0214,ZWE001-0214,41,,Visit 2,1,Health Economics Form,text_multi_line,ii. dosage,,,",  ",,
7167,ZWE001-0214,ZWE001-0214,41,,Visit 2,1,Health Economics Form,text_multi_line,"iii. unit of medicine,",,,",  ",,
7167,ZWE001-0214,ZWE001-0214,41,,Visit 2,1,Health Economics Form,text_multi_line,iv. frequency of uptake and,,,",  ",,
7167,ZWE001-0214,ZWE001-0214,41,,Visit 2,1,Health Economics Form,date_time,v. start date,,,,,
7167,ZWE001-0214,ZWE001-0214,41,,Visit 2,1,Health Economics Form,date_time,vi. stop dates,,,,,
7167,ZWE001-0214,ZWE001-0214,41,,Visit 2,1,Health Economics Form,numeric,vii. Cost,,,",  ",,
7167,ZWE001-0214,ZWE001-0214,41,,Visit 2,1,Health Economics Form,numeric,a. Number of Blood tests taken,,,",  ",,
7167,ZWE001-0214,ZWE001-0214,41,,Visit 2,1,Health Economics Form,numeric,Cost of Blood tests per test,,,",  ",,
7167,ZWE001-0214,ZWE001-0214,41,,Visit 2,1,Health Economics Form,numeric,b. Number of Urine Tests taken,,,",  ",,
7167,ZWE001-0214,ZWE001-0214,41,,Visit 2,1,Health Economics Form,numeric,Cost of Urine Tests per test,,,",  ",,
7167,ZWE001-0214,ZWE001-0214,41,,Visit 2,1,Health Economics Form,numeric,"c. Number of Imaging if any eg Xray, MRI, Ultrasound, CT) taken",,,",  ",,
7167,ZWE001-0214,ZWE001-0214,41,,Visit 2,1,Health Economics Form,numeric,"Cost of Imaging if any eg Xray, MRI, Ultrasound, CT) per test",,,",  ",,
7167,ZWE001-0214,ZWE001-0214,41,,Visit 2,1,Health Economics Form,text_single_line,Other test taken? Name -,,,",  ",,
7167,ZWE001-0214,ZWE001-0214,41,,Visit 2,1,Health Economics Form,numeric,d. Number of Other test taken,,,",  ",,
7167,ZWE001-0214,ZWE001-0214,41,,Visit 2,1,Health Economics Form,numeric,Cost of Other per test,,,",  ",,
7167,ZWE001-0214,ZWE001-0214,41,,Visit 2,1,Health Economics Form,numeric,Average travel to and from facility,,,",  ",,
7167,ZWE001-0214,ZWE001-0214,41,,Visit 2,1,Health Economics Form,numeric,Average travel to and from facility,,,",  ",,
7167,ZWE001-0214,ZWE001-0214,41,,Visit 2,1,Health Economics Form,yes_no,55. Where you accompanied on any of your visits?,,,,,
7167,ZWE001-0214,ZWE001-0214,41,,Visit 2,1,Health Economics Form,numeric,"56. If yes, how many people accompanied you?",,,",  ",,
7167,ZWE001-0214,ZWE001-0214,41,,Visit 2,1,Health Economics Form,numeric,"57. On average, how much did you pay in total to travel to and from the facility, for both yourself and any accompanying guardian/household member?",,,",  ",,
7167,ZWE001-0214,ZWE001-0214,41,,Visit 2,1,Health Economics Form,numeric,"58. On average, how much did you pay for food, if any for both yourself and any accompanying guardian/household member (if relevant)?",,,",  ",,
7167,ZWE001-0214,ZWE001-0214,41,,Visit 2,1,Health Economics Form,numeric,a. Accommodation costs,,,",  ",,
7167,ZWE001-0214,ZWE001-0214,41,,Visit 2,1,Health Economics Form,numeric,b. Other caregivers who supported you during this time,,,",  ",,
7167,ZWE001-0214,ZWE001-0214,41,,Visit 2,1,Health Economics Form,numeric,c. Communication costs (phone calls/data costs),,,",  ",,
7167,ZWE001-0214,ZWE001-0214,41,,Visit 2,1,Health Economics Form,numeric,d. Traditional/alternative treatment costs,,,",  ",,
7167,ZWE001-0214,ZWE001-0214,41,,Visit 2,1,Health Economics Form,yes_no,e. Other expenses?,,,,,
7167,ZWE001-0214,ZWE001-0214,41,,Visit 2,1,Health Economics Form,text_single_line,e. Other expenses name,,,",  ",,
7167,ZWE001-0214,ZWE001-0214,41,,Visit 2,1,Health Economics Form,numeric,e. Other expenses cost,,,",  ",,
7167,ZWE001-0214,ZWE001-0214,41,,Visit 2,1,Health Economics Form,yes_no,60. Did you lose any income generating working days as a result of the visits?,,,,,
7167,ZWE001-0214,ZWE001-0214,41,,Visit 2,1,Health Economics Form,numeric,"61. On average, how many income earning days did you lose?",,,",  ",,
7167,ZWE001-0214,ZWE001-0214,41,,Visit 2,1,Health Economics Form,numeric,"62. Approximately, how much income did you lose?",,,",  ",,
7167,ZWE001-0214,ZWE001-0214,41,,Visit 2,1,Health Economics Form,yes_no,"63. If Answer to 55 is yes then, do you know how much of their income they lost when they accompanied you?",,,,,
7167,ZWE001-0214,ZWE001-0214,41,,Visit 2,1,Health Economics Form,yes_no,Indicate if income was lost on,,,,,
7167,ZWE001-0214,ZWE001-0214,41,,Visit 2,1,Health Economics Form,numeric,Average Number of income earning days lost on,,,",  ",,
7167,ZWE001-0214,ZWE001-0214,41,,Visit 2,1,Health Economics Form,numeric,Total income lost on,,,",  ",,
7167,ZWE001-0214,ZWE001-0214,41,,Visit 2,1,Health Economics Form,yes_no,Indicate if you know whether they lost income on,,,,,
7167,ZWE001-0214,ZWE001-0214,41,,Visit 2,1,Health Economics Form,numeric,Income lost by accompanying person on,,,",  ",,
7167,ZWE001-0214,ZWE001-0214,41,,Visit 2,1,Health Economics Form,yes_no,Indicate if income was lost on,,,,,
7167,ZWE001-0214,ZWE001-0214,41,,Visit 2,1,Health Economics Form,numeric,Average Number of income earning days lost,,,",  ",,
7167,ZWE001-0214,ZWE001-0214,41,,Visit 2,1,Health Economics Form,numeric,Total income lost,,,",  ",,
7167,ZWE001-0214,ZWE001-0214,41,,Visit 2,1,Health Economics Form,yes_no,Indicate if you know whether they lost income on,,,,,
7167,ZWE001-0214,ZWE001-0214,41,,Visit 2,1,Health Economics Form,numeric,Income lost by accompanying person,,,",  ",,
7167,ZWE001-0214,ZWE001-0214,41,,Visit 2,1,Health Economics Form,yes_no,Indicate if income was lost on,,,,,
7167,ZWE001-0214,ZWE001-0214,41,,Visit 2,1,Health Economics Form,numeric,Average Number of income earning days lost,,,",  ",,
7167,ZWE001-0214,ZWE001-0214,41,,Visit 2,1,Health Economics Form,numeric,Total income lost,,,",  ",,
7167,ZWE001-0214,ZWE001-0214,41,,Visit 2,1,Health Economics Form,yes_no,Indicate if you know whether they lost income on,,,,,
7167,ZWE001-0214,ZWE001-0214,41,,Visit 2,1,Health Economics Form,numeric,Income lost by accompanying person,,,",  ",,
7167,ZWE001-0214,ZWE001-0214,41,,Visit 2,1,Health Economics Form,yes_no,Indicate if income was lost on,,,,,
7167,ZWE001-0214,ZWE001-0214,41,,Visit 2,1,Health Economics Form,numeric,Average Number of income earning days lost,,,",  ",,
7167,ZWE001-0214,ZWE001-0214,41,,Visit 2,1,Health Economics Form,numeric,Total income lost,,,",  ",,
7167,ZWE001-0214,ZWE001-0214,41,,Visit 2,1,Health Economics Form,yes_no,Indicate if you know whether they lost income on,,,,,
7167,ZWE001-0214,ZWE001-0214,41,,Visit 2,1,Health Economics Form,numeric,Income lost by accompanying person,,,",  ",,
7167,ZWE001-0214,ZWE001-0214,41,,Visit 2,1,Health Economics Form,yes_no,Indicate if income was lost on,,,,,
7167,ZWE001-0214,ZWE001-0214,41,,Visit 2,1,Health Economics Form,numeric,Average Number of income earning days lost,,,",  ",,
7167,ZWE001-0214,ZWE001-0214,41,,Visit 2,1,Health Economics Form,numeric,Total income lost,,,",  ",,
7167,ZWE001-0214,ZWE001-0214,41,,Visit 2,1,Health Economics Form,yes_no,Indicate if you know whether they lost income on,,,,,
7167,ZWE001-0214,ZWE001-0214,41,,Visit 2,1,Health Economics Form,numeric,Income lost by accompanying person,,,",  ",,
7167,ZWE001-0214,ZWE001-0214,41,,Visit 2,1,Health Economics Form,yes_no,Indicate if income was lost  on,,,,,
7167,ZWE001-0214,ZWE001-0214,41,,Visit 2,1,Health Economics Form,numeric,Average Number of income earning days lost,,,",  ",,
7167,ZWE001-0214,ZWE001-0214,41,,Visit 2,1,Health Economics Form,numeric,Total income lost,,,",  ",,
7167,ZWE001-0214,ZWE001-0214,41,,Visit 2,1,Health Economics Form,yes_no,Indicate if you know whether they lost income on,,,,,
7167,ZWE001-0214,ZWE001-0214,41,,Visit 2,1,Health Economics Form,numeric,Income lost by accompanying person,,,",  ",,
7167,ZWE001-0214,ZWE001-0214,41,,Visit 2,1,Health Economics Form,yes_no,Indicate if income was lost on,,,,,
7167,ZWE001-0214,ZWE001-0214,41,,Visit 2,1,Health Economics Form,numeric,Average Number of income earning days lost,,,",  ",,
7167,ZWE001-0214,ZWE001-0214,41,,Visit 2,1,Health Economics Form,numeric,Total income lost,,,",  ",,
7167,ZWE001-0214,ZWE001-0214,41,,Visit 2,1,Health Economics Form,yes_no,Indicate if you know whether they lost income on,,,,,
7167,ZWE001-0214,ZWE001-0214,41,,Visit 2,1,Health Economics Form,numeric,Income lost by accompanying person,,,",  ",,
7167,ZWE001-0214,ZWE001-0214,41,,Visit 2,1,Health Economics Form,yes_no,Indicate if income was lost on,,,,,
7167,ZWE001-0214,ZWE001-0214,41,,Visit 2,1,Health Economics Form,numeric,Average Number of income earning days lost,,,",  ",,
7167,ZWE001-0214,ZWE001-0214,41,,Visit 2,1,Health Economics Form,numeric,Total income lost,,,",  ",,
7167,ZWE001-0214,ZWE001-0214,41,,Visit 2,1,Health Economics Form,yes_no,Indicate if you know whether they lost income on,,,,,
7167,ZWE001-0214,ZWE001-0214,41,,Visit 2,1,Health Economics Form,numeric,Income lost by accompanying person,,,",  ",,
7167,ZWE001-0214,ZWE001-0214,41,,Visit 2,1,Health Economics Form,yes_no,Indicate if income was lost on,,,,,
7167,ZWE001-0214,ZWE001-0214,41,,Visit 2,1,Health Economics Form,numeric,Average Number of income earning days lost,,,",  ",,
7167,ZWE001-0214,ZWE001-0214,41,,Visit 2,1,Health Economics Form,numeric,Total income lost,,,",  ",,
7167,ZWE001-0214,ZWE001-0214,41,,Visit 2,1,Health Economics Form,yes_no,Indicate if you know whether they lost income on,,,,,
7167,ZWE001-0214,ZWE001-0214,41,,Visit 2,1,Health Economics Form,numeric,Income lost by accompanying person,,,",  ",,
7167,ZWE001-0214,ZWE001-0214,41,,Visit 2,1,Health Economics Form,yes_no,Indicate if income was lost on,,,,,
7167,ZWE001-0214,ZWE001-0214,41,,Visit 2,1,Health Economics Form,numeric,Average Number of income earning days lost,,,",  ",,
7167,ZWE001-0214,ZWE001-0214,41,,Visit 2,1,Health Economics Form,numeric,Total income lost,,,",  ",,
7167,ZWE001-0214,ZWE001-0214,41,,Visit 2,1,Health Economics Form,yes_no,Indicate if you know whether they lost income on,,,,,
7167,ZWE001-0214,ZWE001-0214,41,,Visit 2,1,Health Economics Form,numeric,Income lost by accompanying person,,,",  ",,
7167,ZWE001-0214,ZWE001-0214,41,,Visit 2,1,Health Economics Form,text_multi_line,Other Visit comments,,,",  ",,
7167,ZWE001-0214,ZWE001-0214,41,,Visit 2,1,Health Economics Form,checklist,65.Since becoming pregnant:,,,",  ",,
7167,ZWE001-0214,ZWE001-0214,41,,Visit 2,1,Health Economics Form,checklist,66.Since being identified as at risk for preeclampsia,,,",  ",,
7167,ZWE001-0214,ZWE001-0214,41,,Visit 2,1,Health Economics Form,checklist,67.Since being diagnosed with preeclampsia,,,",  ",,
7167,ZWE001-0214,ZWE001-0214,41,,Visit 2,1,Health Economics Form,yes_no,68. Have you been reimbursed for any of the costs you have paid?,,,,,
7167,ZWE001-0214,ZWE001-0214,41,,Visit 2,1,Health Economics Form,checklist,"69. If yes, from whom did you receive the reimbursement? (You can select more than one)",,,",  ",,
7167,ZWE001-0214,ZWE001-0214,41,,Visit 2,1,Health Economics Form,text_single_line,Other specify,,,",  ",,
7167,ZWE001-0214,ZWE001-0214,41,,Visit 2,1,Health Economics Form,checklist,70. What proportion of the total costs incurred has been reimbursed?,,,",  ",,
7167,ZWE001-0214,ZWE001-0214,41,,Visit 2,1,Health Economics Form,checklist,71. What was the reimbursement for? (Can select more than one),,,",  ",,
7167,ZWE001-0214,ZWE001-0214,41,,Visit 2,1,Health Economics Form,text_single_line,Other specify,,,",  ",,
7167,ZWE001-0214,ZWE001-0214,41,,Visit 2,1,Health Economics Form,yes_no,"72. Have you ever experienced barriers in accessing services for HDP such as preeclampsia, gestational diabetes, other?",,,,,
7167,ZWE001-0214,ZWE001-0214,41,,Visit 2,1,Health Economics Form,checklist,"73. If yes, please describe these barriers?",,,",  ",,
7167,ZWE001-0214,ZWE001-0214,41,,Visit 2,1,Health Economics Form,text_single_line,Other specify,,,",  ",,
7167,ZWE001-0214,ZWE001-0214,41,,Visit 2,1,Health Economics Form,yes_no,74. Have concerns or symptoms related to high blood pressure during pregnancy affected your social or private life in any way?,,,,,
7167,ZWE001-0214,ZWE001-0214,41,,Visit 2,1,Health Economics Form,checklist,"75. If yes, in what way has your social or private life been affected?",,,",  ",,
7167,ZWE001-0214,ZWE001-0214,41,,Visit 2,1,Health Economics Form,text_single_line,Other specify,,,",  ",,
7167,ZWE001-0214,ZWE001-0214,41,,Visit 2,1,Health Economics Form,yes_no,76. Have you or your household received any social welfare support since experiencing pregnancy-related health concerns or being identified as at risk for complications?,,,,,
7167,ZWE001-0214,ZWE001-0214,41,,Visit 2,1,Health Economics Form,text_single_line,"77. If yes, For how long did you receive support ?",,,",  ",,
7167,ZWE001-0214,ZWE001-0214,41,,Visit 2,1,Health Economics Form,numeric,"78. If you receive social welfare payments, what is the average monthly value?",,,",  ",,
7167,ZWE001-0214,ZWE001-0214,41,,Visit 2,1,Health Economics Form,yes_no,79. Do you currently receive vouchers or goods in kind to cope with pregnancy-related health concerns or being identified as at risk for complications?,,,,,
7167,ZWE001-0214,ZWE001-0214,41,,Visit 2,1,Health Economics Form,numeric,"80. If yes, what is the average total monthly value?",,,",  ",,
7167,ZWE001-0214,ZWE001-0214,41,,Visit 2,1,Health Economics Form,checklist,"81. If yes, from whom do you receive the vouchers or goods?",,,",  ",,
7167,ZWE001-0214,ZWE001-0214,41,,Visit 2,1,Health Economics Form,yes_no,82. Have you borrowed/received money to cover costs related to your pregnancy or health concerns (including being at risk for preeclampsia)?,,,,,
7167,ZWE001-0214,ZWE001-0214,41,,Visit 2,1,Health Economics Form,numeric,"83. If yes, what is the average total monthly value you borrowed/received?",,,",  ",,
7167,ZWE001-0214,ZWE001-0214,41,,Visit 2,1,Health Economics Form,checklist,"84. If yes, from whom did you borrow/receive?",,,",  ",,
7167,ZWE001-0214,ZWE001-0214,41,,Visit 2,1,Health Economics Form,text_single_line,Other specify,,,",  ",,
7167,ZWE001-0214,ZWE001-0214,41,,Visit 2,1,Health Economics Form,yes_no,85. Are you expected to pay the amount back?,,,,,
7167,ZWE001-0214,ZWE001-0214,41,,Visit 2,1,Health Economics Form,checklist,86. What annual percentage interest are you paying on the loan?,,,",  ",,
7167,ZWE001-0214,ZWE001-0214,41,,Visit 2,1,Health Economics Form,yes_no,87. Have you sold any property to help cover expenses related to your pregnancy or health concerns?,,,,,
7167,ZWE001-0214,ZWE001-0214,41,,Visit 2,1,Health Economics Form,checklist,"88. If yes, what did you sell?",,,",  ",,
7167,ZWE001-0214,ZWE001-0214,41,,Visit 2,1,Health Economics Form,text_single_line,Other specify,,,",  ",,
7167,ZWE001-0214,ZWE001-0214,41,,Visit 2,1,Health Economics Form,numeric,89. How much money did you receive from the sale of all items of your property (total)?,,,",  ",,
7167,ZWE001-0214,ZWE001-0214,41,,Visit 2,1,Health Economics Form,checklist,90. How has your household’s financial situation changed since you began experiencing pregnancy-related health concerns or were identified as at risk for HDPs?,,,",  ",,
7167,ZWE001-0214,ZWE001-0214,41,,Visit 2,1,Health Economics Form,yes_no,91. Has paying for your HDPs/preeclampsia treatment made you feel pressured or stressed about your finances?,,,,,
7167,ZWE001-0214,ZWE001-0214,41,,Visit 2,1,Health Economics Form,text_multi_line,"92. If Yes, Why",,,",  ",,
7167,ZWE001-0214,ZWE001-0214,41,,Visit 2,1,Health Economics Form,text_multi_line,"93. If No, why not?",,,",  ",,
7167,ZWE001-0214,ZWE001-0214,41,,Visit 2,1,Health Economics Form,radio_group,"First, I would like to ask you about MOBILITY. Would you say that:",,,",  ",,
7167,ZWE001-0214,ZWE001-0214,41,,Visit 2,1,Health Economics Form,radio_group,"Next, I would like to ask you about SELF-CARE. Would you say that:",,,",  ",,
7167,ZWE001-0214,ZWE001-0214,41,,Visit 2,1,Health Economics Form,radio_group,"Next, I would like to ask you about USUAL ACTIVITIES, for example, work, study, housework, family or leisure activities. Would you say that:",,,",  ",,
7167,ZWE001-0214,ZWE001-0214,41,,Visit 2,1,Health Economics Form,radio_group,"Next, I would like to ask you about PAIN OR DISCOMFORT. Would you say that:",,,",  ",,
7167,ZWE001-0214,ZWE001-0214,41,,Visit 2,1,Health Economics Form,radio_group,"Finally, I would like to ask you about ANXIETY OR DEPRESSION. Would you say that:",,,",  ",,
7167,ZWE001-0214,ZWE001-0214,41,,Visit 2,1,Health Economics Form,text_multi_line,"Now, I would like to ask you to say how good or bad your health is TODAY.",,,",  ",,
7167,ZWE001-0214,ZWE001-0214,41,,Visit 2,1,Health Economics Form,text_multi_line,I would like you to picture in your mind a vertical line that is numbered from 0 to 100.,,,",  ",,
7167,ZWE001-0214,ZWE001-0214,41,,Visit 2,1,Health Economics Form,text_multi_line,I would now like you to tell me the point on this line where you would put your health TODAY.,,,",  ",,
7167,ZWE001-0214,ZWE001-0214,41,,Visit 2,1,Health Economics Form,text_multi_line,1. Participant Comments:,,,",  ",,
7167,ZWE001-0214,ZWE001-0214,41,,Visit 2,1,Health Economics Form,text_multi_line,2. Investigator Comments:,,,",  ",,
7167,ZWE001-0214,ZWE001-0214,41,,Visit 2,1,Health Economics Form,date_time,Investigator Signature  Date:,,,,,
7167,ZWE001-0214,ZWE001-0214,41,,Visit 2,1,Health Economics Form,electronic_signature,Electronic Signature Lock Date/Time,,,,,
7167,ZWE001-0214,ZWE001-0214,41,,Visit 2,1,Dispensing Form,Dispensing Form,,,,",  ",,
7167,ZWE001-0214,ZWE001-0214,41,,Visit 2,1,Dispensing Form,input_list,,,,",  ",,
7167,ZWE001-0214,ZWE001-0214,41,,Visit 2,1,Dispensing Form,text_single_line,Medication prescribed,,,",  ",,
7167,ZWE001-0214,ZWE001-0214,41,,Visit 2,1,Dispensing Form,yes_no,Was the medication dispensed?,,,,,
7167,ZWE001-0214,ZWE001-0214,41,,Visit 2,1,Dispensing Form,radio_group,Reason for not dispensing the medication,,,",  ",,
7167,ZWE001-0214,ZWE001-0214,41,,Visit 2,1,Dispensing Form,text_single_line,Other specified,,,",  ",,
7167,ZWE001-0214,ZWE001-0214,41,,Visit 2,1,Dispensing Form,text_single_line,Medication prescribed,,,",  ",,
7167,ZWE001-0214,ZWE001-0214,41,,Visit 2,1,Dispensing Form,yes_no,Was the medication dispensed?,,,,,
7167,ZWE001-0214,ZWE001-0214,41,,Visit 2,1,Dispensing Form,radio_group,Reason for not dispensing the medication,,,",  ",,
7167,ZWE001-0214,ZWE001-0214,41,,Visit 2,1,Dispensing Form,text_single_line,Other specified,,,",  ",,
7167,ZWE001-0214,ZWE001-0214,41,,Visit 2,1,Dispensing Form,text_single_line,Medication prescribed,,,",  ",,
7167,ZWE001-0214,ZWE001-0214,41,,Visit 2,1,Dispensing Form,yes_no,Was the medication dispensed?,,,,,
7167,ZWE001-0214,ZWE001-0214,41,,Visit 2,1,Dispensing Form,radio_group,Reason for not dispensing the medication,,,",  ",,
7167,ZWE001-0214,ZWE001-0214,41,,Visit 2,1,Dispensing Form,text_single_line,Other specified,,,",  ",,
7167,ZWE001-0214,ZWE001-0214,41,,Visit 2,1,Dispensing Form,text_single_line,Medication prescribed,,,",  ",,
7167,ZWE001-0214,ZWE001-0214,41,,Visit 2,1,Dispensing Form,yes_no,Was the medication dispensed?,,,,,
7167,ZWE001-0214,ZWE001-0214,41,,Visit 2,1,Dispensing Form,radio_group,Reason for not dispensing the medication,,,",  ",,
7167,ZWE001-0214,ZWE001-0214,41,,Visit 2,1,Dispensing Form,text_single_line,Other specified,,,",  ",,
7167,ZWE001-0214,ZWE001-0214,41,,Visit 2,1,Dispensing Form,text_single_line,Medication prescribed,,,",  ",,
7167,ZWE001-0214,ZWE001-0214,41,,Visit 2,1,Dispensing Form,yes_no,Was the medication dispensed?,,,,,
7167,ZWE001-0214,ZWE001-0214,41,,Visit 2,1,Dispensing Form,radio_group,Reason for not dispensing the medication,,,",  ",,
7167,ZWE001-0214,ZWE001-0214,41,,Visit 2,1,Dispensing Form,text_single_line,Other specified,,,",  ",,
7167,ZWE001-0214,ZWE001-0214,41,,Visit 2,1,Dispensing Form,yes_no,The script has been correctly and completely filled,,,,,
7167,ZWE001-0214,ZWE001-0214,41,,Visit 2,1,Dispensing Form,electronic_signature,Electronic Signature Lock Date/Time,,,",  ",,
7167,ZWE001-0214,ZWE001-0214,41,,Visit 2,1,Dispensing Form,yes_no,The script has been correctly and completely filled,,,,,
7167,ZWE001-0214,ZWE001-0214,41,,Visit 2,1,Dispensing Form,electronic_signature,Electronic Signature Lock Date/Time,,,",  ",,
7167,ZWE001-0214,ZWE001-0214,41,,Visit 2,1,Prescription,Prescription,,,,",  ",,
7167,ZWE001-0214,ZWE001-0214,41,,Visit 2,1,Prescription,date_time,Date & time of prescription,,,,,
7167,ZWE001-0214,ZWE001-0214,41,,Visit 2,1,Prescription,numeric,Participant's age,,,",  ",,
7167,ZWE001-0214,ZWE001-0214,41,,Visit 2,1,Prescription,yes_no,Any medication prescribed?,,,,,
7167,ZWE001-0214,ZWE001-0214,41,,Visit 2,1,Prescription,input_list,,,,",  ",,
7167,ZWE001-0214,ZWE001-0214,41,,Visit 2,1,Prescription,text_single_line,Medication Name,,,",  ",,
7167,ZWE001-0214,ZWE001-0214,41,,Visit 2,1,Prescription,numeric,Dosage quantity,,,",  ",,
7167,ZWE001-0214,ZWE001-0214,41,,Visit 2,1,Prescription,dropdown,Unit of Measurement,,,",  ",,
7167,ZWE001-0214,ZWE001-0214,41,,Visit 2,1,Prescription,dropdown,Dosage frequency,,,",  ",,
7167,ZWE001-0214,ZWE001-0214,41,,Visit 2,1,Prescription,dropdown,Route of administration,,,",  ",,
7167,ZWE001-0214,ZWE001-0214,41,,Visit 2,1,Prescription,text_single_line,"If Other, specify",,,",  ",,
7167,ZWE001-0214,ZWE001-0214,41,,Visit 2,1,Prescription,text_multi_line,Notes,,,",  ",,
7167,ZWE001-0214,ZWE001-0214,41,,Visit 2,1,Prescription,text_single_line,Medication duration,,,",  ",,
7167,ZWE001-0214,ZWE001-0214,41,,Visit 2,1,Prescription,dropdown,Unit of duration,,,",  ",,
7167,ZWE001-0214,ZWE001-0214,41,,Visit 2,1,Prescription,text_single_line,Prescriber's qualification,,,",  ",,
7167,ZWE001-0214,ZWE001-0214,41,,Visit 2,1,Prescription,electronic_signature,Electronic Signature Lock Date/Time,,,,,
7167,ZWE001-0214,ZWE001-0214,41,,Visit 5,1,Delivery Outcome,EOPE Delivery outcome,,,,",  ",,
7167,ZWE001-0214,ZWE001-0214,41,,Visit 5,1,Delivery Outcome,yes_no,Was the delivery outcome status assessment performed?,Yes,,"Masiiiwa, Tawanda - 07/Jul/2026 10:18:59 PM CAT",,
7167,ZWE001-0214,ZWE001-0214,41,,Visit 5,1,Delivery Outcome,date_time,Date of delivery outcome status assessment,6/29/2026 00:00:00 ,,"Masiiiwa, Tawanda - 07/Jul/2026 10:19:07 PM CAT",,
7167,ZWE001-0214,ZWE001-0214,41,,Visit 5,1,Delivery Outcome,date_time,Date of delivery,6/29/2026 00:00:00 ,,"Masiiiwa, Tawanda - 07/Jul/2026 10:19:17 PM CAT",,
7167,ZWE001-0214,ZWE001-0214,41,,Visit 5,1,Delivery Outcome,radio_group,Type of delivery,Cesarean,,"Masiiiwa, Tawanda - 07/Jul/2026 10:30:56 PM CAT",,
7167,ZWE001-0214,ZWE001-0214,41,,Visit 5,1,Delivery Outcome,text_single_line,Reason for Cesarean section,2 Previous CS,,"Masiiiwa, Tawanda - 07/Jul/2026 10:31:03 PM CAT",,
7167,ZWE001-0214,ZWE001-0214,41,,Visit 5,1,Delivery Outcome,numeric,Gestational age at delivery,37,,"Masiiiwa, Tawanda - 07/Jul/2026 10:21:15 PM CAT",,
7167,ZWE001-0214,ZWE001-0214,41,,Visit 5,1,Delivery Outcome,numeric,Gestational age at delivery,3,,"Masiiiwa, Tawanda - 07/Jul/2026 10:21:19 PM CAT",,
7167,ZWE001-0214,ZWE001-0214,41,,Visit 5,1,Delivery Outcome,yes_no,Delivery <34 weeks?,No,,"Masiiiwa, Tawanda - 07/Jul/2026 10:21:19 PM CAT",,
7167,ZWE001-0214,ZWE001-0214,41,,Visit 5,1,Delivery Outcome,yes_no,Any complications at delivery?,No,,"Masiiiwa, Tawanda - 07/Jul/2026 10:21:21 PM CAT",,
7167,ZWE001-0214,ZWE001-0214,41,,Visit 5,1,Delivery Outcome,text_multi_line,"If yes, delivery complications description",,,",  ",,
7167,ZWE001-0214,ZWE001-0214,41,,Visit 5,1,Delivery Outcome,radio_group,Pregnancy outcome,Normal baby,,"Masiiiwa, Tawanda - 07/Jul/2026 10:21:25 PM CAT",,
7167,ZWE001-0214,ZWE001-0214,41,,Visit 5,1,Delivery Outcome,radio_group,Postpartum health status,Normal,,"Masiiiwa, Tawanda - 07/Jul/2026 10:21:42 PM CAT",,
7167,ZWE001-0214,ZWE001-0214,41,,Visit 5,1,Delivery Outcome,text_multi_line,"If abnormal, postpartum health description",,,",  ",,
7167,ZWE001-0214,ZWE001-0214,41,,Visit 5,1,Delivery Outcome,numeric,Estimated blood loss,200,,"Masiiiwa, Tawanda - 07/Jul/2026 10:21:53 PM CAT",,
7167,ZWE001-0214,ZWE001-0214,41,,Visit 5,1,Delivery Outcome,yes_no,Did participant require blood transfusion?,No,,"Masiiiwa, Tawanda - 07/Jul/2026 10:21:54 PM CAT",,
7167,ZWE001-0214,ZWE001-0214,41,,Visit 5,1,Delivery Outcome,text_multi_line,"If yes, description",,,",  ",,
7167,ZWE001-0214,ZWE001-0214,41,,Visit 5,1,Delivery Outcome,radio_group,PE Status,,,",  ",,
7167,ZWE001-0214,ZWE001-0214,41,,Visit 5,1,Delivery Outcome,date_time,Date of PE Onset,,,,,
7167,ZWE001-0214,ZWE001-0214,41,,Visit 5,1,Delivery Outcome,yes_no,Did participant experience infection post-delivery?,No,,"Masiiiwa, Tawanda - 07/Jul/2026 10:21:54 PM CAT",,
7167,ZWE001-0214,ZWE001-0214,41,,Visit 5,1,Delivery Outcome,text_multi_line,"If yes, infection desription",,,",  ",,
7167,ZWE001-0214,ZWE001-0214,41,,Visit 5,1,Delivery Outcome,numeric,How many days did participant stay in hospital,2,,"Masiiiwa, Tawanda - 07/Jul/2026 10:21:58 PM CAT",,
7167,ZWE001-0214,ZWE001-0214,41,,Visit 5,1,Delivery Outcome,yes_no,Was participant ever readmitted into hospital?,No,,"Masiiiwa, Tawanda - 07/Jul/2026 10:21:58 PM CAT",,
7167,ZWE001-0214,ZWE001-0214,41,,Visit 5,1,Delivery Outcome,text_multi_line,Readmission description,,,",  ",,
7167,ZWE001-0214,ZWE001-0214,41,,Visit 5,1,Delivery Outcome,text_multi_line,Comments,,,",  ",,
7167,ZWE001-0214,ZWE001-0214,41,,Visit 5,1,Delivery Outcome,file_manager,File Upload,,,,,
7167,ZWE001-0214,ZWE001-0214,41,,Visit 5,1,Delivery Outcome,electronic_signature,Electronic Signature Lock Date/Time,07/Jul/2026 10:22:05 PM CAT,,"Masiiiwa, Tawanda - 07/Jul/2026 10:22:06 PM CAT",,
7167,ZWE001-0214,ZWE001-0214,41,,Visit 5,1,Delivery Outcome,electronic_signature,Electronic Signature Lock Date/Time,,,,,
7167,ZWE001-0214,ZWE001-0214,41,,Visit 5,1,Progress Notes,Progress notes,,,,",  ",,
7167,ZWE001-0214,ZWE001-0214,41,,Visit 5,1,Progress Notes,yes_no,Were there any Progress Notes captured during the visit?,Yes,,"Masiiiwa, Tawanda - 07/Jul/2026 10:26:11 PM CAT",,
7167,ZWE001-0214,ZWE001-0214,41,,Visit 5,1,Progress Notes,input_list,,,,",  ",,
7167,ZWE001-0214,ZWE001-0214,41,,Visit 5,1,Progress Notes,date_time,Date of Note,"#1 - s:19:""6/29/2026 00:00:00 "";",,"Masiiiwa, Tawanda - 07/Jul/2026 10:26:15 PM CAT",,
7167,ZWE001-0214,ZWE001-0214,41,,Visit 5,1,Progress Notes,text_multi_line,Note:,"#1 - s:496:""40 F participant 
Follow up visit 05 
Now para 3

SUBJECTIVE 
Date of Delivery: 29 June 2026 
Delivered a healthy baby boy via c/s
Asymptomatic of PE features 
No PPH 
No complains today.  

OBJECTIVE  
Uncomplicated c-section
Vital Signs. Normal 
Clinically stable 
Baby well, no immediate concerns 

Clinical Assessment   
Stable postpartum status. 
No evidence of hypertensive disorder or PPH. Recovering well.
 
Adverse Events:  
None 

PLAN 
Next visit 29 July 2026 "";",,"Masiiiwa, Tawanda - 07/Jul/2026 10:30:36 PM CAT",,
7167,ZWE001-0214,ZWE001-0214,41,,Visit 5,1,Progress Notes,electronic_signature,Electronic Signature Lock Date/Time,,,",  ",,
7167,ZWE001-0214,ZWE001-0214,41,,Visit 5,1,Progress Notes,electronic_signature,Electronic Signature Lock Date/Time,#1 - 07/Jul/2026 10:30:43 PM CAT,,"Masiiiwa, Tawanda - 07/Jul/2026 10:30:44 PM CAT",,
7167,ZWE001-0214,ZWE001-0214,41,,Visit 5,1,Progress Notes,file_manager,File Upload,"#1 - ZWE001-0214 SCAN.pdf, #2 - ZWE001-0214.pdf",,",  ",,
7167,ZWE001-0214,ZWE001-0214,41,,Visit 5,1,Progress Notes,camera,Camera Photo,"#1 - ZWE001-0214 SCAN.pdf, #2 - ZWE001-0214.pdf",,",  ",,
7167,ZWE001-0214,ZWE001-0214,41,,Visit 5,1,Follow-up Visit,EOPE Follow-Up Visit Form ,,,,",  ",,
7167,ZWE001-0214,ZWE001-0214,41,,Visit 5,1,Follow-up Visit,text_single_line,Initials,STM,,"Masiiiwa, Tawanda - 07/Jul/2026 10:25:00 PM CAT",,
7167,ZWE001-0214,ZWE001-0214,41,,Visit 5,1,Follow-up Visit,date_time,Date of Visit,6/29/2026 00:00:00 ,,"Masiiiwa, Tawanda - 07/Jul/2026 10:25:06 PM CAT",,
7167,ZWE001-0214,ZWE001-0214,41,,Visit 5,1,Follow-up Visit,numeric,Visit Number,5,,"Masiiiwa, Tawanda - 07/Jul/2026 10:25:10 PM CAT",,
7167,ZWE001-0214,ZWE001-0214,41,,Visit 5,1,Follow-up Visit,radio_group,Health Status,Unchanged,,"Masiiiwa, Tawanda - 07/Jul/2026 10:25:10 PM CAT",,
7167,ZWE001-0214,ZWE001-0214,41,,Visit 5,1,Follow-up Visit,text_single_line,Health Status Description,Clinically stable,,"Masiiiwa, Tawanda - 07/Jul/2026 10:25:13 PM CAT",,
7167,ZWE001-0214,ZWE001-0214,41,,Visit 5,1,Follow-up Visit,radio_group,Laboratory Tests Conducted,No,,"Masiiiwa, Tawanda - 07/Jul/2026 10:25:13 PM CAT",,
7167,ZWE001-0214,ZWE001-0214,41,,Visit 5,1,Follow-up Visit,text_multi_line,Laboratory Tests Description,,,",  ",,
7167,ZWE001-0214,ZWE001-0214,41,,Visit 5,1,Follow-up Visit,radio_group,Medication Changes,No,,"Masiiiwa, Tawanda - 07/Jul/2026 10:25:14 PM CAT",,
7167,ZWE001-0214,ZWE001-0214,41,,Visit 5,1,Follow-up Visit,text_single_line,Medication Changes Description,,,",  ",,
7167,ZWE001-0214,ZWE001-0214,41,,Visit 5,1,Follow-up Visit,radio_group,Adverse Events,No,,"Masiiiwa, Tawanda - 07/Jul/2026 10:25:17 PM CAT",,
7167,ZWE001-0214,ZWE001-0214,41,,Visit 5,1,Follow-up Visit,text_multi_line,Adverse Events Description,,,",  ",,
7167,ZWE001-0214,ZWE001-0214,41,,Visit 5,1,Follow-up Visit,radio_group,Compliance with Study Protocol,Yes ,,"Masiiiwa, Tawanda - 07/Jul/2026 10:25:19 PM CAT",,
7167,ZWE001-0214,ZWE001-0214,41,,Visit 5,1,Follow-up Visit,text_multi_line,Compliance Description,COMPLIANT,,"Masiiiwa, Tawanda - 07/Jul/2026 10:25:29 PM CAT",,
7167,ZWE001-0214,ZWE001-0214,41,,Visit 5,1,Follow-up Visit,radio_group,Next Visit Scheduled,Yes,,"Masiiiwa, Tawanda - 07/Jul/2026 10:25:29 PM CAT",,
7167,ZWE001-0214,ZWE001-0214,41,,Visit 5,1,Follow-up Visit,date_time,Date of Next Visit,7/29/2026 8:00:00 ,,"Masiiiwa, Tawanda - 07/Jul/2026 10:25:40 PM CAT",,
7167,ZWE001-0214,ZWE001-0214,41,,Visit 5,1,Follow-up Visit,file_manager,File Upload,,,,,
7167,ZWE001-0214,ZWE001-0214,41,,Visit 5,1,Follow-up Visit,electronic_signature,Electronic Signature Lock Date/Time,07/Jul/2026 10:25:44 PM CAT,,"Masiiiwa, Tawanda - 07/Jul/2026 10:25:44 PM CAT",,
7167,ZWE001-0214,ZWE001-0214,41,,Visit 5,1,Follow-up Visit,electronic_signature,Electronic Signature Lock Date/Time,,,,,
7167,ZWE001-0214,ZWE001-0214,41,,Visit 5,1,Newborn disorders,EOPE Neonatal disorders,,,,",  ",,
7167,ZWE001-0214,ZWE001-0214,41,,Visit 5,1,Newborn disorders,yes_no,Was the newborn disorder status assessment performed?,Yes,,"Masiiiwa, Tawanda - 07/Jul/2026 10:23:58 PM CAT",,
7167,ZWE001-0214,ZWE001-0214,41,,Visit 5,1,Newborn disorders,yes_no,Was there any abnormal finding?,No,,"Masiiiwa, Tawanda - 07/Jul/2026 10:23:58 PM CAT",,
7167,ZWE001-0214,ZWE001-0214,41,,Visit 5,1,Newborn disorders,date_time,Date of newborn disorder status assessment,,,,,
7167,ZWE001-0214,ZWE001-0214,41,,Visit 5,1,Newborn disorders,yes_no,Respiratory distress syndrome?,,,,,
7167,ZWE001-0214,ZWE001-0214,41,,Visit 5,1,Newborn disorders,yes_no,Necrotizing enterocololitis?,,,,,
7167,ZWE001-0214,ZWE001-0214,41,,Visit 5,1,Newborn disorders,yes_no,Intraventricular hemorrhage?,,,,,
7167,ZWE001-0214,ZWE001-0214,41,,Visit 5,1,Newborn disorders,yes_no,Hospitalized?,,,,,
7167,ZWE001-0214,ZWE001-0214,41,,Visit 5,1,Newborn disorders,date_time,Date hospitalized,,,,,
7167,ZWE001-0214,ZWE001-0214,41,,Visit 5,1,Newborn disorders,date_time,Date of discharge,,,,,
7167,ZWE001-0214,ZWE001-0214,41,,Visit 5,1,Newborn disorders,numeric,Number of days in hospital,,,",  ",,
7167,ZWE001-0214,ZWE001-0214,41,,Visit 5,1,Newborn disorders,yes_no,ICU admission?,,,,,
7167,ZWE001-0214,ZWE001-0214,41,,Visit 5,1,Newborn disorders,date_time,Date of ICU admission,,,,,
7167,ZWE001-0214,ZWE001-0214,41,,Visit 5,1,Newborn disorders,date_time,Date of discharge from ICU,,,,,
7167,ZWE001-0214,ZWE001-0214,41,,Visit 5,1,Newborn disorders,numeric,Number of days in ICU,,,",  ",,
7167,ZWE001-0214,ZWE001-0214,41,,Visit 5,1,Newborn disorders,text_multi_line,Comments,,,",  ",,
7167,ZWE001-0214,ZWE001-0214,41,,Visit 5,1,Newborn disorders,file_manager,File Upload,,,,,
7167,ZWE001-0214,ZWE001-0214,41,,Visit 5,1,Newborn disorders,electronic_signature,Electronic Signature Lock Date/Time,07/Jul/2026 10:24:02 PM CAT,,"Masiiiwa, Tawanda - 07/Jul/2026 10:24:03 PM CAT",,
7167,ZWE001-0214,ZWE001-0214,41,,Visit 5,1,IUGR and SGA,IUGR and SGA,,,,",  ",,
7167,ZWE001-0214,ZWE001-0214,41,,Visit 5,1,IUGR and SGA,input_list,,,,",  ",,
7167,ZWE001-0214,ZWE001-0214,41,,Visit 5,1,IUGR and SGA,yes_no,Were IUGR and SGA assessments done?,# - No,,"Masiiiwa, Tawanda - 07/Jul/2026 10:23:53 PM CAT",,
7167,ZWE001-0214,ZWE001-0214,41,,Visit 5,1,IUGR and SGA,date_time,Date of scan,,,",  ",,
7167,ZWE001-0214,ZWE001-0214,41,,Visit 5,1,IUGR and SGA,numeric,Estimated fetal weight (EFW),,,",  ",,
7167,ZWE001-0214,ZWE001-0214,41,,Visit 5,1,IUGR and SGA,radio_group,Oligohydramnios (amniotic fluid index),"#1 - s:12:""Not assessed"";",,"Masiiiwa, Tawanda - 07/Jul/2026 10:23:37 PM CAT",,
7167,ZWE001-0214,ZWE001-0214,41,,Visit 5,1,IUGR and SGA,numeric,AFI value,,,",  ",,
7167,ZWE001-0214,ZWE001-0214,41,,Visit 5,1,IUGR and SGA,yes_no,Oligohydramnios (amniotic fluid index) <10th percentile,,,,,
7167,ZWE001-0214,ZWE001-0214,41,,Visit 5,1,IUGR and SGA,radio_group,Abdominal circumference,"#1 - s:12:""Not assessed"";",,"Masiiiwa, Tawanda - 07/Jul/2026 10:23:37 PM CAT",,
7167,ZWE001-0214,ZWE001-0214,41,,Visit 5,1,IUGR and SGA,numeric,Abdominal Circumference (AC),,,",  ",,
7167,ZWE001-0214,ZWE001-0214,41,,Visit 5,1,IUGR and SGA,yes_no,Abdominal circumference <5th percentile,,,,,
7167,ZWE001-0214,ZWE001-0214,41,,Visit 5,1,IUGR and SGA,yes_no,Pathologic flow in umbilical artery,,,,,
7167,ZWE001-0214,ZWE001-0214,41,,Visit 5,1,IUGR and SGA,yes_no,Confirmed IUGR,,,,,
7167,ZWE001-0214,ZWE001-0214,41,,Visit 5,1,IUGR and SGA,radio_group,Abdominal circumference,"#1 - s:12:""Not assessed"";",,"Masiiiwa, Tawanda - 07/Jul/2026 10:23:36 PM CAT",,
7167,ZWE001-0214,ZWE001-0214,41,,Visit 5,1,IUGR and SGA,numeric,Abdominal Circumference (AC),,,",  ",,
7167,ZWE001-0214,ZWE001-0214,41,,Visit 5,1,IUGR and SGA,yes_no,Abdominal Circumference <5th percentile,,,,,
7167,ZWE001-0214,ZWE001-0214,41,,Visit 5,1,IUGR and SGA,yes_no,Pathologic process,,,,,
7167,ZWE001-0214,ZWE001-0214,41,,Visit 5,1,IUGR and SGA,yes_no,Confirmed SGA,,,,,
7167,ZWE001-0214,ZWE001-0214,41,,Visit 5,1,IUGR and SGA,text_multi_line,Comments: (Provide any relevant information),,,",  ",,
7167,ZWE001-0214,ZWE001-0214,41,,Visit 5,1,IUGR and SGA,file_manager,File Upload,"#1 - ZWE001-0214 SCAN.pdf, #2 - ZWE001-0214.pdf",,",  ",,
7167,ZWE001-0214,ZWE001-0214,41,,Visit 5,1,IUGR and SGA,electronic_signature,Electronic Signature Lock Date/Time,#1 - 07/Jul/2026 10:23:42 PM CAT,,"Masiiiwa, Tawanda - 07/Jul/2026 10:23:42 PM CAT",,
7167,ZWE001-0214,ZWE001-0214,41,,Visit 5,1,IUGR and SGA,electronic_signature,Electronic Signature Lock Date/Time,,,",  ",,
7167,ZWE001-0214,ZWE001-0214,41,,Visit 5,1,Newborn Assessment Form,EOPE Newborn Assessment Form,,,,",  ",,
7167,ZWE001-0214,ZWE001-0214,41,,Visit 5,1,Newborn Assessment Form,text_single_line,Initials,,,",  ",,
7167,ZWE001-0214,ZWE001-0214,41,,Visit 5,1,Newborn Assessment Form,date_of_birth,Date of Birth ...,6/29/2026 ,,"Masiiiwa, Tawanda - 07/Jul/2026 10:22:17 PM CAT",,
7167,ZWE001-0214,ZWE001-0214,41,,Visit 5,1,Newborn Assessment Form,numeric,Gestational Age,37,,"Masiiiwa, Tawanda - 07/Jul/2026 10:22:22 PM CAT",,
7167,ZWE001-0214,ZWE001-0214,41,,Visit 5,1,Newborn Assessment Form,numeric,Birth Weight,2550,,"Masiiiwa, Tawanda - 07/Jul/2026 10:22:30 PM CAT",,
7167,ZWE001-0214,ZWE001-0214,41,,Visit 5,1,Newborn Assessment Form,numeric,Length,45,,"Masiiiwa, Tawanda - 07/Jul/2026 10:22:33 PM CAT",,
7167,ZWE001-0214,ZWE001-0214,41,,Visit 5,1,Newborn Assessment Form,numeric,Head Circumference,36,,"Masiiiwa, Tawanda - 07/Jul/2026 10:22:36 PM CAT",,
7167,ZWE001-0214,ZWE001-0214,41,,Visit 5,1,Newborn Assessment Form,numeric,Heart rate,145,,"Masiiiwa, Tawanda - 07/Jul/2026 10:22:38 PM CAT",,
7167,ZWE001-0214,ZWE001-0214,41,,Visit 5,1,Newborn Assessment Form,numeric,Respiration,41,,"Masiiiwa, Tawanda - 07/Jul/2026 10:22:42 PM CAT",,
7167,ZWE001-0214,ZWE001-0214,41,,Visit 5,1,Newborn Assessment Form,numeric,Apgar Score at 1 Minute,8,,"Masiiiwa, Tawanda - 07/Jul/2026 10:22:45 PM CAT",,
7167,ZWE001-0214,ZWE001-0214,41,,Visit 5,1,Newborn Assessment Form,numeric,Apgar Score at 5 Minutes,9,,"Masiiiwa, Tawanda - 07/Jul/2026 10:22:46 PM CAT",,
7167,ZWE001-0214,ZWE001-0214,41,,Visit 5,1,Newborn Assessment Form,numeric,Apgar Score at 10 Minutes,,,",  ",,
7167,ZWE001-0214,ZWE001-0214,41,,Visit 5,1,Newborn Assessment Form,radio_group,Gender,Male,,"Masiiiwa, Tawanda - 07/Jul/2026 10:23:06 PM CAT",,
7167,ZWE001-0214,ZWE001-0214,41,,Visit 5,1,Newborn Assessment Form,radio_group,Testes (if boy),Normal,,"Masiiiwa, Tawanda - 07/Jul/2026 10:23:08 PM CAT",,
7167,ZWE001-0214,ZWE001-0214,41,,Visit 5,1,Newborn Assessment Form,text_multi_line,Testes Examination Description,,,",  ",,
7167,ZWE001-0214,ZWE001-0214,41,,Visit 5,1,Newborn Assessment Form,radio_group,Gender,,,",  ",,
7167,ZWE001-0214,ZWE001-0214,41,,Visit 5,1,Newborn Assessment Form,radio_group,Testes (if boy),,,",  ",,
7167,ZWE001-0214,ZWE001-0214,41,,Visit 5,1,Newborn Assessment Form,text_multi_line,Testes Examination Description,,,",  ",,
7167,ZWE001-0214,ZWE001-0214,41,,Visit 5,1,Newborn Assessment Form,radio_group,Physical Examination,Yes,,"Masiiiwa, Tawanda - 07/Jul/2026 10:23:09 PM CAT",,
7167,ZWE001-0214,ZWE001-0214,41,,Visit 5,1,Newborn Assessment Form,radio_group,Eyes,Normal,,"Masiiiwa, Tawanda - 07/Jul/2026 10:23:10 PM CAT",,
7167,ZWE001-0214,ZWE001-0214,41,,Visit 5,1,Newborn Assessment Form,text_multi_line,Eyes Examination Description,,,",  ",,
7167,ZWE001-0214,ZWE001-0214,41,,Visit 5,1,Newborn Assessment Form,radio_group,Heart,Normal,,"Masiiiwa, Tawanda - 07/Jul/2026 10:23:11 PM CAT",,
7167,ZWE001-0214,ZWE001-0214,41,,Visit 5,1,Newborn Assessment Form,text_multi_line,Heart Examination Description,,,",  ",,
7167,ZWE001-0214,ZWE001-0214,41,,Visit 5,1,Newborn Assessment Form,radio_group,Hips,Normal,,"Masiiiwa, Tawanda - 07/Jul/2026 10:23:11 PM CAT",,
7167,ZWE001-0214,ZWE001-0214,41,,Visit 5,1,Newborn Assessment Form,text_multi_line,Hips Examination Description,,,",  ",,
7167,ZWE001-0214,ZWE001-0214,41,,Visit 5,1,Newborn Assessment Form,radio_group,Neurological Examination,Yes ,,"Masiiiwa, Tawanda - 07/Jul/2026 10:23:13 PM CAT",,
7167,ZWE001-0214,ZWE001-0214,41,,Visit 5,1,Newborn Assessment Form,text_multi_line,Neurological Description,,,",  ",,
7167,ZWE001-0214,ZWE001-0214,41,,Visit 5,1,Newborn Assessment Form,radio_group,Posture,Normal ,,"Masiiiwa, Tawanda - 07/Jul/2026 10:23:14 PM CAT",,
7167,ZWE001-0214,ZWE001-0214,41,,Visit 5,1,Newborn Assessment Form,text_multi_line,Posture description,,,",  ",,
7167,ZWE001-0214,ZWE001-0214,41,,Visit 5,1,Newborn Assessment Form,radio_group,Muscle tone,Normal,,"Masiiiwa, Tawanda - 07/Jul/2026 10:23:15 PM CAT",,
7167,ZWE001-0214,ZWE001-0214,41,,Visit 5,1,Newborn Assessment Form,text_multi_line,Muscle tone description,,,",  ",,
7167,ZWE001-0214,ZWE001-0214,41,,Visit 5,1,Newborn Assessment Form,radio_group,Reflex responses,Normal,,"Masiiiwa, Tawanda - 07/Jul/2026 10:23:16 PM CAT",,
7167,ZWE001-0214,ZWE001-0214,41,,Visit 5,1,Newborn Assessment Form,text_multi_line,Reflex responses description,,,",  ",,
7167,ZWE001-0214,ZWE001-0214,41,,Visit 5,1,Newborn Assessment Form,radio_group,Newborn Screening Tests,No,,"Masiiiwa, Tawanda - 07/Jul/2026 10:23:19 PM CAT",,
7167,ZWE001-0214,ZWE001-0214,41,,Visit 5,1,Newborn Assessment Form,text_multi_line,Newborn Screening Tests Description,,,",  ",,
7167,ZWE001-0214,ZWE001-0214,41,,Visit 5,1,Newborn Assessment Form,radio_group,Birth Complications,No,,"Masiiiwa, Tawanda - 07/Jul/2026 10:23:21 PM CAT",,
7167,ZWE001-0214,ZWE001-0214,41,,Visit 5,1,Newborn Assessment Form,text_multi_line,Birth Complications Description,,,",  ",,
7167,ZWE001-0214,ZWE001-0214,41,,Visit 5,1,Newborn Assessment Form,radio_group,Congenital Anomalies,No,,"Masiiiwa, Tawanda - 07/Jul/2026 10:23:22 PM CAT",,
7167,ZWE001-0214,ZWE001-0214,41,,Visit 5,1,Newborn Assessment Form,text_multi_line,Congenital Anomalies   Description,,,",  ",,
7167,ZWE001-0214,ZWE001-0214,41,,Visit 5,1,Newborn Assessment Form,radio_group,Neonatal ICU Admission,No,,"Masiiiwa, Tawanda - 07/Jul/2026 10:23:22 PM CAT",,
7167,ZWE001-0214,ZWE001-0214,41,,Visit 5,1,Newborn Assessment Form,text_multi_line,Neonatal ICU Admission Description,,,",  ",,
7167,ZWE001-0214,ZWE001-0214,41,,Visit 5,1,Newborn Assessment Form,radio_group,Feeding Method,Breastfeeding,,"Masiiiwa, Tawanda - 07/Jul/2026 10:23:23 PM CAT",,
7167,ZWE001-0214,ZWE001-0214,41,,Visit 5,1,Newborn Assessment Form,file_manager,File Upload,,,,,
7167,ZWE001-0214,ZWE001-0214,41,,Visit 5,1,Newborn Assessment Form,electronic_signature,Electronic Signature Lock Date/Time,07/Jul/2026 10:23:27 PM CAT,,"Masiiiwa, Tawanda - 07/Jul/2026 10:23:27 PM CAT",,
7167,ZWE001-0214,ZWE001-0214,41,,Visit 5,1,Conmeds + AE Assessment,Medical History Assessment ,,,,",  ",,
7167,ZWE001-0214,ZWE001-0214,41,,Visit 5,1,Conmeds + AE Assessment,yes_no,Was the Conmeds + AE assessment performed?,No,,"Masiiiwa, Tawanda - 07/Jul/2026 10:16:42 PM CAT",,
7167,ZWE001-0214,ZWE001-0214,41,,Visit 5,1,Conmeds + AE Assessment,date_time,Date of assessment,6/29/2026 00:00:00 ,,"Masiiiwa, Tawanda - 07/Jul/2026 10:16:52 PM CAT",,
7167,ZWE001-0214,ZWE001-0214,41,,Visit 5,1,Conmeds + AE Assessment,yes_no,Are there any changes/updates to the participants concomitant medications or procedures?,No,,"Masiiiwa, Tawanda - 07/Jul/2026 10:16:55 PM CAT",,
7167,ZWE001-0214,ZWE001-0214,41,,Visit 5,1,Conmeds + AE Assessment,text_multi_line,Comments                                  If applicable,,,",  ",,
7167,ZWE001-0214,ZWE001-0214,41,,Visit 5,1,Conmeds + AE Assessment,yes_no,Has the participant experienced any new adverse events since last visits?,No,,"Masiiiwa, Tawanda - 07/Jul/2026 10:16:58 PM CAT",,
7167,ZWE001-0214,ZWE001-0214,41,,Visit 5,1,Conmeds + AE Assessment,yes_no,Has the participant experienced any changes in existing adverse events since last visit ?,No,,"Masiiiwa, Tawanda - 07/Jul/2026 10:16:59 PM CAT",,
7167,ZWE001-0214,ZWE001-0214,41,,Visit 5,1,Conmeds + AE Assessment,text_multi_line,Comments                                  If applicable,,,",  ",,
7167,ZWE001-0214,ZWE001-0214,41,,Visit 5,1,Conmeds + AE Assessment,file_manager,File Upload,,,,,
7167,ZWE001-0214,ZWE001-0214,41,,Visit 5,1,Conmeds + AE Assessment,electronic_signature,Electronic Signature Lock Date/Time,07/Jul/2026 10:17:10 PM CAT,,"Masiiiwa, Tawanda - 07/Jul/2026 10:17:10 PM CAT",,
7167,ZWE001-0214,ZWE001-0214,41,,Visit 5,1,Conmeds + AE Assessment,electronic_signature,Electronic Signature Lock Date/Time,,,,,
7167,ZWE001-0214,ZWE001-0214,41,,Visit 5,1,Type of Visit,EOPE Type of Visit,,,,",  ",,
7167,ZWE001-0214,ZWE001-0214,41,,Visit 5,1,Type of Visit,yes_no,Was visit performed?,Yes,,"Masiiiwa, Tawanda - 07/Jul/2026 10:13:42 PM CAT",,
7167,ZWE001-0214,ZWE001-0214,41,,Visit 5,1,Type of Visit,date_time,Date of the visit:,6/29/2026 00:00:00 ,,"Masiiiwa, Tawanda - 07/Jul/2026 10:14:13 PM CAT",,
7167,ZWE001-0214,ZWE001-0214,41,,Visit 5,1,Type of Visit,radio_group,"Type of Visit (Clinic, Hospital, home)",Hospital,,"Masiiiwa, Tawanda - 07/Jul/2026 10:14:16 PM CAT",,
7167,ZWE001-0214,ZWE001-0214,41,,Visit 5,1,Type of Visit,radio_group,Reason for not performing visit.,,,",  ",,
7167,ZWE001-0214,ZWE001-0214,41,,Visit 5,1,Type of Visit,electronic_signature,Electronic Signature Lock Date/Time,07/Jul/2026 10:16:15 PM CAT,,"Masiiiwa, Tawanda - 07/Jul/2026 10:16:15 PM CAT",,
7167,ZWE001-0214,ZWE001-0214,41,,Medical History / Prior & Concomitant Medications + Sync,1,"Surgeries, Procedures and Hospitalizations",medical_history_ctms,,,,",  ",,
7167,ZWE001-0214,ZWE001-0214,41,,Medical History / Prior & Concomitant Medications + Sync,1,"Surgeries, Procedures and Hospitalizations",yes_no,"Does the subject have any surgeries, procedures or hospitalizations to report?",No,,"Matsikira, Beancer - 22/May/2026 01:57:58 PM CAT",,
7167,ZWE001-0214,ZWE001-0214,41,,Medical History / Prior & Concomitant Medications + Sync,1,"Surgeries, Procedures and Hospitalizations",input_list,,,,",  ",,
7167,ZWE001-0214,ZWE001-0214,41,,Medical History / Prior & Concomitant Medications + Sync,1,"Surgeries, Procedures and Hospitalizations",dropdown,Surgical Condition,,,",  ",,
7167,ZWE001-0214,ZWE001-0214,41,,Medical History / Prior & Concomitant Medications + Sync,1,"Surgeries, Procedures and Hospitalizations",date_time,Start Date,,,,,
7167,ZWE001-0214,ZWE001-0214,41,,Medical History / Prior & Concomitant Medications + Sync,1,"Surgeries, Procedures and Hospitalizations",date_time,End Date,,,,,
7167,ZWE001-0214,ZWE001-0214,41,,Medical History / Prior & Concomitant Medications + Sync,1,"Surgeries, Procedures and Hospitalizations",text_multi_line,Comment,,,",  ",,
7167,ZWE001-0214,ZWE001-0214,41,,Medical History / Prior & Concomitant Medications + Sync,1,Investigator Review,text_multi_line,Comments if applicable,,,",  ",,
7167,ZWE001-0214,ZWE001-0214,41,,Medical History / Prior & Concomitant Medications + Sync,1,Investigator Review,electronic_signature,Electronic Signature Lock Date/Time,22/May/2026 01:54:58 PM CAT,,"Matsikira, Beancer - 22/May/2026 01:54:58 PM CAT",,
7167,ZWE001-0214,ZWE001-0214,41,,Medical History / Prior & Concomitant Medications + Sync,1,Medications / Treatments,medical_history_ctms,,,,",  ",,
7167,ZWE001-0214,ZWE001-0214,41,,Medical History / Prior & Concomitant Medications + Sync,1,Medications / Treatments,yes_no,"Does the subject have any medications, treatments, or therapies to report?",Yes,,"Matsikira, Beancer - 12/May/2026 03:46:52 PM CAT",,
7167,ZWE001-0214,ZWE001-0214,41,,Medical History / Prior & Concomitant Medications + Sync,1,Medications / Treatments,input_list,,,,",  ",,
7167,ZWE001-0214,ZWE001-0214,41,,Medical History / Prior & Concomitant Medications + Sync,1,Medications / Treatments,dropdown,Medication/Treatment Name,"#1 - s:16:""Other Medication"";, #2 - s:10:""Methyldopa"";, #3 - s:16:""Other Medication"";, #4 - s:16:""Other Medication"";, #5 - s:16:""Other Medication"";, #6 - s:7:""Aspirin"";, #7 - s:10:""Nifedipine"";",,"Manginasi, Betty - 28/Jul/2026 08:46:15 AM CAT",CDASH,CMTRT
7167,ZWE001-0214,ZWE001-0214,41,,Medical History / Prior & Concomitant Medications + Sync,1,Medications / Treatments,date_time,Start Date,"#1 - s:18:""0/0/2016 00:00:00 "";, #2 - s:18:""1/0/2026 00:00:00 "";, #3 - s:19:""12/0/2025 00:00:00 "";, #4 - s:19:""4/04/2026 00:00:00 "";, #5 - s:19:""4/04/2026 00:00:00 "";, #6 - s:18:""1/0/2026 00:00:00 "";, #7 - s:19:""6/22/2026 00:00:00 "";",,"Manginasi, Betty - 28/Jul/2026 08:47:09 AM CAT",,
7167,ZWE001-0214,ZWE001-0214,41,,Medical History / Prior & Concomitant Medications + Sync,1,Medications / Treatments,date_time,Stop Date,"#1 - s:18:""1/0/2026 00:00:00 "";, #2 - s:7:""ongoing"";, #3 - s:7:""ongoing"";, #4 - s:7:""ongoing"";, #5 - s:7:""ongoing"";, #6 - s:7:""ongoing"";, #7 - s:7:""ongoing"";",,"Manginasi, Betty - 28/Jul/2026 08:47:10 AM CAT",,
7167,ZWE001-0214,ZWE001-0214,41,,Medical History / Prior & Concomitant Medications + Sync,1,Medications / Treatments,text_single_line,Dose (Individual),"#1 - s:2:""15"";, #2 - s:3:""500"";, #3 - s:1:""1"";, #4 - s:1:""8"";, #5 - s:2:""12"";, #6 - s:3:""150"";, #7 - s:2:""20"";",,"Manginasi, Betty - 28/Jul/2026 08:47:14 AM CAT",CDASH,CMDSTXT
7167,ZWE001-0214,ZWE001-0214,41,,Medical History / Prior & Concomitant Medications + Sync,1,Medications / Treatments,text_single_line,Total Daily Dose,,,",  ",CDASH,CMDOSTOT
7167,ZWE001-0214,ZWE001-0214,41,,Medical History / Prior & Concomitant Medications + Sync,1,Medications / Treatments,dropdown,Dose Unit,"#1 - s:2:""mg"";, #2 - s:2:""mg"";, #3 - s:1:""g"";, #4 - s:2:""IU"";, #5 - s:2:""IU"";, #6 - s:2:""mg"";, #7 - s:2:""mg"";",,"Manginasi, Betty - 28/Jul/2026 08:47:16 AM CAT",CDASH,CMDOSU
7167,ZWE001-0214,ZWE001-0214,41,,Medical History / Prior & Concomitant Medications + Sync,1,Medications / Treatments,dropdown,Route,"#1 - s:9:""PO - Oral"";, #2 - s:9:""PO - Oral"";, #3 - s:9:""PO - Oral"";, #4 - s:17:""SC - Subcutaneous"";, #5 - s:17:""SC - Subcutaneous"";, #6 - s:9:""PO - Oral"";, #7 - s:9:""PO - Oral"";",,"Manginasi, Betty - 28/Jul/2026 08:47:19 AM CAT",,
7167,ZWE001-0214,ZWE001-0214,41,,Medical History / Prior & Concomitant Medications + Sync,1,Medications / Treatments,dropdown,Frequency,"#1 - s:14:""QD - Every Day"";, #2 - s:23:""TID - Three times a day"";, #3 - s:17:""BID - Twice a Day"";, #4 - s:23:""TID - Three times a day"";, #5 - s:17:""BID - Twice a Day"";, #6 - s:14:""QD - Every Day"";, #7 - s:17:""BID - Twice a Day"";",,"Manginasi, Betty - 28/Jul/2026 08:47:23 AM CAT",CDASH,CMDOSFRQ
7167,ZWE001-0214,ZWE001-0214,41,,Medical History / Prior & Concomitant Medications + Sync,1,Medications / Treatments,text_multi_line,Comment,"#1 - s:10:""Bisoprolol"";, #2 - N;, #3 - s:9:""Ranophage"";, #4 - s:8:""Actrapid"";, #5 - s:10:""Protaphane"";, #6 - s:28:""Prophylaxis for preeclampsia"";, #7 - N;",,"Matsikira, Beancer - 12/May/2026 03:52:52 PM CAT",,
7167,ZWE001-0214,ZWE001-0214,41,,Medical History / Prior & Concomitant Medications + Sync,1,Medications / Treatments,condition_surgery_treatment_link_button,Indication,"#1 - s:0:"""";, #2 - s:0:"""";, #3 - s:0:"""";, #4 - s:0:"""";, #5 - s:0:"""";, #6 - N;, #7 - N;",,"Matsikira, Beancer - 12/May/2026 02:38:52 PM CAT",,
7167,ZWE001-0214,ZWE001-0214,41,,Medical History / Prior & Concomitant Medications + Sync,1,Allergies,medical_history_ctms,,,,",  ",,
7167,ZWE001-0214,ZWE001-0214,41,,Medical History / Prior & Concomitant Medications + Sync,1,Allergies,yes_no,Does the subject have any allergies or intolerances to report?,Yes,,"Matsikira, Beancer - 12/May/2026 02:40:20 PM CAT",,
7167,ZWE001-0214,ZWE001-0214,41,,Medical History / Prior & Concomitant Medications + Sync,1,Allergies,input_list,,,,",  ",,
7167,ZWE001-0214,ZWE001-0214,41,,Medical History / Prior & Concomitant Medications + Sync,1,Allergies,text_single_line,Allergen,"#1 - s:6:""Cafein"";",,"Matsikira, Beancer - 12/May/2026 02:41:15 PM CAT",,
7167,ZWE001-0214,ZWE001-0214,41,,Medical History / Prior & Concomitant Medications + Sync,1,Allergies,dropdown,Allergen Type,"#1 - s:10:""Medication"";",,"Matsikira, Beancer - 12/May/2026 02:40:25 PM CAT",,
7167,ZWE001-0214,ZWE001-0214,41,,Medical History / Prior & Concomitant Medications + Sync,1,Allergies,dropdown,Severity,,,",  ",,
7167,ZWE001-0214,ZWE001-0214,41,,Medical History / Prior & Concomitant Medications + Sync,1,Allergies,date_time,Date of Onset,"#1 - s:18:""0/0/2013 00:00:00 "";",,"Matsikira, Beancer - 12/May/2026 02:40:51 PM CAT","CDASH, CDASH","AESTDAT, AESTTIM"
7167,ZWE001-0214,ZWE001-0214,41,,Medical History / Prior & Concomitant Medications + Sync,1,Allergies,date_time,End Date,"#1 - s:7:""ongoing"";",,"Matsikira, Beancer - 12/May/2026 02:40:54 PM CAT","CDASH, CDASH","AESTDAT, AESTTIM"
7167,ZWE001-0214,ZWE001-0214,41,,Medical History / Prior & Concomitant Medications + Sync,1,Allergies,text_multi_line,Reaction,"#1 - s:14:""abdominal pain"";",,"Matsikira, Beancer - 12/May/2026 02:41:58 PM CAT",,
7167,ZWE001-0214,ZWE001-0214,41,,Medical History / Prior & Concomitant Medications + Sync,1,Social History,medical_history_ctms,,,,",  ",,
7167,ZWE001-0214,ZWE001-0214,41,,Medical History / Prior & Concomitant Medications + Sync,1,Social History,yes_no,Does the subject have any social history to report?,No,,"Matsikira, Beancer - 12/May/2026 02:40:04 PM CAT",,
7167,ZWE001-0214,ZWE001-0214,41,,Medical History / Prior & Concomitant Medications + Sync,1,Social History,input_list,,,,",  ",,
7167,ZWE001-0214,ZWE001-0214,41,,Medical History / Prior & Concomitant Medications + Sync,1,Social History,dropdown,Social Condition,,,",  ",,
7167,ZWE001-0214,ZWE001-0214,41,,Medical History / Prior & Concomitant Medications + Sync,1,Social History,date_time,Start Date,,,,,
7167,ZWE001-0214,ZWE001-0214,41,,Medical History / Prior & Concomitant Medications + Sync,1,Social History,date_time,End Date,,,,,
7167,ZWE001-0214,ZWE001-0214,41,,Medical History / Prior & Concomitant Medications + Sync,1,Social History,text_multi_line,Comment,,,",  ",,
7167,ZWE001-0214,ZWE001-0214,41,,Medical History / Prior & Concomitant Medications + Sync,1,Medical Conditions,medical_history_ctms,,,,",  ",,
7167,ZWE001-0214,ZWE001-0214,41,,Medical History / Prior & Concomitant Medications + Sync,1,Medical Conditions,yes_no,Does the subject have any medical conditions to report?,Yes,,"Matsikira, Beancer - 12/May/2026 02:22:26 PM CAT",,
7167,ZWE001-0214,ZWE001-0214,41,,Medical History / Prior & Concomitant Medications + Sync,1,Medical Conditions,input_list,,,,",  ",,
7167,ZWE001-0214,ZWE001-0214,41,,Medical History / Prior & Concomitant Medications + Sync,1,Medical Conditions,dropdown,Medical Condition,"#1 - s:12:""Hypertension"";, #2 - s:16:""Diabetes Type II"";",,"Matsikira, Beancer - 12/May/2026 02:30:08 PM CAT",,
7167,ZWE001-0214,ZWE001-0214,41,,Medical History / Prior & Concomitant Medications + Sync,1,Medical Conditions,dropdown,Body System,"#1 - s:26:""Cardiovascular/Circulatory"";, #2 - s:19:""Endocrine/Metabolic"";",,"Matsikira, Beancer - 12/May/2026 02:30:08 PM CAT",,
7167,ZWE001-0214,ZWE001-0214,41,,Medical History / Prior & Concomitant Medications + Sync,1,Medical Conditions,date_time,Start Date,"#1 - s:18:""0/0/2016 00:00:00 "";, #2 - s:18:""0/0/2025 00:00:00 "";",,"Matsikira, Beancer - 12/May/2026 02:33:26 PM CAT",,
7167,ZWE001-0214,ZWE001-0214,41,,Medical History / Prior & Concomitant Medications + Sync,1,Medical Conditions,date_time,End Date,"#1 - s:7:""ongoing"";, #2 - s:7:""ongoing"";",,"Matsikira, Beancer - 12/May/2026 02:30:33 PM CAT",,
7167,ZWE001-0214,ZWE001-0214,41,,Medical History / Prior & Concomitant Medications + Sync,1,Medical Conditions,dropdown,Severity,,,",  ",,
7167,ZWE001-0214,ZWE001-0214,41,,Medical History / Prior & Concomitant Medications + Sync,1,Medical Conditions,text_multi_line,Comment,,,",  ",,
7167,ZWE001-0214,ZWE001-0214,41,,Medical History / Prior & Concomitant Medications + Sync,1,Medical Conditions,condition_treatment_link_button,,,,",  ",,
7167,ZWE001-0214,ZWE001-0214,41,,Visit 3,1,Urinalysis Results,yes_no,Was urine sample collected for urinalysis,Yes,,"Manginasi, Betty - 27/May/2026 12:09:27 PM CAT",,
7167,ZWE001-0214,ZWE001-0214,41,,Visit 3,1,Urinalysis Results,date_time,Date and time of sample collection,5/27/2026 14:52:00 ,,"Manginasi, Betty - 27/May/2026 03:36:15 PM CAT",,
7167,ZWE001-0214,ZWE001-0214,41,,Visit 3,1,Urinalysis Results,EOPE Urinalysis,,,,",  ",,
7167,ZWE001-0214,ZWE001-0214,41,,Visit 3,1,Urinalysis Results,radio_group,Urine blood results,Negative,,"Mukosera, Caroline  - 21/Jul/2026 09:04:19 AM CAT",,
7167,ZWE001-0214,ZWE001-0214,41,,Visit 3,1,Urinalysis Results,radio_group,Blood results interpretation,Normal,,"Mukosera, Caroline  - 21/Jul/2026 09:04:20 AM CAT",,
7167,ZWE001-0214,ZWE001-0214,41,,Visit 3,1,Urinalysis Results,text_multi_line,Comment if Abnormal CS/NCS,,,",  ",,
7167,ZWE001-0214,ZWE001-0214,41,,Visit 3,1,Urinalysis Results,radio_group,Urine ketones results,Trace,,"Mukosera, Caroline  - 21/Jul/2026 09:04:23 AM CAT",,
7167,ZWE001-0214,ZWE001-0214,41,,Visit 3,1,Urinalysis Results,radio_group,Ketones results interpretation,Abnormal (NCS),,"Mukosera, Caroline  - 21/Jul/2026 09:04:31 AM CAT",,
7167,ZWE001-0214,ZWE001-0214,41,,Visit 3,1,Urinalysis Results,text_multi_line,Comment if Abnormal CS/NCS,NCS,,"Mukosera, Caroline  - 21/Jul/2026 09:04:37 AM CAT",,
7167,ZWE001-0214,ZWE001-0214,41,,Visit 3,1,Urinalysis Results,radio_group,Urine leukocytes results,Negative,,"Mukosera, Caroline  - 21/Jul/2026 09:04:37 AM CAT",,
7167,ZWE001-0214,ZWE001-0214,41,,Visit 3,1,Urinalysis Results,radio_group,Leukocytes results interpretation,Normal,,"Mukosera, Caroline  - 21/Jul/2026 09:04:38 AM CAT",,
7167,ZWE001-0214,ZWE001-0214,41,,Visit 3,1,Urinalysis Results,text_multi_line,Comment if Abnormal CS/NCS,,,",  ",,
7167,ZWE001-0214,ZWE001-0214,41,,Visit 3,1,Urinalysis Results,radio_group,Urine nitrites results,Negative,,"Mukosera, Caroline  - 21/Jul/2026 09:04:46 AM CAT",,
7167,ZWE001-0214,ZWE001-0214,41,,Visit 3,1,Urinalysis Results,radio_group,Nitrites results interpretation,Normal,,"Mukosera, Caroline  - 21/Jul/2026 09:04:47 AM CAT",,
7167,ZWE001-0214,ZWE001-0214,41,,Visit 3,1,Urinalysis Results,text_multi_line,Comment if Abnormal CS/NCS,,,",  ",,
7167,ZWE001-0214,ZWE001-0214,41,,Visit 3,1,Urinalysis Results,radio_group,Urine protein results,Trace,,"Mukosera, Caroline  - 21/Jul/2026 02:22:00 PM CAT",,
7167,ZWE001-0214,ZWE001-0214,41,,Visit 3,1,Urinalysis Results,radio_group,Protein results interpretation,Abnormal (NCS),,"Mukosera, Caroline  - 21/Jul/2026 02:22:02 PM CAT",,
7167,ZWE001-0214,ZWE001-0214,41,,Visit 3,1,Urinalysis Results,text_multi_line,Comment if Abnormal CS/NCS,NCS,,"Mukosera, Caroline  - 21/Jul/2026 02:22:07 PM CAT",,
7167,ZWE001-0214,ZWE001-0214,41,,Visit 3,1,Urinalysis Results,radio_group,Urine glucose results,Negative,,"Mukosera, Caroline  - 21/Jul/2026 02:22:07 PM CAT",,
7167,ZWE001-0214,ZWE001-0214,41,,Visit 3,1,Urinalysis Results,radio_group,Urine glucose results interpretation,Normal,,"Mukosera, Caroline  - 21/Jul/2026 02:22:09 PM CAT",,
7167,ZWE001-0214,ZWE001-0214,41,,Visit 3,1,Urinalysis Results,text_multi_line,Comment if Abnormal CS/NCS,,,",  ",,
7167,ZWE001-0214,ZWE001-0214,41,,Visit 3,1,Urinalysis Results,file_manager,File Upload,ZWE0010214 V03-Female40 years-424_urinalysis.pdf,,"Mukosera, Caroline  - 21/Jul/2026 02:23:08 PM CAT",,
7167,ZWE001-0214,ZWE001-0214,41,,Visit 3,1,Urinalysis Results,electronic_signature,Electronic Signature Lock Date/Time,21/Jul/2026 09:05:11 AM CAT,,"Mukosera, Caroline  - 21/Jul/2026 09:05:11 AM CAT",,
7167,ZWE001-0214,ZWE001-0214,41,,Visit 3,1,Urinalysis Results,electronic_signature,Electronic Signature Lock Date/Time,21/Jul/2026 02:24:03 PM CAT,,"Mukosera, Caroline  - 21/Jul/2026 02:24:04 PM CAT",,
7167,ZWE001-0214,ZWE001-0214,41,,Visit 3,1,Assessment of Proteinuria,EOPE Assessment of proteinuria,,,,",  ",,
7167,ZWE001-0214,ZWE001-0214,41,,Visit 3,1,Assessment of Proteinuria,yes_no,Was assessment of proteinuria performed?,Yes,,"Mukosera, Caroline  - 21/Jul/2026 09:04:11 AM CAT",,
7167,ZWE001-0214,ZWE001-0214,41,,Visit 3,1,Assessment of Proteinuria,text_multi_line,"One of the two tests must be performed. If not done, please provide a reason",,,",  ",,
7167,ZWE001-0214,ZWE001-0214,41,,Visit 3,1,Assessment of Proteinuria,yes_no,Was a urine protein dipstick test performed?,Yes,,"Mukosera, Caroline  - 21/Jul/2026 09:04:13 AM CAT",,
7167,ZWE001-0214,ZWE001-0214,41,,Visit 3,1,Assessment of Proteinuria,date_time,Date and time of urine dipstick  test,5/28/2026 18:57:00 ,,"Mukosera, Caroline  - 21/Jul/2026 02:21:28 PM CAT",,
7167,ZWE001-0214,ZWE001-0214,41,,Visit 3,1,Assessment of Proteinuria,radio_group,Urine protein dipstick test results,Trace,,"Mukosera, Caroline  - 21/Jul/2026 02:21:41 PM CAT",,
7167,ZWE001-0214,ZWE001-0214,41,,Visit 3,1,Assessment of Proteinuria,yes_no,Was a spot urine test for protein performed?,No,,"Mukosera, Caroline  - 21/Jul/2026 09:04:14 AM CAT",,
7167,ZWE001-0214,ZWE001-0214,41,,Visit 3,1,Assessment of Proteinuria,date_time,Date and time of spot urine test for protein,,,,,
7167,ZWE001-0214,ZWE001-0214,41,,Visit 3,1,Assessment of Proteinuria,numeric,Spot urine test for protein result,,,",  ",,
7167,ZWE001-0214,ZWE001-0214,41,,Visit 3,1,Assessment of Proteinuria,yes_no,Was a spot urine test for protein/creatinine ratio performed?,No,,"Mukosera, Caroline  - 21/Jul/2026 09:04:15 AM CAT",,
7167,ZWE001-0214,ZWE001-0214,41,,Visit 3,1,Assessment of Proteinuria,date_time,Date and time of spot urine test for protein/creatinine ratio,,,,,
7167,ZWE001-0214,ZWE001-0214,41,,Visit 3,1,Assessment of Proteinuria,numeric,Spot urine test for protein/creatinine ratio result,,,",  ",,
7167,ZWE001-0214,ZWE001-0214,41,,Visit 3,1,Assessment of Proteinuria,text_multi_line,Comments: (Provide any relevant information),,,",  ",,
7167,ZWE001-0214,ZWE001-0214,41,,Visit 3,1,Assessment of Proteinuria,file_manager,File Upload,ZWE0010214 V03-Female40 years-424_urinalysis.pdf,,"Mukosera, Caroline  - 21/Jul/2026 02:20:55 PM CAT",,
7167,ZWE001-0214,ZWE001-0214,41,,Visit 3,1,Assessment of Proteinuria,electronic_signature,Electronic Signature Lock Date/Time,21/Jul/2026 02:21:46 PM CAT,,"Mukosera, Caroline  - 21/Jul/2026 02:21:47 PM CAT",,
7167,ZWE001-0214,ZWE001-0214,41,,Visit 3,1,Biochemistry Results,EOPE Biochemistry,,,,",  ",,
7167,ZWE001-0214,ZWE001-0214,41,,Visit 3,1,Biochemistry Results,yes_no,Was biochemistry sample collected?,Yes,,"Manginasi, Betty - 27/May/2026 12:09:19 PM CAT",,
7167,ZWE001-0214,ZWE001-0214,41,,Visit 3,1,Biochemistry Results,date_time,Date and time of sample collection,5/27/2026 14:50:00 ,,"Manginasi, Betty - 27/May/2026 03:36:06 PM CAT",,
7167,ZWE001-0214,ZWE001-0214,41,,Visit 3,1,Biochemistry Results,numeric,Glucose Result,,,",  ",,
7167,ZWE001-0214,ZWE001-0214,41,,Visit 3,1,Biochemistry Results,numeric,Low range,,,",  ",,
7167,ZWE001-0214,ZWE001-0214,41,,Visit 3,1,Biochemistry Results,numeric,High range,,,",  ",,
7167,ZWE001-0214,ZWE001-0214,41,,Visit 3,1,Biochemistry Results,radio_group,Glucose result interpretation,,,",  ",,
7167,ZWE001-0214,ZWE001-0214,41,,Visit 3,1,Biochemistry Results,text_multi_line,Comment if abnormal CS/NCS,,,",  ",,
7167,ZWE001-0214,ZWE001-0214,41,,Visit 3,1,Biochemistry Results,numeric,Blood urea nitrogen Result,,,",  ",,
7167,ZWE001-0214,ZWE001-0214,41,,Visit 3,1,Biochemistry Results,numeric,Low range,,,",  ",,
7167,ZWE001-0214,ZWE001-0214,41,,Visit 3,1,Biochemistry Results,numeric,High range,,,",  ",,
7167,ZWE001-0214,ZWE001-0214,41,,Visit 3,1,Biochemistry Results,radio_group,Blood urea nitrogen result interpretation,,,",  ",,
7167,ZWE001-0214,ZWE001-0214,41,,Visit 3,1,Biochemistry Results,text_multi_line,Comment if abnormal CS/NCS,,,",  ",,
7167,ZWE001-0214,ZWE001-0214,41,,Visit 3,1,Biochemistry Results,numeric,Creatinine Result,36.74,,"Mukosera, Caroline  - 21/Jul/2026 09:02:41 AM CAT",,
7167,ZWE001-0214,ZWE001-0214,41,,Visit 3,1,Biochemistry Results,numeric,Low range,,,",  ",,
7167,ZWE001-0214,ZWE001-0214,41,,Visit 3,1,Biochemistry Results,numeric,High range,,,",  ",,
7167,ZWE001-0214,ZWE001-0214,41,,Visit 3,1,Biochemistry Results,radio_group,Creatinine result interpretation,Abnormal (NCS),,"Mukosera, Caroline  - 21/Jul/2026 09:02:41 AM CAT",,
7167,ZWE001-0214,ZWE001-0214,41,,Visit 3,1,Biochemistry Results,text_multi_line,Comment if abnormal CS/NCS,NCS,,"Mukosera, Caroline  - 21/Jul/2026 09:02:45 AM CAT",,
7167,ZWE001-0214,ZWE001-0214,41,,Visit 3,1,Biochemistry Results,numeric,Alanine Aminotransferase (ALT) Result,7.23,,"Mukosera, Caroline  - 21/Jul/2026 09:02:51 AM CAT",,
7167,ZWE001-0214,ZWE001-0214,41,,Visit 3,1,Biochemistry Results,numeric,Low range,,,",  ",,
7167,ZWE001-0214,ZWE001-0214,41,,Visit 3,1,Biochemistry Results,numeric,High range,,,",  ",,
7167,ZWE001-0214,ZWE001-0214,41,,Visit 3,1,Biochemistry Results,radio_group,Alanine Aminotransferase result interpretation,Normal,,"Mukosera, Caroline  - 21/Jul/2026 09:04:08 AM CAT",,
7167,ZWE001-0214,ZWE001-0214,41,,Visit 3,1,Biochemistry Results,text_multi_line,Comment if abnormal CS/NCS,,,",  ",,
7167,ZWE001-0214,ZWE001-0214,41,,Visit 3,1,Biochemistry Results,numeric,Aspartate aminotransferase (AST) Result,11.55,,"Mukosera, Caroline  - 21/Jul/2026 09:02:58 AM CAT",,
7167,ZWE001-0214,ZWE001-0214,41,,Visit 3,1,Biochemistry Results,numeric,Low range,,,",  ",,
7167,ZWE001-0214,ZWE001-0214,41,,Visit 3,1,Biochemistry Results,numeric,High range,,,",  ",,
7167,ZWE001-0214,ZWE001-0214,41,,Visit 3,1,Biochemistry Results,radio_group,Aspartate Aminotransferase result interpretation,Normal,,"Mukosera, Caroline  - 21/Jul/2026 09:02:59 AM CAT",,
7167,ZWE001-0214,ZWE001-0214,41,,Visit 3,1,Biochemistry Results,text_multi_line,Comment if abnormal CS/NCS,,,",  ",,
7167,ZWE001-0214,ZWE001-0214,41,,Visit 3,1,Biochemistry Results,numeric,Alkaline phosphatase (ALP) Result,91.32,,"Mukosera, Caroline  - 21/Jul/2026 09:03:07 AM CAT",,
7167,ZWE001-0214,ZWE001-0214,41,,Visit 3,1,Biochemistry Results,numeric,Low range,,,",  ",,
7167,ZWE001-0214,ZWE001-0214,41,,Visit 3,1,Biochemistry Results,numeric,High range,,,",  ",,
7167,ZWE001-0214,ZWE001-0214,41,,Visit 3,1,Biochemistry Results,radio_group,Alkaline phosphatase result interpretation,Normal,,"Mukosera, Caroline  - 21/Jul/2026 09:03:07 AM CAT",,
7167,ZWE001-0214,ZWE001-0214,41,,Visit 3,1,Biochemistry Results,text_multi_line,Comment if abnormal CS/NCS,,,",  ",,
7167,ZWE001-0214,ZWE001-0214,41,,Visit 3,1,Biochemistry Results,numeric,Total Bilirubin Result,5.6,,"Mukosera, Caroline  - 21/Jul/2026 09:03:12 AM CAT",,
7167,ZWE001-0214,ZWE001-0214,41,,Visit 3,1,Biochemistry Results,numeric,Low range,,,",  ",,
7167,ZWE001-0214,ZWE001-0214,41,,Visit 3,1,Biochemistry Results,numeric,High range,,,",  ",,
7167,ZWE001-0214,ZWE001-0214,41,,Visit 3,1,Biochemistry Results,radio_group,Total bilirubin result interpretation,Normal,,"Mukosera, Caroline  - 21/Jul/2026 09:03:12 AM CAT",,
7167,ZWE001-0214,ZWE001-0214,41,,Visit 3,1,Biochemistry Results,text_multi_line,Comment if abnormal CS/NCS,,,",  ",,
7167,ZWE001-0214,ZWE001-0214,41,,Visit 3,1,Biochemistry Results,numeric,Lactate dehydrogenase (LDH ) Result,162.74,,"Mukosera, Caroline  - 21/Jul/2026 09:03:21 AM CAT",,
7167,ZWE001-0214,ZWE001-0214,41,,Visit 3,1,Biochemistry Results,numeric,Low range,,,",  ",,
7167,ZWE001-0214,ZWE001-0214,41,,Visit 3,1,Biochemistry Results,numeric,High range,,,",  ",,
7167,ZWE001-0214,ZWE001-0214,41,,Visit 3,1,Biochemistry Results,radio_group,Lactate dehydrogenase result interpretation,Abnormal (NCS),,"Mukosera, Caroline  - 21/Jul/2026 09:03:21 AM CAT",,
7167,ZWE001-0214,ZWE001-0214,41,,Visit 3,1,Biochemistry Results,text_multi_line,Comment if abnormal CS/NCS,NCS,,"Mukosera, Caroline  - 21/Jul/2026 09:03:24 AM CAT",,
7167,ZWE001-0214,ZWE001-0214,41,,Visit 3,1,Biochemistry Results,file_manager,File Upload,ZWE0010214 V03-Female40 years-424_biochemistry.pdf,,"Mukosera, Caroline  - 21/Jul/2026 02:20:45 PM CAT",,
7167,ZWE001-0214,ZWE001-0214,41,,Visit 3,1,Biochemistry Results,electronic_signature,Electronic Signature Lock Date/Time,21/Jul/2026 09:03:46 AM CAT,,"Mukosera, Caroline  - 21/Jul/2026 09:03:47 AM CAT",,
7167,ZWE001-0214,ZWE001-0214,41,,Visit 3,1,Biochemistry Results,electronic_signature,Electronic Signature Lock Date/Time,21/Jul/2026 09:03:57 AM CAT,,"Mukosera, Caroline  - 21/Jul/2026 09:03:58 AM CAT",,
7167,ZWE001-0214,ZWE001-0214,41,,Visit 3,1,Hematology Results,EOPE Hematology,,,,",  ",,
7167,ZWE001-0214,ZWE001-0214,41,,Visit 3,1,Hematology Results,yes_no,Was hematology sample collected?,Yes,,"Manginasi, Betty - 27/May/2026 12:09:06 PM CAT",,
7167,ZWE001-0214,ZWE001-0214,41,,Visit 3,1,Hematology Results,date_time,Date and Time of sample collection,5/27/2026 14:50:00 ,,"Manginasi, Betty - 27/May/2026 03:35:56 PM CAT",,
7167,ZWE001-0214,ZWE001-0214,41,,Visit 3,1,Hematology Results,numeric,Hemoglobin,11.97,,"Mukosera, Caroline  - 21/Jul/2026 09:00:25 AM CAT",,
7167,ZWE001-0214,ZWE001-0214,41,,Visit 3,1,Hematology Results,numeric,Low range,,,",  ",,
7167,ZWE001-0214,ZWE001-0214,41,,Visit 3,1,Hematology Results,numeric,High range,,,",  ",,
7167,ZWE001-0214,ZWE001-0214,41,,Visit 3,1,Hematology Results,radio_group,Hemoglobin result interpretation,Normal,,"Mukosera, Caroline  - 21/Jul/2026 09:00:49 AM CAT",,
7167,ZWE001-0214,ZWE001-0214,41,,Visit 3,1,Hematology Results,text_multi_line,Comment if abnormal CS/NCS,,,",  ",,
7167,ZWE001-0214,ZWE001-0214,41,,Visit 3,1,Hematology Results,numeric,Hematocrit,35.2,,"Mukosera, Caroline  - 21/Jul/2026 09:00:59 AM CAT",,
7167,ZWE001-0214,ZWE001-0214,41,,Visit 3,1,Hematology Results,numeric,Low range,,,",  ",,
7167,ZWE001-0214,ZWE001-0214,41,,Visit 3,1,Hematology Results,numeric,High range,,,",  ",,
7167,ZWE001-0214,ZWE001-0214,41,,Visit 3,1,Hematology Results,radio_group,Hematocrit result interpretation,Abnormal (NCS),,"Mukosera, Caroline  - 21/Jul/2026 09:00:59 AM CAT",,
7167,ZWE001-0214,ZWE001-0214,41,,Visit 3,1,Hematology Results,text_multi_line,Comment if abnormal CS/NCS,NCS,,"Mukosera, Caroline  - 21/Jul/2026 09:01:11 AM CAT",,
7167,ZWE001-0214,ZWE001-0214,41,,Visit 3,1,Hematology Results,numeric,White blood cell count,6.57,,"Mukosera, Caroline  - 21/Jul/2026 09:01:16 AM CAT",,
7167,ZWE001-0214,ZWE001-0214,41,,Visit 3,1,Hematology Results,numeric,Low range,,,",  ",,
7167,ZWE001-0214,ZWE001-0214,41,,Visit 3,1,Hematology Results,numeric,High range,,,",  ",,
7167,ZWE001-0214,ZWE001-0214,41,,Visit 3,1,Hematology Results,radio_group,White blood cell count result interpretation,Normal,,"Mukosera, Caroline  - 21/Jul/2026 09:01:16 AM CAT",,
7167,ZWE001-0214,ZWE001-0214,41,,Visit 3,1,Hematology Results,text_multi_line,Comment if abnormal CS/NCS,,,",  ",,
7167,ZWE001-0214,ZWE001-0214,41,,Visit 3,1,Hematology Results,numeric,Red blood cell count,3.81,,"Mukosera, Caroline  - 21/Jul/2026 09:01:23 AM CAT",,
7167,ZWE001-0214,ZWE001-0214,41,,Visit 3,1,Hematology Results,numeric,Low range,,,",  ",,
7167,ZWE001-0214,ZWE001-0214,41,,Visit 3,1,Hematology Results,numeric,High range,,,",  ",,
7167,ZWE001-0214,ZWE001-0214,41,,Visit 3,1,Hematology Results,radio_group,Red blood cell count result interpretation,Normal,,"Mukosera, Caroline  - 21/Jul/2026 09:01:23 AM CAT",,
7167,ZWE001-0214,ZWE001-0214,41,,Visit 3,1,Hematology Results,text_multi_line,Comment if abnormal CS/NCS,,,",  ",,
7167,ZWE001-0214,ZWE001-0214,41,,Visit 3,1,Hematology Results,numeric,Platelets count,223,,"Mukosera, Caroline  - 21/Jul/2026 09:01:28 AM CAT",,
7167,ZWE001-0214,ZWE001-0214,41,,Visit 3,1,Hematology Results,numeric,Low range,,,",  ",,
7167,ZWE001-0214,ZWE001-0214,41,,Visit 3,1,Hematology Results,numeric,High range,,,",  ",,
7167,ZWE001-0214,ZWE001-0214,41,,Visit 3,1,Hematology Results,radio_group,Platelets count result interpretation,Normal,,"Mukosera, Caroline  - 21/Jul/2026 09:01:28 AM CAT",,
7167,ZWE001-0214,ZWE001-0214,41,,Visit 3,1,Hematology Results,text_multi_line,Comment if abnormal CS/NCS,,,",  ",,
7167,ZWE001-0214,ZWE001-0214,41,,Visit 3,1,Hematology Results,numeric,Absolute neutrophil count,5.03,,"Mukosera, Caroline  - 21/Jul/2026 09:01:35 AM CAT",,
7167,ZWE001-0214,ZWE001-0214,41,,Visit 3,1,Hematology Results,numeric,Low range,,,",  ",,
7167,ZWE001-0214,ZWE001-0214,41,,Visit 3,1,Hematology Results,numeric,High range,,,",  ",,
7167,ZWE001-0214,ZWE001-0214,41,,Visit 3,1,Hematology Results,radio_group,Absolute neutrophil count result interpretation,Normal,,"Mukosera, Caroline  - 21/Jul/2026 09:01:35 AM CAT",,
7167,ZWE001-0214,ZWE001-0214,41,,Visit 3,1,Hematology Results,text_multi_line,Comment if abnormal CS/NCS,,,",  ",,
7167,ZWE001-0214,ZWE001-0214,41,,Visit 3,1,Hematology Results,numeric,Absolute lymphocytes count,1.14,,"Mukosera, Caroline  - 21/Jul/2026 09:01:44 AM CAT",,
7167,ZWE001-0214,ZWE001-0214,41,,Visit 3,1,Hematology Results,numeric,Low range,,,",  ",,
7167,ZWE001-0214,ZWE001-0214,41,,Visit 3,1,Hematology Results,numeric,High range,,,",  ",,
7167,ZWE001-0214,ZWE001-0214,41,,Visit 3,1,Hematology Results,radio_group,Absolute lymphocytes count result interpretation,Abnormal (NCS),,"Mukosera, Caroline  - 21/Jul/2026 09:01:44 AM CAT",,
7167,ZWE001-0214,ZWE001-0214,41,,Visit 3,1,Hematology Results,text_multi_line,Comment if abnormal CS/NCS,NCS,,"Mukosera, Caroline  - 21/Jul/2026 09:01:48 AM CAT",,
7167,ZWE001-0214,ZWE001-0214,41,,Visit 3,1,Hematology Results,file_manager,File Upload,ZWE0010214 V03-Female40 years-424_hematology.pdf,,"Mukosera, Caroline  - 21/Jul/2026 02:20:32 PM CAT",,
7167,ZWE001-0214,ZWE001-0214,41,,Visit 3,1,Hematology Results,electronic_signature,Electronic Signature Lock Date/Time,21/Jul/2026 09:02:13 AM CAT,,"Mukosera, Caroline  - 21/Jul/2026 09:02:13 AM CAT",,
7167,ZWE001-0214,ZWE001-0214,41,,Visit 3,1,Hematology Results,electronic_signature,Electronic Signature Lock Date/Time,21/Jul/2026 09:02:30 AM CAT,,"Mukosera, Caroline  - 21/Jul/2026 09:02:30 AM CAT",,
7167,ZWE001-0214,ZWE001-0214,41,,Visit 3,1,Lab Sample Collection Form,EOPE Lab Request Form,,,,",  ",,
7167,ZWE001-0214,ZWE001-0214,41,,Visit 3,1,Lab Sample Collection Form,text_single_line,PTID,ZWE001-0214,,"Manginasi, Betty - 27/May/2026 12:08:03 PM CAT",,
7167,ZWE001-0214,ZWE001-0214,41,,Visit 3,1,Lab Sample Collection Form,date_time,Date of collection,5/27/2026 12:08:00 ,,"Manginasi, Betty - 27/May/2026 12:08:03 PM CAT",,
7167,ZWE001-0214,ZWE001-0214,41,,Visit 3,1,Lab Sample Collection Form,yes_no,Fasting,No,,"Manginasi, Betty - 27/May/2026 12:08:06 PM CAT",,
7167,ZWE001-0214,ZWE001-0214,41,,Visit 3,1,Lab Sample Collection Form,date_of_birth,Date of Birth ...,9/16/1985 ,,"Manginasi, Betty - 27/May/2026 12:08:29 PM CAT",,
7167,ZWE001-0214,ZWE001-0214,41,,Visit 3,1,Lab Sample Collection Form,numeric,Visit number,3,,"Manginasi, Betty - 27/May/2026 12:08:33 PM CAT",,
7167,ZWE001-0214,ZWE001-0214,41,,Visit 3,1,Lab Sample Collection Form,numeric,Expected number of EDTA tubes,,,",  ",,
7167,ZWE001-0214,ZWE001-0214,41,,Visit 3,1,Lab Sample Collection Form,numeric,Actual number of EDTA tubes,1,,"Manginasi, Betty - 27/May/2026 12:08:34 PM CAT",,
7167,ZWE001-0214,ZWE001-0214,41,,Visit 3,1,Lab Sample Collection Form,numeric,Expected number of SST tubes,,,",  ",,
7167,ZWE001-0214,ZWE001-0214,41,,Visit 3,1,Lab Sample Collection Form,numeric,Actual number of SST tubes,2,,"Manginasi, Betty - 27/May/2026 12:08:37 PM CAT",,
7167,ZWE001-0214,ZWE001-0214,41,,Visit 3,1,Lab Sample Collection Form,date_time,Time of blood sample collection,0/0/0 14:50:00 ,,"Manginasi, Betty - 27/May/2026 03:36:39 PM CAT",,
7167,ZWE001-0214,ZWE001-0214,41,,Visit 3,1,Lab Sample Collection Form,numeric,Expected number of urine bottles,,,",  ",,
7167,ZWE001-0214,ZWE001-0214,41,,Visit 3,1,Lab Sample Collection Form,numeric,Actual number of urine bottles,1,,"Manginasi, Betty - 27/May/2026 12:08:40 PM CAT",,
7167,ZWE001-0214,ZWE001-0214,41,,Visit 3,1,Lab Sample Collection Form,date_time,Time of urine sample collection,0/0/0 14:52:00 ,,"Manginasi, Betty - 27/May/2026 03:34:58 PM CAT",,
7167,ZWE001-0214,ZWE001-0214,41,,Visit 3,1,Lab Sample Collection Form,yes_no,Biomarker analysis sample collected?,Yes,,"Manginasi, Betty - 27/May/2026 12:08:40 PM CAT",,
7167,ZWE001-0214,ZWE001-0214,41,,Visit 3,1,Lab Sample Collection Form,yes_no,FBC,Yes,,"Manginasi, Betty - 27/May/2026 12:08:41 PM CAT",,
7167,ZWE001-0214,ZWE001-0214,41,,Visit 3,1,Lab Sample Collection Form,yes_no,QC (Lab),,,,,
7167,ZWE001-0214,ZWE001-0214,41,,Visit 3,1,Lab Sample Collection Form,yes_no,LFT,Yes,,"Manginasi, Betty - 27/May/2026 12:08:42 PM CAT",,
7167,ZWE001-0214,ZWE001-0214,41,,Visit 3,1,Lab Sample Collection Form,yes_no,QC (Lab),,,,,
7167,ZWE001-0214,ZWE001-0214,41,,Visit 3,1,Lab Sample Collection Form,yes_no,LDH,Yes,,"Manginasi, Betty - 27/May/2026 12:08:43 PM CAT",,
7167,ZWE001-0214,ZWE001-0214,41,,Visit 3,1,Lab Sample Collection Form,yes_no,QC (Lab),,,,,
7167,ZWE001-0214,ZWE001-0214,41,,Visit 3,1,Lab Sample Collection Form,yes_no,Creatinine,Yes,,"Manginasi, Betty - 27/May/2026 12:08:45 PM CAT",,
7167,ZWE001-0214,ZWE001-0214,41,,Visit 3,1,Lab Sample Collection Form,yes_no,QC (Lab),,,,,
7167,ZWE001-0214,ZWE001-0214,41,,Visit 3,1,Lab Sample Collection Form,yes_no,Urinalysis,Yes,,"Manginasi, Betty - 27/May/2026 12:08:45 PM CAT",,
7167,ZWE001-0214,ZWE001-0214,41,,Visit 3,1,Lab Sample Collection Form,yes_no,QC (Lab),,,,,
7167,ZWE001-0214,ZWE001-0214,41,,Visit 3,1,Lab Sample Collection Form,yes_no,Shuwen Circa Red,Yes,,"Manginasi, Betty - 27/May/2026 12:08:45 PM CAT",,
7167,ZWE001-0214,ZWE001-0214,41,,Visit 3,1,Lab Sample Collection Form,yes_no,QC (Lab),,,,,
7167,ZWE001-0214,ZWE001-0214,41,,Visit 3,1,Lab Sample Collection Form,yes_no,Tigsun PIGf/sFLT-1,Yes,,"Manginasi, Betty - 27/May/2026 12:08:48 PM CAT",,
7167,ZWE001-0214,ZWE001-0214,41,,Visit 3,1,Lab Sample Collection Form,yes_no,QC (Lab),,,,,
7167,ZWE001-0214,ZWE001-0214,41,,Visit 3,1,Lab Sample Collection Form,yes_no,Aucheer PIGf/sFLT-1,Yes,,"Manginasi, Betty - 27/May/2026 12:08:48 PM CAT",,
7167,ZWE001-0214,ZWE001-0214,41,,Visit 3,1,Lab Sample Collection Form,yes_no,QC (Lab),,,,,
7167,ZWE001-0214,ZWE001-0214,41,,Visit 3,1,Lab Sample Collection Form,yes_no,Serum,Yes,,"Manginasi, Betty - 27/May/2026 12:08:49 PM CAT",,
7167,ZWE001-0214,ZWE001-0214,41,,Visit 3,1,Lab Sample Collection Form,yes_no,QC (Lab),,,,CDASH,
7167,ZWE001-0214,ZWE001-0214,41,,Visit 3,1,Lab Sample Collection Form,electronic_signature,Electronic Signature Lock Date/Time,27/May/2026 12:08:56 PM CAT,,"Manginasi, Betty - 27/May/2026 12:08:57 PM CAT",,
7167,ZWE001-0214,ZWE001-0214,41,,Visit 3,1,Lab Sample Collection Form,numeric,Research Nurse (Actual),17.2,,"Manginasi, Betty - 27/May/2026 03:35:17 PM CAT",,
7167,ZWE001-0214,ZWE001-0214,41,,Visit 3,1,Lab Sample Collection Form,numeric,Research Nurse (Min),17,,"Manginasi, Betty - 27/May/2026 03:35:23 PM CAT",,
7167,ZWE001-0214,ZWE001-0214,41,,Visit 3,1,Lab Sample Collection Form,numeric,Research Nurse (Max),18.7,,"Manginasi, Betty - 27/May/2026 03:35:34 PM CAT",,
7167,ZWE001-0214,ZWE001-0214,41,,Visit 3,1,Lab Sample Collection Form,date_time,Date and time sent,5/27/2026 15:15:00 ,,"Manginasi, Betty - 27/May/2026 03:35:14 PM CAT",,
7167,ZWE001-0214,ZWE001-0214,41,,Visit 3,1,Lab Sample Collection Form,electronic_signature,Electronic Signature Lock Date/Time,,,,,
7167,ZWE001-0214,ZWE001-0214,41,,Visit 3,1,Lab Sample Collection Form,numeric,Lab (Actual),,,",  ",,
7167,ZWE001-0214,ZWE001-0214,41,,Visit 3,1,Lab Sample Collection Form,numeric,Lab (Min),,,",  ",,
7167,ZWE001-0214,ZWE001-0214,41,,Visit 3,1,Lab Sample Collection Form,numeric,Lab (Max),,,",  ",,
7167,ZWE001-0214,ZWE001-0214,41,,Visit 3,1,Lab Sample Collection Form,text_single_line,Lab (Thermo ID),,,",  ",,
7167,ZWE001-0214,ZWE001-0214,41,,Visit 3,1,Lab Sample Collection Form,text_multi_line,Lab comments,,,",  ",,
7167,ZWE001-0214,ZWE001-0214,41,,Visit 3,1,Lab Sample Collection Form,file_manager,File Upload,,,,,
7167,ZWE001-0214,ZWE001-0214,41,,Visit 3,1,Lab Sample Collection Form,electronic_signature,Electronic Signature Lock Date/Time,,,,,
7167,ZWE001-0214,ZWE001-0214,41,,Visit 3,1,Lab Sample Collection Form,electronic_signature,Electronic Signature Lock Date/Time,,,,,
7167,ZWE001-0214,ZWE001-0214,41,,Visit 3,1,Vital Signs/Weight Height,TEMPO Vital signs\/Weight Height,,,,",  ",,
7167,ZWE001-0214,ZWE001-0214,41,,Visit 3,1,Vital Signs/Weight Height,yes_no,Were vital signs performed?,Yes,,"Manginasi, Betty - 27/May/2026 12:07:06 PM CAT",,
7167,ZWE001-0214,ZWE001-0214,41,,Visit 3,1,Vital Signs/Weight Height,text_multi_line,"If not done, please provide a reason",,,",  ",,
7167,ZWE001-0214,ZWE001-0214,41,,Visit 3,1,Vital Signs/Weight Height,date_time,Date and time of assessment,5/27/2026 12:07:00 ,,"Manginasi, Betty - 27/May/2026 12:07:08 PM CAT",,
7167,ZWE001-0214,ZWE001-0214,41,,Visit 3,1,Vital Signs/Weight Height,numeric,Systolic blood pressure,132,,"Manginasi, Betty - 27/May/2026 12:16:24 PM CAT",,
7167,ZWE001-0214,ZWE001-0214,41,,Visit 3,1,Vital Signs/Weight Height,text_multi_line,Comment if out of normal range,,,",  ",,
7167,ZWE001-0214,ZWE001-0214,41,,Visit 3,1,Vital Signs/Weight Height,numeric,Diastolic blood pressure,89,,"Manginasi, Betty - 27/May/2026 12:16:29 PM CAT",,
7167,ZWE001-0214,ZWE001-0214,41,,Visit 3,1,Vital Signs/Weight Height,text_multi_line,Comment if out of normal range,,,",  ",,
7167,ZWE001-0214,ZWE001-0214,41,,Visit 3,1,Vital Signs/Weight Height,numeric,Systolic blood pressure,129,,"Manginasi, Betty - 27/May/2026 12:16:38 PM CAT",,
7167,ZWE001-0214,ZWE001-0214,41,,Visit 3,1,Vital Signs/Weight Height,numeric,Diastolic blood pressure,88,,"Manginasi, Betty - 27/May/2026 12:16:43 PM CAT",,
7167,ZWE001-0214,ZWE001-0214,41,,Visit 3,1,Vital Signs/Weight Height,numeric,Heart rate,82,,"Manginasi, Betty - 27/May/2026 12:16:48 PM CAT",,
7167,ZWE001-0214,ZWE001-0214,41,,Visit 3,1,Vital Signs/Weight Height,numeric,Body temperature,36.6,,"Manginasi, Betty - 27/May/2026 12:16:54 PM CAT",,
7167,ZWE001-0214,ZWE001-0214,41,,Visit 3,1,Vital Signs/Weight Height,radio_group,Temperature location,Temporal,,"Manginasi, Betty - 27/May/2026 12:07:10 PM CAT",,
7167,ZWE001-0214,ZWE001-0214,41,,Visit 3,1,Vital Signs/Weight Height,numeric,Respiratory rate,16,,"Manginasi, Betty - 27/May/2026 12:16:58 PM CAT",,
7167,ZWE001-0214,ZWE001-0214,41,,Visit 3,1,Vital Signs/Weight Height,numeric,Oxygen saturation,94,,"Manginasi, Betty - 27/May/2026 12:17:03 PM CAT",,
7167,ZWE001-0214,ZWE001-0214,41,,Visit 3,1,Vital Signs/Weight Height,text_multi_line,Comments: (Provide a comment for all abnormal readings),,,"Manginasi, Betty - 27/May/2026 12:17:08 PM CAT",,
7167,ZWE001-0214,ZWE001-0214,41,,Visit 3,1,Vital Signs/Weight Height,bmi,,,,",  ",,
7167,ZWE001-0214,ZWE001-0214,41,,Visit 3,1,Vital Signs/Weight Height,numeric,Height,159,,"Manginasi, Betty - 27/May/2026 12:17:12 PM CAT",,
7167,ZWE001-0214,ZWE001-0214,41,,Visit 3,1,Vital Signs/Weight Height,numeric,Weight,83,,"Manginasi, Betty - 27/May/2026 12:17:18 PM CAT",,
7167,ZWE001-0214,ZWE001-0214,41,,Visit 3,1,Vital Signs/Weight Height,numeric,BMI,32.83,,"Manginasi, Betty - 27/May/2026 12:17:18 PM CAT",,
7167,ZWE001-0214,ZWE001-0214,41,,Visit 3,1,Vital Signs/Weight Height,radio_group,Units,metric,,"Manginasi, Betty - 27/May/2026 12:17:12 PM CAT",,
7167,ZWE001-0214,ZWE001-0214,41,,Visit 3,1,Vital Signs/Weight Height,file_manager,File Upload,,,,,
7167,ZWE001-0214,ZWE001-0214,41,,Visit 3,1,Vital Signs/Weight Height,electronic_signature,Electronic Signature Lock Date/Time,27/May/2026 12:17:21 PM CAT,,"Manginasi, Betty - 27/May/2026 12:17:21 PM CAT",,
7167,ZWE001-0214,ZWE001-0214,41,,Visit 3,1,Vital Signs/Weight Height,electronic_signature,Electronic Signature Lock Date/Time,,,,,
7167,ZWE001-0214,ZWE001-0214,41,,Visit 3,1,Pregnancy Assessment,LOPE Pregnancy assessment,,,,",  ",,
7167,ZWE001-0214,ZWE001-0214,41,,Visit 3,1,Pregnancy Assessment,yes_no,Was pregnancy assessment done?,Yes,,"Manginasi, Betty - 27/May/2026 12:05:58 PM CAT",,
7167,ZWE001-0214,ZWE001-0214,41,,Visit 3,1,Pregnancy Assessment,date_time,Date of first USS,5/27/2026 12:05:00 ,,"Manginasi, Betty - 27/May/2026 12:05:59 PM CAT",,
7167,ZWE001-0214,ZWE001-0214,41,,Visit 3,1,Pregnancy Assessment,numeric,Gestational Age on first USS,15,,"Manginasi, Betty - 27/May/2026 12:14:04 PM CAT",,
7167,ZWE001-0214,ZWE001-0214,41,,Visit 3,1,Pregnancy Assessment,numeric,Gestational Age on first USS,3,,"Manginasi, Betty - 27/May/2026 12:14:11 PM CAT",,
7167,ZWE001-0214,ZWE001-0214,41,,Visit 3,1,Pregnancy Assessment,numeric,Current Gestational Age (claculated using first USS),32,,"Manginasi, Betty - 27/May/2026 12:15:36 PM CAT",,
7167,ZWE001-0214,ZWE001-0214,41,,Visit 3,1,Pregnancy Assessment,numeric,Current Gestational Age (claculated using first USS),4,,"Manginasi, Betty - 27/May/2026 12:15:41 PM CAT",,
7167,ZWE001-0214,ZWE001-0214,41,,Visit 3,1,Pregnancy Assessment,text_multi_line,Comments,,,",  ",,
7167,ZWE001-0214,ZWE001-0214,41,,Visit 3,1,Pregnancy Assessment,file_manager,File Upload,,,,,
7167,ZWE001-0214,ZWE001-0214,41,,Visit 3,1,Pregnancy Assessment,electronic_signature,Electronic Signature Lock Date/Time,27/May/2026 12:15:44 PM CAT,,"Manginasi, Betty - 27/May/2026 12:15:44 PM CAT",,
7167,ZWE001-0214,ZWE001-0214,41,,Visit 3,1,Pregnancy Assessment,electronic_signature,Electronic Signature Lock Date/Time,,,,,
7167,ZWE001-0214,ZWE001-0214,41,,Visit 3,1,Pregnancy Outcome,EOPE Pregnancy Outcome,,,,",  ",,
7167,ZWE001-0214,ZWE001-0214,41,,Visit 3,1,Pregnancy Outcome,radio_group,Pregnancy outcome,Ongoing,,"Manginasi, Betty - 27/May/2026 12:05:46 PM CAT",,
7167,ZWE001-0214,ZWE001-0214,41,,Visit 3,1,Pregnancy Outcome,date_time,"If completed, Date of delivery",,,,,
7167,ZWE001-0214,ZWE001-0214,41,,Visit 3,1,Pregnancy Outcome,date_time,"If ongoing, expected date of delivery",7/18/2026 00:00:00 ,,"Manginasi, Betty - 27/May/2026 12:13:47 PM CAT",,
7167,ZWE001-0214,ZWE001-0214,41,,Visit 3,1,Pregnancy Outcome,text_multi_line,Comment,,,",  ",,
7167,ZWE001-0214,ZWE001-0214,41,,Visit 3,1,Pregnancy Outcome,file_manager,File Upload,,,,,
7167,ZWE001-0214,ZWE001-0214,41,,Visit 3,1,Pregnancy Outcome,electronic_signature,Electronic Signature Lock Date/Time,27/May/2026 12:13:54 PM CAT,,"Manginasi, Betty - 27/May/2026 12:13:54 PM CAT",,
7167,ZWE001-0214,ZWE001-0214,41,,Visit 3,1,Progress Notes,Progress notes,,,,",  ",,
7167,ZWE001-0214,ZWE001-0214,41,,Visit 3,1,Progress Notes,yes_no,Were there any Progress Notes captured during the visit?,Yes,,"Manginasi, Betty - 27/May/2026 12:11:42 PM CAT",,
7167,ZWE001-0214,ZWE001-0214,41,,Visit 3,1,Progress Notes,input_list,,,,",  ",,
7167,ZWE001-0214,ZWE001-0214,41,,Visit 3,1,Progress Notes,date_time,Date of Note,"#1 - s:19:""5/27/2026 12:11:00 "";",,"Manginasi, Betty - 27/May/2026 12:11:44 PM CAT",,
7167,ZWE001-0214,ZWE001-0214,41,,Visit 3,1,Progress Notes,text_multi_line,Note:,"#1 - s:386:""40/F participant

P2+1G4
Follow up visit V03

 

SUBJECTIVE

No complains today

No visual disturbances, no reduced urine output.

 No visual disturbance or epigastric pain.


 

OBJECTIVE

Vital Signs Bp  129/88

Clinically stable

 

Clinical Assessment

NO Suspected Signs of  PE

Adverse Events:

None

 

PLAN

Next Study Visit

09 JUNE 2026"";",,"Manginasi, Betty - 27/May/2026 12:13:07 PM CAT",,
7167,ZWE001-0214,ZWE001-0214,41,,Visit 3,1,Progress Notes,electronic_signature,Electronic Signature Lock Date/Time,#1 - 27/May/2026 12:13:12 PM CAT,,"Manginasi, Betty - 27/May/2026 12:13:12 PM CAT",,
7167,ZWE001-0214,ZWE001-0214,41,,Visit 3,1,Progress Notes,electronic_signature,Electronic Signature Lock Date/Time,,,",  ",,
7167,ZWE001-0214,ZWE001-0214,41,,Visit 3,1,Progress Notes,file_manager,File Upload,"#1 - ZWE001-0214 SCAN.pdf, #2 - ZWE001-0214.pdf",,",  ",,
7167,ZWE001-0214,ZWE001-0214,41,,Visit 3,1,Progress Notes,camera,Camera Photo,"#1 - ZWE001-0214 SCAN.pdf, #2 - ZWE001-0214.pdf",,",  ",,
7167,ZWE001-0214,ZWE001-0214,41,,Visit 3,1,Follow-up Visit Form,EOPE Follow-Up Visit Form ,,,,",  ",,
7167,ZWE001-0214,ZWE001-0214,41,,Visit 3,1,Follow-up Visit Form,text_single_line,Initials,STM,,"Manginasi, Betty - 27/May/2026 12:09:42 PM CAT",,
7167,ZWE001-0214,ZWE001-0214,41,,Visit 3,1,Follow-up Visit Form,date_time,Date of Visit,5/27/2026 12:09:00 ,,"Manginasi, Betty - 27/May/2026 12:09:43 PM CAT",,
7167,ZWE001-0214,ZWE001-0214,41,,Visit 3,1,Follow-up Visit Form,numeric,Visit Number,03,,"Manginasi, Betty - 27/May/2026 12:09:45 PM CAT",,
7167,ZWE001-0214,ZWE001-0214,41,,Visit 3,1,Follow-up Visit Form,radio_group,Health Status,Unchanged,,"Manginasi, Betty - 27/May/2026 12:09:45 PM CAT",,
7167,ZWE001-0214,ZWE001-0214,41,,Visit 3,1,Follow-up Visit Form,text_single_line,Health Status Description,CLINICALLY STABLE,,"Manginasi, Betty - 27/May/2026 12:09:50 PM CAT",,
7167,ZWE001-0214,ZWE001-0214,41,,Visit 3,1,Follow-up Visit Form,radio_group,Laboratory Tests Conducted,Yes ,,"Manginasi, Betty - 27/May/2026 12:09:50 PM CAT",,
7167,ZWE001-0214,ZWE001-0214,41,,Visit 3,1,Follow-up Visit Form,text_multi_line,Laboratory Tests Description,PROTOCOL BLOODS AND URINE,,"Manginasi, Betty - 27/May/2026 12:10:04 PM CAT",,
7167,ZWE001-0214,ZWE001-0214,41,,Visit 3,1,Follow-up Visit Form,radio_group,Medication Changes,No,,"Manginasi, Betty - 27/May/2026 12:10:07 PM CAT",,
7167,ZWE001-0214,ZWE001-0214,41,,Visit 3,1,Follow-up Visit Form,text_single_line,Medication Changes Description,,,",  ",,
7167,ZWE001-0214,ZWE001-0214,41,,Visit 3,1,Follow-up Visit Form,radio_group,Adverse Events changes,No,,"Manginasi, Betty - 27/May/2026 12:10:08 PM CAT",,
7167,ZWE001-0214,ZWE001-0214,41,,Visit 3,1,Follow-up Visit Form,text_multi_line,Adverse Events Description,,,",  ",,
7167,ZWE001-0214,ZWE001-0214,41,,Visit 3,1,Follow-up Visit Form,radio_group,Compliance with Study Protocol,Yes ,,"Manginasi, Betty - 27/May/2026 12:10:12 PM CAT",,
7167,ZWE001-0214,ZWE001-0214,41,,Visit 3,1,Follow-up Visit Form,text_multi_line,Compliance Description,,,",  ",,
7167,ZWE001-0214,ZWE001-0214,41,,Visit 3,1,Follow-up Visit Form,radio_group,Next visit scheduled?,Yes,,"Manginasi, Betty - 27/May/2026 12:10:13 PM CAT",,
7167,ZWE001-0214,ZWE001-0214,41,,Visit 3,1,Follow-up Visit Form,date_time,Date of Next Visit,6/09/2026 8:00:00 ,,"Manginasi, Betty - 27/May/2026 12:11:27 PM CAT",,
7167,ZWE001-0214,ZWE001-0214,41,,Visit 3,1,Follow-up Visit Form,file_manager,File Upload,,,,,
7167,ZWE001-0214,ZWE001-0214,41,,Visit 3,1,Follow-up Visit Form,electronic_signature,Electronic Signature Lock Date/Time,27/May/2026 12:11:33 PM CAT,,"Manginasi, Betty - 27/May/2026 12:11:33 PM CAT",,
7167,ZWE001-0214,ZWE001-0214,41,,Visit 3,1,Follow-up Visit Form,electronic_signature,Electronic Signature Lock Date/Time,,,,,
7167,ZWE001-0214,ZWE001-0214,41,,Visit 3,1,Maternal Status Assessment,EOPE Maternal status assessment,,,,",  ",,
7167,ZWE001-0214,ZWE001-0214,41,,Visit 3,1,Maternal Status Assessment,yes_no,Was Maternal status assessment performed?,Yes,,"Manginasi, Betty - 27/May/2026 12:07:29 PM CAT",,
7167,ZWE001-0214,ZWE001-0214,41,,Visit 3,1,Maternal Status Assessment,date_time,Date of Maternal status assessment,5/27/2026 12:07:00 ,,"Manginasi, Betty - 27/May/2026 12:07:31 PM CAT",,
7167,ZWE001-0214,ZWE001-0214,41,,Visit 3,1,Maternal Status Assessment,yes_no,Maternal death,No,,"Manginasi, Betty - 27/May/2026 12:07:32 PM CAT",,
7167,ZWE001-0214,ZWE001-0214,41,,Visit 3,1,Maternal Status Assessment,yes_no,Pulmonary edema,No,,"Manginasi, Betty - 27/May/2026 12:07:33 PM CAT",,
7167,ZWE001-0214,ZWE001-0214,41,,Visit 3,1,Maternal Status Assessment,yes_no,Acute renal failure,No,,"Manginasi, Betty - 27/May/2026 12:07:33 PM CAT",,
7167,ZWE001-0214,ZWE001-0214,41,,Visit 3,1,Maternal Status Assessment,yes_no,Cerebral hemorrhage,No,,"Manginasi, Betty - 27/May/2026 12:07:34 PM CAT",,
7167,ZWE001-0214,ZWE001-0214,41,,Visit 3,1,Maternal Status Assessment,yes_no,Cerebral thrombosis,No,,"Manginasi, Betty - 27/May/2026 12:07:34 PM CAT",,
7167,ZWE001-0214,ZWE001-0214,41,,Visit 3,1,Maternal Status Assessment,yes_no,Disseminated Intravascular Coagulation (DIC),No,,"Manginasi, Betty - 27/May/2026 12:07:35 PM CAT",,
7167,ZWE001-0214,ZWE001-0214,41,,Visit 3,1,Maternal Status Assessment,yes_no,Hospitalized,No,,"Manginasi, Betty - 27/May/2026 12:07:35 PM CAT",,
7167,ZWE001-0214,ZWE001-0214,41,,Visit 3,1,Maternal Status Assessment,date_time,Admission date,,,,,
7167,ZWE001-0214,ZWE001-0214,41,,Visit 3,1,Maternal Status Assessment,date_time,Date of discharge,,,,,
7167,ZWE001-0214,ZWE001-0214,41,,Visit 3,1,Maternal Status Assessment,numeric,Days in hospital,,,",  ",,
7167,ZWE001-0214,ZWE001-0214,41,,Visit 3,1,Maternal Status Assessment,yes_no,Admitted in ICU,No,,"Manginasi, Betty - 27/May/2026 12:07:36 PM CAT",,
7167,ZWE001-0214,ZWE001-0214,41,,Visit 3,1,Maternal Status Assessment,date_time,ICU Admission date,,,,,
7167,ZWE001-0214,ZWE001-0214,41,,Visit 3,1,Maternal Status Assessment,date_time,Date of discharge from ICU,,,,,
7167,ZWE001-0214,ZWE001-0214,41,,Visit 3,1,Maternal Status Assessment,numeric,Days in ICU,,,",  ",,
7167,ZWE001-0214,ZWE001-0214,41,,Visit 3,1,Maternal Status Assessment,file_manager,File Upload,,,,,
7167,ZWE001-0214,ZWE001-0214,41,,Visit 3,1,Maternal Status Assessment,electronic_signature,Electronic Signature Lock Date/Time,27/May/2026 12:07:41 PM CAT,,"Manginasi, Betty - 27/May/2026 12:07:42 PM CAT",,
7167,ZWE001-0214,ZWE001-0214,41,,Visit 3,1,Maternal Status Assessment,electronic_signature,Electronic Signature Lock Date/Time,,,,,
7167,ZWE001-0214,ZWE001-0214,41,,Visit 3,1,Maternal Preeclampsia Assessment,"EOPE PE status, symptoms",,,,",  ",,
7167,ZWE001-0214,ZWE001-0214,41,,Visit 3,1,Maternal Preeclampsia Assessment,yes_no,Was the PE status assessment performed?,Yes,,"Manginasi, Betty - 27/May/2026 12:07:17 PM CAT",,
7167,ZWE001-0214,ZWE001-0214,41,,Visit 3,1,Maternal Preeclampsia Assessment,date_time,Date of PE status assessment,5/27/2026 12:07:00 ,,"Manginasi, Betty - 27/May/2026 12:07:18 PM CAT",,
7167,ZWE001-0214,ZWE001-0214,41,,Visit 3,1,Maternal Preeclampsia Assessment,yes_no,Does the participant have any PE symptom?,No,,"Manginasi, Betty - 27/May/2026 12:07:20 PM CAT",,
7167,ZWE001-0214,ZWE001-0214,41,,Visit 3,1,Maternal Preeclampsia Assessment,radio_group,PE status,,,",  ",,
7167,ZWE001-0214,ZWE001-0214,41,,Visit 3,1,Maternal Preeclampsia Assessment,yes_no,Elevated systolic blood pressure?,,,,,
7167,ZWE001-0214,ZWE001-0214,41,,Visit 3,1,Maternal Preeclampsia Assessment,text_multi_line,Comment,,,",  ",,
7167,ZWE001-0214,ZWE001-0214,41,,Visit 3,1,Maternal Preeclampsia Assessment,date_time,Start date,,,,,
7167,ZWE001-0214,ZWE001-0214,41,,Visit 3,1,Maternal Preeclampsia Assessment,yes_no,Elevated diastolic blood pressure?,,,,,
7167,ZWE001-0214,ZWE001-0214,41,,Visit 3,1,Maternal Preeclampsia Assessment,text_multi_line,Comment,,,",  ",,
7167,ZWE001-0214,ZWE001-0214,41,,Visit 3,1,Maternal Preeclampsia Assessment,date_time,Start date,,,,,
7167,ZWE001-0214,ZWE001-0214,41,,Visit 3,1,Maternal Preeclampsia Assessment,yes_no,Proteinuria?,,,,,
7167,ZWE001-0214,ZWE001-0214,41,,Visit 3,1,Maternal Preeclampsia Assessment,date_time,Start date,,,,,
7167,ZWE001-0214,ZWE001-0214,41,,Visit 3,1,Maternal Preeclampsia Assessment,text_multi_line,Comment,,,",  ",,
7167,ZWE001-0214,ZWE001-0214,41,,Visit 3,1,Maternal Preeclampsia Assessment,yes_no,"Excessive edema/ severe swelling (face, hands or feet)?",,,,,
7167,ZWE001-0214,ZWE001-0214,41,,Visit 3,1,Maternal Preeclampsia Assessment,date_time,Start date,,,,,
7167,ZWE001-0214,ZWE001-0214,41,,Visit 3,1,Maternal Preeclampsia Assessment,text_multi_line,Comment,,,",  ",,
7167,ZWE001-0214,ZWE001-0214,41,,Visit 3,1,Maternal Preeclampsia Assessment,yes_no,Persistent headache?,,,,,
7167,ZWE001-0214,ZWE001-0214,41,,Visit 3,1,Maternal Preeclampsia Assessment,date_time,Start date,,,,,
7167,ZWE001-0214,ZWE001-0214,41,,Visit 3,1,Maternal Preeclampsia Assessment,text_multi_line,Comment,,,",  ",,
7167,ZWE001-0214,ZWE001-0214,41,,Visit 3,1,Maternal Preeclampsia Assessment,yes_no,Visual disturbances?,,,,,
7167,ZWE001-0214,ZWE001-0214,41,,Visit 3,1,Maternal Preeclampsia Assessment,date_time,Start date,,,,,
7167,ZWE001-0214,ZWE001-0214,41,,Visit 3,1,Maternal Preeclampsia Assessment,text_multi_line,Comment,,,",  ",,
7167,ZWE001-0214,ZWE001-0214,41,,Visit 3,1,Maternal Preeclampsia Assessment,yes_no,Upper Abdominal pain?,,,,,
7167,ZWE001-0214,ZWE001-0214,41,,Visit 3,1,Maternal Preeclampsia Assessment,date_time,Start date,,,,,
7167,ZWE001-0214,ZWE001-0214,41,,Visit 3,1,Maternal Preeclampsia Assessment,text_multi_line,Comment,,,",  ",,
7167,ZWE001-0214,ZWE001-0214,41,,Visit 3,1,Maternal Preeclampsia Assessment,yes_no,Nausea or vomiting?,,,,,
7167,ZWE001-0214,ZWE001-0214,41,,Visit 3,1,Maternal Preeclampsia Assessment,date_time,Start date,,,,,
7167,ZWE001-0214,ZWE001-0214,41,,Visit 3,1,Maternal Preeclampsia Assessment,text_multi_line,Comment,,,",  ",,
7167,ZWE001-0214,ZWE001-0214,41,,Visit 3,1,Maternal Preeclampsia Assessment,yes_no,Shortness of breath?,,,,,
7167,ZWE001-0214,ZWE001-0214,41,,Visit 3,1,Maternal Preeclampsia Assessment,date_time,Start date,,,,,
7167,ZWE001-0214,ZWE001-0214,41,,Visit 3,1,Maternal Preeclampsia Assessment,text_multi_line,Comment,,,",  ",,
7167,ZWE001-0214,ZWE001-0214,41,,Visit 3,1,Maternal Preeclampsia Assessment,yes_no,Decreased urine output?,,,,,
7167,ZWE001-0214,ZWE001-0214,41,,Visit 3,1,Maternal Preeclampsia Assessment,date_time,Start date,,,,,
7167,ZWE001-0214,ZWE001-0214,41,,Visit 3,1,Maternal Preeclampsia Assessment,text_multi_line,Comment,,,",  ",,
7167,ZWE001-0214,ZWE001-0214,41,,Visit 3,1,Maternal Preeclampsia Assessment,yes_no,Sudden weight gain (>1 kg/week in the third trimester)?,,,,,
7167,ZWE001-0214,ZWE001-0214,41,,Visit 3,1,Maternal Preeclampsia Assessment,date_time,Start date,,,,,
7167,ZWE001-0214,ZWE001-0214,41,,Visit 3,1,Maternal Preeclampsia Assessment,text_multi_line,Comment,,,",  ",,
7167,ZWE001-0214,ZWE001-0214,41,,Visit 3,1,Maternal Preeclampsia Assessment,yes_no,Per vagina bleeding?,,,,,
7167,ZWE001-0214,ZWE001-0214,41,,Visit 3,1,Maternal Preeclampsia Assessment,date_time,Start date,,,,,
7167,ZWE001-0214,ZWE001-0214,41,,Visit 3,1,Maternal Preeclampsia Assessment,text_multi_line,Comment,,,",  ",,
7167,ZWE001-0214,ZWE001-0214,41,,Visit 3,1,Maternal Preeclampsia Assessment,yes_no,Epigastric pain?,,,,,
7167,ZWE001-0214,ZWE001-0214,41,,Visit 3,1,Maternal Preeclampsia Assessment,date_time,Start date,,,,,
7167,ZWE001-0214,ZWE001-0214,41,,Visit 3,1,Maternal Preeclampsia Assessment,text_multi_line,Comment,,,",  ",,
7167,ZWE001-0214,ZWE001-0214,41,,Visit 3,1,Maternal Preeclampsia Assessment,yes_no,Oliguria (decreased urine output)?,,,,,
7167,ZWE001-0214,ZWE001-0214,41,,Visit 3,1,Maternal Preeclampsia Assessment,date_time,Start date,,,,,
7167,ZWE001-0214,ZWE001-0214,41,,Visit 3,1,Maternal Preeclampsia Assessment,text_multi_line,Comment,,,",  ",,
7167,ZWE001-0214,ZWE001-0214,41,,Visit 3,1,Maternal Preeclampsia Assessment,yes_no,Pre-existing Diabetes (Type 1)?,,,,,
7167,ZWE001-0214,ZWE001-0214,41,,Visit 3,1,Maternal Preeclampsia Assessment,date_time,Start date,,,,,
7167,ZWE001-0214,ZWE001-0214,41,,Visit 3,1,Maternal Preeclampsia Assessment,text_multi_line,Comment,,,",  ",,
7167,ZWE001-0214,ZWE001-0214,41,,Visit 3,1,Maternal Preeclampsia Assessment,yes_no,Pre-existing Diabetes (Type 2)?,,,,,
7167,ZWE001-0214,ZWE001-0214,41,,Visit 3,1,Maternal Preeclampsia Assessment,date_time,Start date,,,,,
7167,ZWE001-0214,ZWE001-0214,41,,Visit 3,1,Maternal Preeclampsia Assessment,text_multi_line,Comment,,,",  ",,
7167,ZWE001-0214,ZWE001-0214,41,,Visit 3,1,Maternal Preeclampsia Assessment,yes_no,Chronic hypertension?,,,,,
7167,ZWE001-0214,ZWE001-0214,41,,Visit 3,1,Maternal Preeclampsia Assessment,date_time,Start date,,,,,
7167,ZWE001-0214,ZWE001-0214,41,,Visit 3,1,Maternal Preeclampsia Assessment,text_multi_line,Comment,,,",  ",,
7167,ZWE001-0214,ZWE001-0214,41,,Visit 3,1,Maternal Preeclampsia Assessment,numeric,Preeclampsia diagnosis description – onset of disease at which weeks of gestation,,,",  ",,
7167,ZWE001-0214,ZWE001-0214,41,,Visit 3,1,Maternal Preeclampsia Assessment,radio_group,Preeclampsia diagnosis,,,",  ",,
7167,ZWE001-0214,ZWE001-0214,41,,Visit 3,1,Maternal Preeclampsia Assessment,date_time,Preeclampsia diagnosis date,,,,,
7167,ZWE001-0214,ZWE001-0214,41,,Visit 3,1,Maternal Preeclampsia Assessment,yes_no,HELLP - syndrome,,,,,
7167,ZWE001-0214,ZWE001-0214,41,,Visit 3,1,Maternal Preeclampsia Assessment,date_time,Date of diagnosis for HELLP - syndrome,,,,,
7167,ZWE001-0214,ZWE001-0214,41,,Visit 3,1,Maternal Preeclampsia Assessment,file_manager,File Upload,,,,,
7167,ZWE001-0214,ZWE001-0214,41,,Visit 3,1,Maternal Preeclampsia Assessment,electronic_signature,Electronic Signature Lock Date/Time,27/May/2026 12:07:24 PM CAT,,"Manginasi, Betty - 27/May/2026 12:07:24 PM CAT",,
7167,ZWE001-0214,ZWE001-0214,41,,Visit 3,1,Maternal Preeclampsia Assessment,electronic_signature,Electronic Signature Lock Date/Time,,,,,
7167,ZWE001-0214,ZWE001-0214,41,,Visit 3,1,ConMeds + AE Assessment,Medical History Assessment ,,,,",  ",,
7167,ZWE001-0214,ZWE001-0214,41,,Visit 3,1,ConMeds + AE Assessment,yes_no,Was the Conmed + AE assessment performed?,Yes,,"Manginasi, Betty - 27/May/2026 12:06:45 PM CAT",,
7167,ZWE001-0214,ZWE001-0214,41,,Visit 3,1,ConMeds + AE Assessment,date_time,Date of assessment,5/27/2026 12:06:00 ,,"Manginasi, Betty - 27/May/2026 12:06:45 PM CAT",,
7167,ZWE001-0214,ZWE001-0214,41,,Visit 3,1,ConMeds + AE Assessment,yes_no,Are there any updates/changes to the participants concomitant medications or procedures?,No,,"Manginasi, Betty - 27/May/2026 12:06:47 PM CAT",,
7167,ZWE001-0214,ZWE001-0214,41,,Visit 3,1,ConMeds + AE Assessment,text_multi_line,Comments                                  If applicable,,,"Manginasi, Betty - 27/May/2026 12:06:50 PM CAT",,
7167,ZWE001-0214,ZWE001-0214,41,,Visit 3,1,ConMeds + AE Assessment,yes_no,Has the participant experienced any new adverse events since last visit?,No,,"Manginasi, Betty - 27/May/2026 12:06:50 PM CAT",,
7167,ZWE001-0214,ZWE001-0214,41,,Visit 3,1,ConMeds + AE Assessment,yes_no,Has the participant experienced any changes in existing adverse events since last visit?,No,,"Manginasi, Betty - 27/May/2026 12:06:50 PM CAT",,
7167,ZWE001-0214,ZWE001-0214,41,,Visit 3,1,ConMeds + AE Assessment,text_multi_line,Comments                                  If applicable,,,"Manginasi, Betty - 27/May/2026 12:06:53 PM CAT",,
7167,ZWE001-0214,ZWE001-0214,41,,Visit 3,1,ConMeds + AE Assessment,file_manager,File Upload,,,,,
7167,ZWE001-0214,ZWE001-0214,41,,Visit 3,1,ConMeds + AE Assessment,electronic_signature,Electronic Signature Lock Date/Time,27/May/2026 12:07:01 PM CAT,,"Manginasi, Betty - 27/May/2026 12:07:02 PM CAT",,
7167,ZWE001-0214,ZWE001-0214,41,,Visit 3,1,ConMeds + AE Assessment,electronic_signature,Electronic Signature Lock Date/Time,,,,,
7167,ZWE001-0214,ZWE001-0214,41,,Visit 3,1,Sonographic Data,EOPE Sonographic 2,,,,",  ",,
7167,ZWE001-0214,ZWE001-0214,41,,Visit 3,1,Sonographic Data,yes_no,Has Ultrasound scan (USS) done since last visit?,No,,"Manginasi, Betty - 27/May/2026 12:06:33 PM CAT",,
7167,ZWE001-0214,ZWE001-0214,41,,Visit 3,1,Sonographic Data,input_list,,,,",  ",,
7167,ZWE001-0214,ZWE001-0214,41,,Visit 3,1,Sonographic Data,date_time,Scan date,,,,,
7167,ZWE001-0214,ZWE001-0214,41,,Visit 3,1,Sonographic Data,radio_group,Estimated US Fetal Weight,,,",  ",,
7167,ZWE001-0214,ZWE001-0214,41,,Visit 3,1,Sonographic Data,numeric,Weight,,,",  ",,
7167,ZWE001-0214,ZWE001-0214,41,,Visit 3,1,Sonographic Data,numeric,Ultrasound EGA,,,",  ",,
7167,ZWE001-0214,ZWE001-0214,41,,Visit 3,1,Sonographic Data,numeric,Ultrasound EGA,,,",  ",,
7167,ZWE001-0214,ZWE001-0214,41,,Visit 3,1,Sonographic Data,yes_no,Ultrasound Presentation,,,,,
7167,ZWE001-0214,ZWE001-0214,41,,Visit 3,1,Sonographic Data,yes_no,Ultrasound Fetal anomalies,,,,,
7167,ZWE001-0214,ZWE001-0214,41,,Visit 3,1,Sonographic Data,text_multi_line,Provide a description,,,",  ",,
7167,ZWE001-0214,ZWE001-0214,41,,Visit 3,1,Sonographic Data,yes_no,Do you have any pregnancy complications?,,,,,
7167,ZWE001-0214,ZWE001-0214,41,,Visit 3,1,Sonographic Data,radio_group,Fetal movement,,,",  ",,
7167,ZWE001-0214,ZWE001-0214,41,,Visit 3,1,Sonographic Data,text_multi_line,Comment if Reduced/Absent,,,",  ",,
7167,ZWE001-0214,ZWE001-0214,41,,Visit 3,1,Sonographic Data,numeric,Fetal heart rate,,,",  ",,
7167,ZWE001-0214,ZWE001-0214,41,,Visit 3,1,Sonographic Data,radio_group,Amniotic fluid volume,,,",  ",,
7167,ZWE001-0214,ZWE001-0214,41,,Visit 3,1,Sonographic Data,text_multi_line,Comment if Low/High,,,",  ",,
7167,ZWE001-0214,ZWE001-0214,41,,Visit 3,1,Sonographic Data,radio_group,Placenta position,,,",  ",,
7167,ZWE001-0214,ZWE001-0214,41,,Visit 3,1,Sonographic Data,text_multi_line,Comment if Low lying/Previa,,,",  ",,
7167,ZWE001-0214,ZWE001-0214,41,,Visit 3,1,Sonographic Data,numeric,Cervical length,,,",  ",,
7167,ZWE001-0214,ZWE001-0214,41,,Visit 3,1,Sonographic Data,text_multi_line,Comments: (Provide any relevant information),,,",  ",,
7167,ZWE001-0214,ZWE001-0214,41,,Visit 3,1,Sonographic Data,file_manager,Scan Upload,"#1 - ZWE001-0214 SCAN.pdf, #2 - ZWE001-0214.pdf",,",  ",,
7167,ZWE001-0214,ZWE001-0214,41,,Visit 3,1,Sonographic Data,electronic_signature,Electronic Signature Lock Date/Time,27/May/2026 12:06:38 PM CAT,,"Manginasi, Betty - 27/May/2026 12:06:38 PM CAT",,
7167,ZWE001-0214,ZWE001-0214,41,,Visit 3,1,Sonographic Data,electronic_signature,Electronic Signature Lock Date/Time,,,,,
7167,ZWE001-0214,ZWE001-0214,41,,Visit 3,1,Physical Examination,TEMPO Physical Examination,,,,",  ",,
7167,ZWE001-0214,ZWE001-0214,41,,Visit 3,1,Physical Examination,yes_no,Was the physical examination done?,Yes,,"Manginasi, Betty - 27/May/2026 12:06:07 PM CAT",,
7167,ZWE001-0214,ZWE001-0214,41,,Visit 3,1,Physical Examination,text_multi_line,"If not done, please provide a reason",,,",  ",,
7167,ZWE001-0214,ZWE001-0214,41,,Visit 3,1,Physical Examination,date_time,Date and time of examination,5/27/2026 12:06:00 ,,"Manginasi, Betty - 27/May/2026 12:06:06 PM CAT",,
7167,ZWE001-0214,ZWE001-0214,41,,Visit 3,1,Physical Examination,radio_group,General appearance,Normal,,"Manginasi, Betty - 27/May/2026 12:06:08 PM CAT",,
7167,ZWE001-0214,ZWE001-0214,41,,Visit 3,1,Physical Examination,text_multi_line,Abnormal findings Description,,,",  ",,
7167,ZWE001-0214,ZWE001-0214,41,,Visit 3,1,Physical Examination,text_multi_line,"If not assessed, reasons",,,",  ",,
7167,ZWE001-0214,ZWE001-0214,41,,Visit 3,1,Physical Examination,radio_group,Skin,Normal,,"Manginasi, Betty - 27/May/2026 12:06:10 PM CAT",,
7167,ZWE001-0214,ZWE001-0214,41,,Visit 3,1,Physical Examination,text_multi_line,Abnormal findings Description,,,",  ",,
7167,ZWE001-0214,ZWE001-0214,41,,Visit 3,1,Physical Examination,text_multi_line,"If not assessed, reasons",,,",  ",,
7167,ZWE001-0214,ZWE001-0214,41,,Visit 3,1,Physical Examination,radio_group,"HEAD/ENT (Ears, Nose, Throat)",Normal,,"Manginasi, Betty - 27/May/2026 12:06:10 PM CAT",,
7167,ZWE001-0214,ZWE001-0214,41,,Visit 3,1,Physical Examination,text_multi_line,Abnormal findings Description,,,",  ",,
7167,ZWE001-0214,ZWE001-0214,41,,Visit 3,1,Physical Examination,text_multi_line,"If not assessed, reasons",,,",  ",,
7167,ZWE001-0214,ZWE001-0214,41,,Visit 3,1,Physical Examination,radio_group,Neck,Normal,,"Manginasi, Betty - 27/May/2026 12:06:11 PM CAT",,
7167,ZWE001-0214,ZWE001-0214,41,,Visit 3,1,Physical Examination,text_multi_line,Abnormal findings Description,,,",  ",,
7167,ZWE001-0214,ZWE001-0214,41,,Visit 3,1,Physical Examination,text_multi_line,"If not assessed, reasons",,,",  ",,
7167,ZWE001-0214,ZWE001-0214,41,,Visit 3,1,Physical Examination,radio_group,Pulmonary,Normal,,"Manginasi, Betty - 27/May/2026 12:06:12 PM CAT",,
7167,ZWE001-0214,ZWE001-0214,41,,Visit 3,1,Physical Examination,text_multi_line,Abnormal findings Description,,,",  ",,
7167,ZWE001-0214,ZWE001-0214,41,,Visit 3,1,Physical Examination,text_multi_line,"If not assessed, reasons",,,",  ",,
7167,ZWE001-0214,ZWE001-0214,41,,Visit 3,1,Physical Examination,radio_group,Cardiovascular,Normal,,"Manginasi, Betty - 27/May/2026 12:06:15 PM CAT",,
7167,ZWE001-0214,ZWE001-0214,41,,Visit 3,1,Physical Examination,text_multi_line,Abnormal findings Description,,,",  ",,
7167,ZWE001-0214,ZWE001-0214,41,,Visit 3,1,Physical Examination,text_multi_line,"If not assessed, reasons",,,",  ",,
7167,ZWE001-0214,ZWE001-0214,41,,Visit 3,1,Physical Examination,radio_group,Genitourinary,Normal,,"Manginasi, Betty - 27/May/2026 12:06:15 PM CAT",,
7167,ZWE001-0214,ZWE001-0214,41,,Visit 3,1,Physical Examination,text_multi_line,Abnormal findings Description,,,",  ",,
7167,ZWE001-0214,ZWE001-0214,41,,Visit 3,1,Physical Examination,text_multi_line,"If not assessed, reasons",,,",  ",,
7167,ZWE001-0214,ZWE001-0214,41,,Visit 3,1,Physical Examination,radio_group,Musculoskeletal,Normal,,"Manginasi, Betty - 27/May/2026 12:06:16 PM CAT",,
7167,ZWE001-0214,ZWE001-0214,41,,Visit 3,1,Physical Examination,text_multi_line,Abnormal findings Description,,,",  ",,
7167,ZWE001-0214,ZWE001-0214,41,,Visit 3,1,Physical Examination,text_multi_line,"If not assessed, reasons",,,",  ",,
7167,ZWE001-0214,ZWE001-0214,41,,Visit 3,1,Physical Examination,radio_group,Chest,Normal,,"Manginasi, Betty - 27/May/2026 12:06:16 PM CAT",,
7167,ZWE001-0214,ZWE001-0214,41,,Visit 3,1,Physical Examination,text_multi_line,Abnormal findings Description,,,",  ",,
7167,ZWE001-0214,ZWE001-0214,41,,Visit 3,1,Physical Examination,text_multi_line,"If not assessed, reasons",,,",  ",,
7167,ZWE001-0214,ZWE001-0214,41,,Visit 3,1,Physical Examination,radio_group,Abdominal,Normal,,"Manginasi, Betty - 27/May/2026 12:06:17 PM CAT",,
7167,ZWE001-0214,ZWE001-0214,41,,Visit 3,1,Physical Examination,text_multi_line,Abnormal findings Description,,,",  ",,
7167,ZWE001-0214,ZWE001-0214,41,,Visit 3,1,Physical Examination,text_multi_line,"If not assessed, reasons",,,",  ",,
7167,ZWE001-0214,ZWE001-0214,41,,Visit 3,1,Physical Examination,radio_group,Limited neurological,Normal,,"Manginasi, Betty - 27/May/2026 12:06:18 PM CAT",,
7167,ZWE001-0214,ZWE001-0214,41,,Visit 3,1,Physical Examination,text_multi_line,Abnormal findings Description,,,",  ",,
7167,ZWE001-0214,ZWE001-0214,41,,Visit 3,1,Physical Examination,text_multi_line,"If not assessed, reasons",,,",  ",,
7167,ZWE001-0214,ZWE001-0214,41,,Visit 3,1,Physical Examination,radio_group,Extremities,Normal,,"Manginasi, Betty - 27/May/2026 12:06:18 PM CAT",,
7167,ZWE001-0214,ZWE001-0214,41,,Visit 3,1,Physical Examination,text_multi_line,Abnormal findings Description,,,",  ",,
7167,ZWE001-0214,ZWE001-0214,41,,Visit 3,1,Physical Examination,text_multi_line,"If not assessed, reasons",,,",  ",,
7167,ZWE001-0214,ZWE001-0214,41,,Visit 3,1,Physical Examination,radio_group,Lymph nodes,Normal,,"Manginasi, Betty - 27/May/2026 12:06:22 PM CAT",,
7167,ZWE001-0214,ZWE001-0214,41,,Visit 3,1,Physical Examination,text_multi_line,Abnormal findings Description,,,",  ",,
7167,ZWE001-0214,ZWE001-0214,41,,Visit 3,1,Physical Examination,text_multi_line,"If not assessed, reasons",,,",  ",,
7167,ZWE001-0214,ZWE001-0214,41,,Visit 3,1,Physical Examination,file_manager,File Upload,,,,,
7167,ZWE001-0214,ZWE001-0214,41,,Visit 3,1,Physical Examination,electronic_signature,Electronic Signature Lock Date/Time,27/May/2026 12:06:24 PM CAT,,"Manginasi, Betty - 27/May/2026 12:06:25 PM CAT",,
7167,ZWE001-0214,ZWE001-0214,41,,Visit 3,1,Maternal Death,Maternal Death,,,,",  ",,
7167,ZWE001-0214,ZWE001-0214,41,,Visit 3,1,Maternal Death,yes_no,Maternal Death?,No,,"Manginasi, Betty - 27/May/2026 12:05:40 PM CAT",,
7167,ZWE001-0214,ZWE001-0214,41,,Visit 3,1,Maternal Death,date_time,"If Yes, Date of death",,,,,
7167,ZWE001-0214,ZWE001-0214,41,,Visit 3,1,Maternal Death,file_manager,File Upload,,,,,
7167,ZWE001-0214,ZWE001-0214,41,,Visit 3,1,Visit Date,EOPE Type of Visit,,,,",  ",,
7167,ZWE001-0214,ZWE001-0214,41,,Visit 3,1,Visit Date,yes_no,Was visit performed?,Yes,,"Manginasi, Betty - 27/May/2026 12:05:29 PM CAT",,
7167,ZWE001-0214,ZWE001-0214,41,,Visit 3,1,Visit Date,date_time,Date of the visit:,5/27/2026 12:05:00 ,,"Manginasi, Betty - 27/May/2026 12:05:30 PM CAT",,
7167,ZWE001-0214,ZWE001-0214,41,,Visit 3,1,Visit Date,radio_group,"Type of Visit (Clinic, Hospital, home)",Hospital,,"Manginasi, Betty - 27/May/2026 12:05:31 PM CAT",,
7167,ZWE001-0214,ZWE001-0214,41,,Visit 3,1,Visit Date,radio_group,Reason for not performing visit,,,",  ",,
7167,ZWE001-0214,ZWE001-0214,41,,Visit 3,1,Visit Date,electronic_signature,Electronic Signature Lock Date/Time,27/May/2026 12:05:35 PM CAT,,"Manginasi, Betty - 27/May/2026 12:05:35 PM CAT",,
7167,ZWE001-0214,ZWE001-0214,41,,Visit 3,1,Prescription,Prescription,,,,",  ",,
7167,ZWE001-0214,ZWE001-0214,41,,Visit 3,1,Prescription,date_time,Date & time of prescription,,,,,
7167,ZWE001-0214,ZWE001-0214,41,,Visit 3,1,Prescription,numeric,Participant's age,,,",  ",,
7167,ZWE001-0214,ZWE001-0214,41,,Visit 3,1,Prescription,yes_no,Any medication prescribed?,,,,,
7167,ZWE001-0214,ZWE001-0214,41,,Visit 3,1,Prescription,input_list,,,,",  ",,
7167,ZWE001-0214,ZWE001-0214,41,,Visit 3,1,Prescription,text_single_line,Medication Name,,,",  ",,
7167,ZWE001-0214,ZWE001-0214,41,,Visit 3,1,Prescription,numeric,Dosage quantity,,,",  ",,
7167,ZWE001-0214,ZWE001-0214,41,,Visit 3,1,Prescription,dropdown,Unit of Measurement,,,",  ",,
7167,ZWE001-0214,ZWE001-0214,41,,Visit 3,1,Prescription,dropdown,Dosage frequency,,,",  ",,
7167,ZWE001-0214,ZWE001-0214,41,,Visit 3,1,Prescription,dropdown,Route of administration,,,",  ",,
7167,ZWE001-0214,ZWE001-0214,41,,Visit 3,1,Prescription,text_single_line,"If Other, specify",,,",  ",,
7167,ZWE001-0214,ZWE001-0214,41,,Visit 3,1,Prescription,text_multi_line,Notes,,,",  ",,
7167,ZWE001-0214,ZWE001-0214,41,,Visit 3,1,Prescription,text_single_line,Medication duration,,,",  ",,
7167,ZWE001-0214,ZWE001-0214,41,,Visit 3,1,Prescription,dropdown,Unit of duration,,,",  ",,
7167,ZWE001-0214,ZWE001-0214,41,,Visit 3,1,Prescription,text_single_line,Prescriber's qualification,,,",  ",,
7167,ZWE001-0214,ZWE001-0214,41,,Visit 3,1,Prescription,electronic_signature,Electronic Signature Lock Date/Time,,,,,
7167,ZWE001-0214,ZWE001-0214,41,,Visit 3,1,Biomarker Analysis,EOPE Biomarker Analysis,,,,",  ",,
7167,ZWE001-0214,ZWE001-0214,41,,Visit 3,1,Biomarker Analysis,yes_no,Biomarker sample collected?,,,,,
7167,ZWE001-0214,ZWE001-0214,41,,Visit 3,1,Biomarker Analysis,date_time,Date of Biomarker Test,,,,,
7167,ZWE001-0214,ZWE001-0214,41,,Visit 3,1,Biomarker Analysis,radio_group,Type of Biomarker Test,,,",  ",,
7167,ZWE001-0214,ZWE001-0214,41,,Visit 3,1,Biomarker Analysis,numeric,Biomarker Test Result,,,",  ",,
7167,ZWE001-0214,ZWE001-0214,41,,Visit 3,1,Biomarker Analysis,text_single_line,Unit of Measurement,,,",  ",,
7167,ZWE001-0214,ZWE001-0214,41,,Visit 3,1,Biomarker Analysis,text_single_line,Normal Range,,,",  ",,
7167,ZWE001-0214,ZWE001-0214,41,,Visit 3,1,Biomarker Analysis,radio_group,Abnormal Flag,,,",  ",,
7167,ZWE001-0214,ZWE001-0214,41,,Visit 3,1,Biomarker Analysis,text_multi_line,Abnormal Flag Description,,,",  ",,
7167,ZWE001-0214,ZWE001-0214,41,,Visit 3,1,Biomarker Analysis,text_multi_line,Comments,,,",  ",,
7167,ZWE001-0214,ZWE001-0214,41,,Visit 3,1,Biomarker Analysis,electronic_signature,Electronic Signature Lock Date/Time,,,,,
7167,ZWE001-0214,ZWE001-0214,41,,Visit 3,1,Dispensing Form,Dispensing Form,,,,",  ",,
7167,ZWE001-0214,ZWE001-0214,41,,Visit 3,1,Dispensing Form,input_list,,,,",  ",,
7167,ZWE001-0214,ZWE001-0214,41,,Visit 3,1,Dispensing Form,text_single_line,Medication prescribed,,,",  ",,
7167,ZWE001-0214,ZWE001-0214,41,,Visit 3,1,Dispensing Form,yes_no,Was the medication dispensed?,,,,,
7167,ZWE001-0214,ZWE001-0214,41,,Visit 3,1,Dispensing Form,radio_group,Reason for not dispensing the medication,,,",  ",,
7167,ZWE001-0214,ZWE001-0214,41,,Visit 3,1,Dispensing Form,text_single_line,Other specified,,,",  ",,
7167,ZWE001-0214,ZWE001-0214,41,,Visit 3,1,Dispensing Form,text_single_line,Medication prescribed,,,",  ",,
7167,ZWE001-0214,ZWE001-0214,41,,Visit 3,1,Dispensing Form,yes_no,Was the medication dispensed?,,,,,
7167,ZWE001-0214,ZWE001-0214,41,,Visit 3,1,Dispensing Form,radio_group,Reason for not dispensing the medication,,,",  ",,
7167,ZWE001-0214,ZWE001-0214,41,,Visit 3,1,Dispensing Form,text_single_line,Other specified,,,",  ",,
7167,ZWE001-0214,ZWE001-0214,41,,Visit 3,1,Dispensing Form,text_single_line,Medication prescribed,,,",  ",,
7167,ZWE001-0214,ZWE001-0214,41,,Visit 3,1,Dispensing Form,yes_no,Was the medication dispensed?,,,,,
7167,ZWE001-0214,ZWE001-0214,41,,Visit 3,1,Dispensing Form,radio_group,Reason for not dispensing the medication,,,",  ",,
7167,ZWE001-0214,ZWE001-0214,41,,Visit 3,1,Dispensing Form,text_single_line,Other specified,,,",  ",,
7167,ZWE001-0214,ZWE001-0214,41,,Visit 3,1,Dispensing Form,text_single_line,Medication prescribed,,,",  ",,
7167,ZWE001-0214,ZWE001-0214,41,,Visit 3,1,Dispensing Form,yes_no,Was the medication dispensed?,,,,,
7167,ZWE001-0214,ZWE001-0214,41,,Visit 3,1,Dispensing Form,radio_group,Reason for not dispensing the medication,,,",  ",,
7167,ZWE001-0214,ZWE001-0214,41,,Visit 3,1,Dispensing Form,text_single_line,Other specified,,,",  ",,
7167,ZWE001-0214,ZWE001-0214,41,,Visit 3,1,Dispensing Form,text_single_line,Medication prescribed,,,",  ",,
7167,ZWE001-0214,ZWE001-0214,41,,Visit 3,1,Dispensing Form,yes_no,Was the medication dispensed?,,,,,
7167,ZWE001-0214,ZWE001-0214,41,,Visit 3,1,Dispensing Form,radio_group,Reason for not dispensing the medication,,,",  ",,
7167,ZWE001-0214,ZWE001-0214,41,,Visit 3,1,Dispensing Form,text_single_line,Other specified,,,",  ",,
7167,ZWE001-0214,ZWE001-0214,41,,Visit 3,1,Dispensing Form,yes_no,The script has been correctly and completely filled,,,,,
7167,ZWE001-0214,ZWE001-0214,41,,Visit 3,1,Dispensing Form,electronic_signature,Electronic Signature Lock Date/Time,,,",  ",,
7167,ZWE001-0214,ZWE001-0214,41,,Visit 3,1,Dispensing Form,yes_no,The script has been correctly and completely filled,,,,,
7167,ZWE001-0214,ZWE001-0214,41,,Visit 3,1,Dispensing Form,electronic_signature,Electronic Signature Lock Date/Time,,,",  ",,
7167,ZWE001-0214,ZWE001-0214,41,,Visit 6 - EOS,1,Assessment of Proteinuria,EOPE Assessment of proteinuria,,,,",  ",,
7167,ZWE001-0214,ZWE001-0214,41,,Visit 6 - EOS,1,Assessment of Proteinuria,yes_no,Was assessment of proteinuria performed?,Yes,,"Minga, Kelvin  - 13/Aug/2026 09:03:32 PM CAT",,
7167,ZWE001-0214,ZWE001-0214,41,,Visit 6 - EOS,1,Assessment of Proteinuria,text_multi_line,"One of the two tests must be performed. If not done, please provide a reason",,,",  ",,
7167,ZWE001-0214,ZWE001-0214,41,,Visit 6 - EOS,1,Assessment of Proteinuria,yes_no,Was a urine protein dipstick test performed?,Yes,,"Minga, Kelvin  - 13/Aug/2026 09:03:34 PM CAT",,
7167,ZWE001-0214,ZWE001-0214,41,,Visit 6 - EOS,1,Assessment of Proteinuria,date_time,Date and time of urine dipstick  test,7/29/2026 12:12:00 ,,"Minga, Kelvin  - 13/Aug/2026 09:03:59 PM CAT",,
7167,ZWE001-0214,ZWE001-0214,41,,Visit 6 - EOS,1,Assessment of Proteinuria,radio_group,Urine protein dipstick test results,Negative,,"Minga, Kelvin  - 13/Aug/2026 09:04:53 PM CAT",,
7167,ZWE001-0214,ZWE001-0214,41,,Visit 6 - EOS,1,Assessment of Proteinuria,yes_no,Was a spot urine test for protein performed?,No,,"Minga, Kelvin  - 13/Aug/2026 09:04:56 PM CAT",,
7167,ZWE001-0214,ZWE001-0214,41,,Visit 6 - EOS,1,Assessment of Proteinuria,date_time,Date and time of spot urine test for protein,,,,,
7167,ZWE001-0214,ZWE001-0214,41,,Visit 6 - EOS,1,Assessment of Proteinuria,numeric,Date of spot urine test for protein,,,",  ",,
7167,ZWE001-0214,ZWE001-0214,41,,Visit 6 - EOS,1,Assessment of Proteinuria,yes_no,Was a spot urine test for protein/creatinine ratio performed?,No,,"Minga, Kelvin  - 13/Aug/2026 09:04:57 PM CAT",,
7167,ZWE001-0214,ZWE001-0214,41,,Visit 6 - EOS,1,Assessment of Proteinuria,date_time,Date and time of spot urine test for protein/creatinine ratio,,,,,
7167,ZWE001-0214,ZWE001-0214,41,,Visit 6 - EOS,1,Assessment of Proteinuria,numeric,Spot urine test for protein/creatinine ratio result,,,",  ",,
7167,ZWE001-0214,ZWE001-0214,41,,Visit 6 - EOS,1,Assessment of Proteinuria,text_multi_line,Comments: (Provide any relevant information),,,",  ",,
7167,ZWE001-0214,ZWE001-0214,41,,Visit 6 - EOS,1,Assessment of Proteinuria,file_manager,File Upload,ZWE0010214 V06 URINALYSIS.pdf,,"Minga, Kelvin  - 13/Aug/2026 09:05:47 PM CAT",,
7167,ZWE001-0214,ZWE001-0214,41,,Visit 6 - EOS,1,Assessment of Proteinuria,electronic_signature,Electronic Signature Lock Date/Time,13/Aug/2026 09:05:58 PM CAT,,"Minga, Kelvin  - 13/Aug/2026 09:05:58 PM CAT",,
7167,ZWE001-0214,ZWE001-0214,41,,Visit 6 - EOS,1,Assessment of Proteinuria,electronic_signature,Electronic Signature Lock Date/Time,,,,,
7167,ZWE001-0214,ZWE001-0214,41,,Visit 6 - EOS,1,Hematology,EOPE Hematology,,,,",  ",,
7167,ZWE001-0214,ZWE001-0214,41,,Visit 6 - EOS,1,Hematology,yes_no,Was hematology sample collected?,Yes,,"Manginasi, Betty - 28/Jul/2026 08:49:54 AM CAT",,
7167,ZWE001-0214,ZWE001-0214,41,,Visit 6 - EOS,1,Hematology,date_time,Date and time of sample collection,7/28/2026 12:50:00 ,,"Gonah, Arthur - 28/Jul/2026 03:05:32 PM CAT",,
7167,ZWE001-0214,ZWE001-0214,41,,Visit 6 - EOS,1,Hematology,numeric,Hemoglobin,13.8,,"Manginasi, Betty - 31/Jul/2026 11:51:53 AM CAT",,
7167,ZWE001-0214,ZWE001-0214,41,,Visit 6 - EOS,1,Hematology,numeric,Low range,,,",  ",,
7167,ZWE001-0214,ZWE001-0214,41,,Visit 6 - EOS,1,Hematology,numeric,High range,,,",  ",,
7167,ZWE001-0214,ZWE001-0214,41,,Visit 6 - EOS,1,Hematology,radio_group,Hemoglobin result interpretation,Normal,,"Manginasi, Betty - 31/Jul/2026 11:51:54 AM CAT",,
7167,ZWE001-0214,ZWE001-0214,41,,Visit 6 - EOS,1,Hematology,text_multi_line,Comment if abnormal CS/NCS,,,",  ",,
7167,ZWE001-0214,ZWE001-0214,41,,Visit 6 - EOS,1,Hematology,numeric,Hematocrit,40.8,,"Manginasi, Betty - 31/Jul/2026 12:23:51 PM CAT",,
7167,ZWE001-0214,ZWE001-0214,41,,Visit 6 - EOS,1,Hematology,numeric,Low range,,,",  ",,
7167,ZWE001-0214,ZWE001-0214,41,,Visit 6 - EOS,1,Hematology,numeric,High range,,,",  ",,
7167,ZWE001-0214,ZWE001-0214,41,,Visit 6 - EOS,1,Hematology,radio_group,Hematocrit result interpretation,Normal,,"Manginasi, Betty - 31/Jul/2026 12:23:53 PM CAT",,
7167,ZWE001-0214,ZWE001-0214,41,,Visit 6 - EOS,1,Hematology,text_multi_line,Comment if abnormal CS/NCS,,,",  ",,
7167,ZWE001-0214,ZWE001-0214,41,,Visit 6 - EOS,1,Hematology,numeric,White blood cell count,4.38,,"Manginasi, Betty - 31/Jul/2026 12:24:57 PM CAT",,
7167,ZWE001-0214,ZWE001-0214,41,,Visit 6 - EOS,1,Hematology,numeric,Low range,,,",  ",,
7167,ZWE001-0214,ZWE001-0214,41,,Visit 6 - EOS,1,Hematology,numeric,High range,,,",  ",,
7167,ZWE001-0214,ZWE001-0214,41,,Visit 6 - EOS,1,Hematology,radio_group,White blood cell count result interpretation,Normal,,"Manginasi, Betty - 31/Jul/2026 12:24:58 PM CAT",,
7167,ZWE001-0214,ZWE001-0214,41,,Visit 6 - EOS,1,Hematology,radio_group,White blood cell count result interpretation,,,",  ",,
7167,ZWE001-0214,ZWE001-0214,41,,Visit 6 - EOS,1,Hematology,text_multi_line,Comment if abnormal CS/NCS,,,",  ",,
7167,ZWE001-0214,ZWE001-0214,41,,Visit 6 - EOS,1,Hematology,numeric,Red blood cell count,1.3,,"Manginasi, Betty - 31/Jul/2026 12:25:09 PM CAT",,
7167,ZWE001-0214,ZWE001-0214,41,,Visit 6 - EOS,1,Hematology,numeric,Low range,,,",  ",,
7167,ZWE001-0214,ZWE001-0214,41,,Visit 6 - EOS,1,Hematology,numeric,High range,,,",  ",,
7167,ZWE001-0214,ZWE001-0214,41,,Visit 6 - EOS,1,Hematology,radio_group,Red blood cell count result interpretation,Abnormal (CS),,"Minga, Kelvin  - 13/Aug/2026 08:58:32 PM CAT",,
7167,ZWE001-0214,ZWE001-0214,41,,Visit 6 - EOS,1,Hematology,text_multi_line,Comment if abnormal CS/NCS,Abnormal (CS),,"Minga, Kelvin  - 13/Aug/2026 08:58:52 PM CAT",,
7167,ZWE001-0214,ZWE001-0214,41,,Visit 6 - EOS,1,Hematology,numeric,Platelets count,271.2,,"Manginasi, Betty - 31/Jul/2026 12:27:32 PM CAT",,
7167,ZWE001-0214,ZWE001-0214,41,,Visit 6 - EOS,1,Hematology,numeric,Low range,,,",  ",,
7167,ZWE001-0214,ZWE001-0214,41,,Visit 6 - EOS,1,Hematology,numeric,High range,,,",  ",,
7167,ZWE001-0214,ZWE001-0214,41,,Visit 6 - EOS,1,Hematology,radio_group,Platelets count result interpretation,Normal,,"Manginasi, Betty - 31/Jul/2026 12:27:32 PM CAT",,
7167,ZWE001-0214,ZWE001-0214,41,,Visit 6 - EOS,1,Hematology,text_multi_line,Comment if abnormal CS/NCS,,,",  ",,
7167,ZWE001-0214,ZWE001-0214,41,,Visit 6 - EOS,1,Hematology,numeric,Absolute neutrophil count,2.77,,"Manginasi, Betty - 31/Jul/2026 12:28:15 PM CAT",,
7167,ZWE001-0214,ZWE001-0214,41,,Visit 6 - EOS,1,Hematology,numeric,Low range,,,",  ",,
7167,ZWE001-0214,ZWE001-0214,41,,Visit 6 - EOS,1,Hematology,numeric,High range,,,",  ",,
7167,ZWE001-0214,ZWE001-0214,41,,Visit 6 - EOS,1,Hematology,radio_group,Absolute neutrophil count result interpretation,Normal,,"Manginasi, Betty - 31/Jul/2026 12:28:17 PM CAT",,
7167,ZWE001-0214,ZWE001-0214,41,,Visit 6 - EOS,1,Hematology,text_multi_line,Comment if abnormal CS/NCS,,,",  ",,
7167,ZWE001-0214,ZWE001-0214,41,,Visit 6 - EOS,1,Hematology,numeric,Absolute lymphocytes count,1.3,,"Manginasi, Betty - 31/Jul/2026 12:28:28 PM CAT",,
7167,ZWE001-0214,ZWE001-0214,41,,Visit 6 - EOS,1,Hematology,numeric,Low range,,,",  ",,
7167,ZWE001-0214,ZWE001-0214,41,,Visit 6 - EOS,1,Hematology,numeric,High range,,,",  ",,
7167,ZWE001-0214,ZWE001-0214,41,,Visit 6 - EOS,1,Hematology,radio_group,Absolute lymphocytes count result interpretation,Abnormal (NCS),,"Minga, Kelvin  - 13/Aug/2026 08:57:39 PM CAT",,
7167,ZWE001-0214,ZWE001-0214,41,,Visit 6 - EOS,1,Hematology,text_multi_line,Comment if abnormal CS/NCS,Abnormal (NCS),,"Minga, Kelvin  - 13/Aug/2026 08:59:05 PM CAT",,
7167,ZWE001-0214,ZWE001-0214,41,,Visit 6 - EOS,1,Hematology,file_manager,File Upload,,,,,
7167,ZWE001-0214,ZWE001-0214,41,,Visit 6 - EOS,1,Hematology,electronic_signature,Electronic Signature Lock Date/Time,,,,,
7167,ZWE001-0214,ZWE001-0214,41,,Visit 6 - EOS,1,Hematology,electronic_signature,Electronic Signature Lock Date/Time,,,,,
7167,ZWE001-0214,ZWE001-0214,41,,Visit 6 - EOS,1,Urinalysis ,EOPE Urinalysis,,,,",  ",,
7167,ZWE001-0214,ZWE001-0214,41,,Visit 6 - EOS,1,Urinalysis ,yes_no,Was urine sample collected?,Yes,,"Manginasi, Betty - 28/Jul/2026 08:50:05 AM CAT",,
7167,ZWE001-0214,ZWE001-0214,41,,Visit 6 - EOS,1,Urinalysis ,date_time,Date and time of sample collection,7/28/2026 12:48:00 ,,"Gonah, Arthur - 28/Jul/2026 03:06:13 PM CAT",,
7167,ZWE001-0214,ZWE001-0214,41,,Visit 6 - EOS,1,Urinalysis ,radio_group,Urine blood results,2+,,"Manginasi, Betty - 31/Jul/2026 11:26:35 AM CAT",,
7167,ZWE001-0214,ZWE001-0214,41,,Visit 6 - EOS,1,Urinalysis ,radio_group,Blood results interpretation,Abnormal (CS),,"Manginasi, Betty - 31/Jul/2026 11:26:37 AM CAT",,
7167,ZWE001-0214,ZWE001-0214,41,,Visit 6 - EOS,1,Urinalysis ,text_multi_line,Comment if Abnormal CS/NCS,,,",  ",,
7167,ZWE001-0214,ZWE001-0214,41,,Visit 6 - EOS,1,Urinalysis ,radio_group,Urine ketones results,Negative,,"Manginasi, Betty - 31/Jul/2026 11:26:53 AM CAT",,
7167,ZWE001-0214,ZWE001-0214,41,,Visit 6 - EOS,1,Urinalysis ,radio_group,Ketones results interpretation,Normal,,"Manginasi, Betty - 31/Jul/2026 11:26:54 AM CAT",,
7167,ZWE001-0214,ZWE001-0214,41,,Visit 6 - EOS,1,Urinalysis ,text_multi_line,Comment if Abnormal CS/NCS,,,",  ",,
7167,ZWE001-0214,ZWE001-0214,41,,Visit 6 - EOS,1,Urinalysis ,radio_group,Urine leukocytes results,Negative,,"Manginasi, Betty - 31/Jul/2026 11:27:11 AM CAT",,
7167,ZWE001-0214,ZWE001-0214,41,,Visit 6 - EOS,1,Urinalysis ,radio_group,Leukocytes results interpretation,Normal,,"Manginasi, Betty - 31/Jul/2026 11:27:13 AM CAT",,
7167,ZWE001-0214,ZWE001-0214,41,,Visit 6 - EOS,1,Urinalysis ,text_multi_line,Comment if Abnormal CS/NCS,,,",  ",,
7167,ZWE001-0214,ZWE001-0214,41,,Visit 6 - EOS,1,Urinalysis ,radio_group,Urine nitrites results,Negative,,"Manginasi, Betty - 31/Jul/2026 11:27:16 AM CAT",,
7167,ZWE001-0214,ZWE001-0214,41,,Visit 6 - EOS,1,Urinalysis ,radio_group,Nitrites results interpretation,Normal,,"Manginasi, Betty - 31/Jul/2026 11:27:18 AM CAT",,
7167,ZWE001-0214,ZWE001-0214,41,,Visit 6 - EOS,1,Urinalysis ,text_multi_line,Comment if Abnormal CS/NCS,,,",  ",,
7167,ZWE001-0214,ZWE001-0214,41,,Visit 6 - EOS,1,Urinalysis ,radio_group,Urine protein results,Negative,,"Manginasi, Betty - 31/Jul/2026 11:27:26 AM CAT",,
7167,ZWE001-0214,ZWE001-0214,41,,Visit 6 - EOS,1,Urinalysis ,radio_group,Protein results interpretation,Normal,,"Manginasi, Betty - 31/Jul/2026 11:27:27 AM CAT",,
7167,ZWE001-0214,ZWE001-0214,41,,Visit 6 - EOS,1,Urinalysis ,text_multi_line,Comment if Abnormal CS/NCS,,,",  ",,
7167,ZWE001-0214,ZWE001-0214,41,,Visit 6 - EOS,1,Urinalysis ,radio_group,Urine glucose results,Negative,,"Manginasi, Betty - 31/Jul/2026 11:27:31 AM CAT",,
7167,ZWE001-0214,ZWE001-0214,41,,Visit 6 - EOS,1,Urinalysis ,radio_group,Urine glucose results interpretation,Normal,,"Manginasi, Betty - 31/Jul/2026 11:27:33 AM CAT",,
7167,ZWE001-0214,ZWE001-0214,41,,Visit 6 - EOS,1,Urinalysis ,text_multi_line,Comment if Abnormal CS/NCS,,,",  ",,
7167,ZWE001-0214,ZWE001-0214,41,,Visit 6 - EOS,1,Urinalysis ,file_manager,File Upload,ZWE0010214 V06 URINALYSIS.pdf,,"Manginasi, Betty - 31/Jul/2026 12:35:30 PM CAT",,
7167,ZWE001-0214,ZWE001-0214,41,,Visit 6 - EOS,1,Urinalysis ,electronic_signature,Electronic Signature Lock Date/Time,31/Jul/2026 12:35:37 PM CAT,,"Manginasi, Betty - 31/Jul/2026 12:35:37 PM CAT",,
7167,ZWE001-0214,ZWE001-0214,41,,Visit 6 - EOS,1,Urinalysis ,electronic_signature,Electronic Signature Lock Date/Time,,,,,
7167,ZWE001-0214,ZWE001-0214,41,,Visit 6 - EOS,1,Biochemistry,EOPE Biochemistry,,,,",  ",,
7167,ZWE001-0214,ZWE001-0214,41,,Visit 6 - EOS,1,Biochemistry,yes_no,Was Biochemistry sample collected?,Yes,,"Manginasi, Betty - 28/Jul/2026 08:49:59 AM CAT",,
7167,ZWE001-0214,ZWE001-0214,41,,Visit 6 - EOS,1,Biochemistry,date_time,Date and Time of sample collection,7/28/2026 12:50:00 ,,"Gonah, Arthur - 28/Jul/2026 03:05:43 PM CAT",,
7167,ZWE001-0214,ZWE001-0214,41,,Visit 6 - EOS,1,Biochemistry,numeric,Glucose Result,,,",  ",,
7167,ZWE001-0214,ZWE001-0214,41,,Visit 6 - EOS,1,Biochemistry,numeric,Low range,,,",  ",,
7167,ZWE001-0214,ZWE001-0214,41,,Visit 6 - EOS,1,Biochemistry,numeric,High range,,,",  ",,
7167,ZWE001-0214,ZWE001-0214,41,,Visit 6 - EOS,1,Biochemistry,radio_group,Glucose result interpretation,,,",  ",,
7167,ZWE001-0214,ZWE001-0214,41,,Visit 6 - EOS,1,Biochemistry,text_multi_line,Comment if abnormal CS/NCS,,,",  ",,
7167,ZWE001-0214,ZWE001-0214,41,,Visit 6 - EOS,1,Biochemistry,numeric,Blood urea nitrogen Result,,,",  ",,
7167,ZWE001-0214,ZWE001-0214,41,,Visit 6 - EOS,1,Biochemistry,numeric,Low range,,,",  ",,
7167,ZWE001-0214,ZWE001-0214,41,,Visit 6 - EOS,1,Biochemistry,numeric,High range,,,",  ",,
7167,ZWE001-0214,ZWE001-0214,41,,Visit 6 - EOS,1,Biochemistry,radio_group,Blood urea nitrogen result interpretation,,,",  ",,
7167,ZWE001-0214,ZWE001-0214,41,,Visit 6 - EOS,1,Biochemistry,text_multi_line,Comment if abnormal CS/NCS,,,",  ",,
7167,ZWE001-0214,ZWE001-0214,41,,Visit 6 - EOS,1,Biochemistry,numeric,Creatinine Result,53.2,,"Manginasi, Betty - 31/Jul/2026 11:33:47 AM CAT",,
7167,ZWE001-0214,ZWE001-0214,41,,Visit 6 - EOS,1,Biochemistry,numeric,Low range,,,",  ",,
7167,ZWE001-0214,ZWE001-0214,41,,Visit 6 - EOS,1,Biochemistry,numeric,High range,,,",  ",,
7167,ZWE001-0214,ZWE001-0214,41,,Visit 6 - EOS,1,Biochemistry,radio_group,Creatinine result interpretation,Normal,,"Manginasi, Betty - 31/Jul/2026 11:33:42 AM CAT",,
7167,ZWE001-0214,ZWE001-0214,41,,Visit 6 - EOS,1,Biochemistry,text_multi_line,Comment if abnormal CS/NCS,,,",  ",,
7167,ZWE001-0214,ZWE001-0214,41,,Visit 6 - EOS,1,Biochemistry,numeric,Alanine Aminotransferase (ALT) Result,16.9,,"Manginasi, Betty - 31/Jul/2026 11:33:39 AM CAT",,
7167,ZWE001-0214,ZWE001-0214,41,,Visit 6 - EOS,1,Biochemistry,numeric,Low range,,,",  ",,
7167,ZWE001-0214,ZWE001-0214,41,,Visit 6 - EOS,1,Biochemistry,numeric,High range,,,",  ",,
7167,ZWE001-0214,ZWE001-0214,41,,Visit 6 - EOS,1,Biochemistry,radio_group,Alanine Aminotransferase result interpretation,Normal,,"Manginasi, Betty - 31/Jul/2026 11:33:32 AM CAT",,
7167,ZWE001-0214,ZWE001-0214,41,,Visit 6 - EOS,1,Biochemistry,text_multi_line,Comment if abnormal CS/NCS,,,",  ",,
7167,ZWE001-0214,ZWE001-0214,41,,Visit 6 - EOS,1,Biochemistry,numeric,Aspartate aminotransferase (AST) Result,14.1,,"Manginasi, Betty - 31/Jul/2026 11:33:28 AM CAT",,
7167,ZWE001-0214,ZWE001-0214,41,,Visit 6 - EOS,1,Biochemistry,numeric,Low range,,,",  ",,
7167,ZWE001-0214,ZWE001-0214,41,,Visit 6 - EOS,1,Biochemistry,numeric,High range,,,",  ",,
7167,ZWE001-0214,ZWE001-0214,41,,Visit 6 - EOS,1,Biochemistry,radio_group,Aspartate Aminotransferase result interpretation,Normal,,"Manginasi, Betty - 31/Jul/2026 11:33:13 AM CAT",,
7167,ZWE001-0214,ZWE001-0214,41,,Visit 6 - EOS,1,Biochemistry,text_multi_line,Comment if abnormal CS/NCS,,,",  ",,
7167,ZWE001-0214,ZWE001-0214,41,,Visit 6 - EOS,1,Biochemistry,numeric,Alkaline phosphatase (ALP) Result,183.2,,"Manginasi, Betty - 31/Jul/2026 11:30:56 AM CAT",,
7167,ZWE001-0214,ZWE001-0214,41,,Visit 6 - EOS,1,Biochemistry,numeric,Low range,,,",  ",,
7167,ZWE001-0214,ZWE001-0214,41,,Visit 6 - EOS,1,Biochemistry,numeric,High range,,,",  ",,
7167,ZWE001-0214,ZWE001-0214,41,,Visit 6 - EOS,1,Biochemistry,radio_group,Alkaline phosphatase result interpretation,Abnormal (CS),,"Manginasi, Betty - 31/Jul/2026 11:30:56 AM CAT",,
7167,ZWE001-0214,ZWE001-0214,41,,Visit 6 - EOS,1,Biochemistry,text_multi_line,Comment if abnormal CS/NCS,CLINICALLY SIGNIFICANT,,"Manginasi, Betty - 31/Jul/2026 11:31:20 AM CAT",,
7167,ZWE001-0214,ZWE001-0214,41,,Visit 6 - EOS,1,Biochemistry,numeric,Total Bilirubin Result,6.93,,"Manginasi, Betty - 31/Jul/2026 11:31:57 AM CAT",,
7167,ZWE001-0214,ZWE001-0214,41,,Visit 6 - EOS,1,Biochemistry,numeric,Low range,,,",  ",,
7167,ZWE001-0214,ZWE001-0214,41,,Visit 6 - EOS,1,Biochemistry,numeric,High range,,,",  ",,
7167,ZWE001-0214,ZWE001-0214,41,,Visit 6 - EOS,1,Biochemistry,radio_group,Total bilirubin result interpretation,Normal,,"Manginasi, Betty - 31/Jul/2026 11:31:58 AM CAT",,
7167,ZWE001-0214,ZWE001-0214,41,,Visit 6 - EOS,1,Biochemistry,text_multi_line,Comment if abnormal CS/NCS,,,",  ",,
7167,ZWE001-0214,ZWE001-0214,41,,Visit 6 - EOS,1,Biochemistry,numeric,Lactate dehydrogenase (LDH ) Result,191.9,,"Manginasi, Betty - 31/Jul/2026 11:32:16 AM CAT",,
7167,ZWE001-0214,ZWE001-0214,41,,Visit 6 - EOS,1,Biochemistry,numeric,Low range,,,",  ",,
7167,ZWE001-0214,ZWE001-0214,41,,Visit 6 - EOS,1,Biochemistry,numeric,High range,,,",  ",,
7167,ZWE001-0214,ZWE001-0214,41,,Visit 6 - EOS,1,Biochemistry,radio_group,Lactate dehydrogenase result interpretation,Normal,,"Manginasi, Betty - 31/Jul/2026 11:32:16 AM CAT",,
7167,ZWE001-0214,ZWE001-0214,41,,Visit 6 - EOS,1,Biochemistry,text_multi_line,Comment if abnormal CS/NCS,,,",  ",,
7167,ZWE001-0214,ZWE001-0214,41,,Visit 6 - EOS,1,Biochemistry,file_manager,File Upload,ZWE0010214 V06 BIOCHEMISTRY.pdf,,"Manginasi, Betty - 31/Jul/2026 11:32:57 AM CAT",,
7167,ZWE001-0214,ZWE001-0214,41,,Visit 6 - EOS,1,Biochemistry,electronic_signature,Electronic Signature Lock Date/Time,31/Jul/2026 11:33:06 AM CAT,,"Manginasi, Betty - 31/Jul/2026 11:33:07 AM CAT",,
7167,ZWE001-0214,ZWE001-0214,41,,Visit 6 - EOS,1,Biochemistry,electronic_signature,Electronic Signature Lock Date/Time,,,,,
7167,ZWE001-0214,ZWE001-0214,41,,Visit 6 - EOS,1,Lab Sample Collection Form,EOPE Lab Request Form,,,,",  ",,
7167,ZWE001-0214,ZWE001-0214,41,,Visit 6 - EOS,1,Lab Sample Collection Form,text_single_line,PTID,ZWE001-0241,,"Manginasi, Betty - 28/Jul/2026 08:58:00 AM CAT",,
7167,ZWE001-0214,ZWE001-0214,41,,Visit 6 - EOS,1,Lab Sample Collection Form,date_time,Date of collection,7/28/2026 8:58:00 ,,"Manginasi, Betty - 28/Jul/2026 08:58:00 AM CAT",,
7167,ZWE001-0214,ZWE001-0214,41,,Visit 6 - EOS,1,Lab Sample Collection Form,yes_no,Fasting,No,,"Manginasi, Betty - 28/Jul/2026 08:58:01 AM CAT",,
7167,ZWE001-0214,ZWE001-0214,41,,Visit 6 - EOS,1,Lab Sample Collection Form,date_of_birth,Date of Birth,9/16/1985 ,,"Manginasi, Betty - 28/Jul/2026 08:58:13 AM CAT",,
7167,ZWE001-0214,ZWE001-0214,41,,Visit 6 - EOS,1,Lab Sample Collection Form,numeric,Visit number,6,,"Manginasi, Betty - 28/Jul/2026 08:58:17 AM CAT",,
7167,ZWE001-0214,ZWE001-0214,41,,Visit 6 - EOS,1,Lab Sample Collection Form,numeric,Expected number of EDTA tubes,,,",  ",,
7167,ZWE001-0214,ZWE001-0214,41,,Visit 6 - EOS,1,Lab Sample Collection Form,numeric,Actual number of EDTA tubes,1,,"Manginasi, Betty - 28/Jul/2026 08:58:19 AM CAT",,
7167,ZWE001-0214,ZWE001-0214,41,,Visit 6 - EOS,1,Lab Sample Collection Form,numeric,Expected number of SST tubes,,,",  ",,
7167,ZWE001-0214,ZWE001-0214,41,,Visit 6 - EOS,1,Lab Sample Collection Form,numeric,Actual number of SST tubes,2,,"Manginasi, Betty - 28/Jul/2026 08:58:22 AM CAT",,
7167,ZWE001-0214,ZWE001-0214,41,,Visit 6 - EOS,1,Lab Sample Collection Form,date_time,Time of blood sample collection,0/0/0 12:50:00 ,,"Gonah, Arthur - 28/Jul/2026 03:01:21 PM CAT",,
7167,ZWE001-0214,ZWE001-0214,41,,Visit 6 - EOS,1,Lab Sample Collection Form,numeric,Expected number of urine bottles,,,",  ",,
7167,ZWE001-0214,ZWE001-0214,41,,Visit 6 - EOS,1,Lab Sample Collection Form,numeric,Actual number of urine bottles,1,,"Manginasi, Betty - 28/Jul/2026 08:58:26 AM CAT",,
7167,ZWE001-0214,ZWE001-0214,41,,Visit 6 - EOS,1,Lab Sample Collection Form,date_time,Time of urine sample collection,0/0/0 12:48:00 ,,"Gonah, Arthur - 28/Jul/2026 03:01:55 PM CAT",,
7167,ZWE001-0214,ZWE001-0214,41,,Visit 6 - EOS,1,Lab Sample Collection Form,yes_no,Biomarker analysis sample collected?,Yes,,"Manginasi, Betty - 28/Jul/2026 08:58:26 AM CAT",,
7167,ZWE001-0214,ZWE001-0214,41,,Visit 6 - EOS,1,Lab Sample Collection Form,yes_no,FBC,Yes,,"Manginasi, Betty - 28/Jul/2026 08:58:27 AM CAT",,
7167,ZWE001-0214,ZWE001-0214,41,,Visit 6 - EOS,1,Lab Sample Collection Form,yes_no,QC (Lab),,,,,
7167,ZWE001-0214,ZWE001-0214,41,,Visit 6 - EOS,1,Lab Sample Collection Form,yes_no,LFT,Yes,,"Manginasi, Betty - 28/Jul/2026 08:58:27 AM CAT",,
7167,ZWE001-0214,ZWE001-0214,41,,Visit 6 - EOS,1,Lab Sample Collection Form,yes_no,QC (Lab),,,,,
7167,ZWE001-0214,ZWE001-0214,41,,Visit 6 - EOS,1,Lab Sample Collection Form,yes_no,LDH,Yes,,"Manginasi, Betty - 28/Jul/2026 08:58:28 AM CAT",,
7167,ZWE001-0214,ZWE001-0214,41,,Visit 6 - EOS,1,Lab Sample Collection Form,yes_no,QC (Lab),,,,,
7167,ZWE001-0214,ZWE001-0214,41,,Visit 6 - EOS,1,Lab Sample Collection Form,yes_no,Creatinine,Yes,,"Manginasi, Betty - 28/Jul/2026 08:58:28 AM CAT",,
7167,ZWE001-0214,ZWE001-0214,41,,Visit 6 - EOS,1,Lab Sample Collection Form,yes_no,QC (Lab),,,,,
7167,ZWE001-0214,ZWE001-0214,41,,Visit 6 - EOS,1,Lab Sample Collection Form,yes_no,Urinalysis,Yes,,"Manginasi, Betty - 28/Jul/2026 08:58:29 AM CAT",,
7167,ZWE001-0214,ZWE001-0214,41,,Visit 6 - EOS,1,Lab Sample Collection Form,yes_no,QC (Lab),,,,,
7167,ZWE001-0214,ZWE001-0214,41,,Visit 6 - EOS,1,Lab Sample Collection Form,yes_no,Shuwen Circa Red,Yes,,"Manginasi, Betty - 28/Jul/2026 08:58:29 AM CAT",,
7167,ZWE001-0214,ZWE001-0214,41,,Visit 6 - EOS,1,Lab Sample Collection Form,yes_no,QC (Lab),,,,,
7167,ZWE001-0214,ZWE001-0214,41,,Visit 6 - EOS,1,Lab Sample Collection Form,yes_no,Tigsun PIGf/sFLT-1,Yes,,"Manginasi, Betty - 28/Jul/2026 08:58:30 AM CAT",,
7167,ZWE001-0214,ZWE001-0214,41,,Visit 6 - EOS,1,Lab Sample Collection Form,yes_no,QC (Lab),,,,,
7167,ZWE001-0214,ZWE001-0214,41,,Visit 6 - EOS,1,Lab Sample Collection Form,yes_no,Aucheer PIGf/sFLT-1,Yes,,"Manginasi, Betty - 28/Jul/2026 08:58:31 AM CAT",,
7167,ZWE001-0214,ZWE001-0214,41,,Visit 6 - EOS,1,Lab Sample Collection Form,yes_no,QC (Lab),,,,,
7167,ZWE001-0214,ZWE001-0214,41,,Visit 6 - EOS,1,Lab Sample Collection Form,yes_no,Serum,Yes,,"Manginasi, Betty - 28/Jul/2026 08:58:31 AM CAT",,
7167,ZWE001-0214,ZWE001-0214,41,,Visit 6 - EOS,1,Lab Sample Collection Form,yes_no,QC (Lab),,,,CDASH,
7167,ZWE001-0214,ZWE001-0214,41,,Visit 6 - EOS,1,Lab Sample Collection Form,electronic_signature,Electronic Signature Lock Date/Time,,,,,
7167,ZWE001-0214,ZWE001-0214,41,,Visit 6 - EOS,1,Lab Sample Collection Form,numeric,Research Nurse (Actual),19.6,,"Manginasi, Betty - 28/Jul/2026 08:59:35 AM CAT",,
7167,ZWE001-0214,ZWE001-0214,41,,Visit 6 - EOS,1,Lab Sample Collection Form,numeric,Research Nurse (Min),18.4,,"Manginasi, Betty - 28/Jul/2026 08:59:39 AM CAT",,
7167,ZWE001-0214,ZWE001-0214,41,,Visit 6 - EOS,1,Lab Sample Collection Form,numeric,Research Nurse (Max),20.3,,"Manginasi, Betty - 28/Jul/2026 08:59:43 AM CAT",,
7167,ZWE001-0214,ZWE001-0214,41,,Visit 6 - EOS,1,Lab Sample Collection Form,date_time,Date and time sent,7/28/2026 13:30:00 ,,"Gonah, Arthur - 28/Jul/2026 03:02:15 PM CAT",,
7167,ZWE001-0214,ZWE001-0214,41,,Visit 6 - EOS,1,Lab Sample Collection Form,electronic_signature,Electronic Signature Lock Date/Time,28/Jul/2026 08:59:48 AM CAT,,"Manginasi, Betty - 28/Jul/2026 08:59:48 AM CAT",,
7167,ZWE001-0214,ZWE001-0214,41,,Visit 6 - EOS,1,Lab Sample Collection Form,numeric,Lab (Actual),,,",  ",,
7167,ZWE001-0214,ZWE001-0214,41,,Visit 6 - EOS,1,Lab Sample Collection Form,numeric,Lab (Min),,,",  ",,
7167,ZWE001-0214,ZWE001-0214,41,,Visit 6 - EOS,1,Lab Sample Collection Form,numeric,Lab (Max),,,",  ",,
7167,ZWE001-0214,ZWE001-0214,41,,Visit 6 - EOS,1,Lab Sample Collection Form,text_single_line,Lab (Thermo ID),,,",  ",,
7167,ZWE001-0214,ZWE001-0214,41,,Visit 6 - EOS,1,Lab Sample Collection Form,text_multi_line,Lab comments,,,",  ",,
7167,ZWE001-0214,ZWE001-0214,41,,Visit 6 - EOS,1,Lab Sample Collection Form,file_manager,File Upload,,,,,
7167,ZWE001-0214,ZWE001-0214,41,,Visit 6 - EOS,1,Lab Sample Collection Form,electronic_signature,Electronic Signature Lock Date/Time,,,,,
7167,ZWE001-0214,ZWE001-0214,41,,Visit 6 - EOS,1,Lab Sample Collection Form,electronic_signature,Electronic Signature Lock Date/Time,,,,,
7167,ZWE001-0214,ZWE001-0214,41,,Visit 6 - EOS,1,Progress Notes,Progress notes,,,,",  ",,
7167,ZWE001-0214,ZWE001-0214,41,,Visit 6 - EOS,1,Progress Notes,yes_no,Were there any Progress Notes captured during the visit?,Yes,,"Manginasi, Betty - 28/Jul/2026 08:50:46 AM CAT",,
7167,ZWE001-0214,ZWE001-0214,41,,Visit 6 - EOS,1,Progress Notes,input_list,,,,",  ",,
7167,ZWE001-0214,ZWE001-0214,41,,Visit 6 - EOS,1,Progress Notes,date_time,Date of Note,"#1 - s:18:""7/28/2026 8:50:00 "";",,"Manginasi, Betty - 28/Jul/2026 08:50:47 AM CAT",,
7167,ZWE001-0214,ZWE001-0214,41,,Visit 6 - EOS,1,Progress Notes,text_multi_line,Note:,"#1 - s:319:""Visit 6 EOS
TUESDAY 28JULY, 2026

0900AM

40F participant

P3
EOS V06

 

SUBJECTIVE

4weeks post C SECTION
No complains today

Baby is well

 

OBJECTIVE

Vital Signs Bp  136/89
Clinically stable

Baby is clinically well
Adverse Events:
None

 PLAN
Protocol bloods
Next Study Visit
EOS"";",,"Manginasi, Betty - 28/Jul/2026 08:57:33 AM CAT",,
7167,ZWE001-0214,ZWE001-0214,41,,Visit 6 - EOS,1,Progress Notes,electronic_signature,Electronic Signature Lock Date/Time,#1 - 28/Jul/2026 08:57:35 AM CAT,,"Manginasi, Betty - 28/Jul/2026 08:57:36 AM CAT",,
7167,ZWE001-0214,ZWE001-0214,41,,Visit 6 - EOS,1,Progress Notes,electronic_signature,Electronic Signature Lock Date/Time,,,",  ",,
7167,ZWE001-0214,ZWE001-0214,41,,Visit 6 - EOS,1,Progress Notes,file_manager,File Upload,"#1 - ZWE001-0214 SCAN.pdf, #2 - ZWE001-0214.pdf",,",  ",,
7167,ZWE001-0214,ZWE001-0214,41,,Visit 6 - EOS,1,Progress Notes,camera,Camera Photo,"#1 - ZWE001-0214 SCAN.pdf, #2 - ZWE001-0214.pdf",,",  ",,
7167,ZWE001-0214,ZWE001-0214,41,,Visit 6 - EOS,1,Newborn Assessment,EOPE Newborn Assessment Form,,,,",  ",,
7167,ZWE001-0214,ZWE001-0214,41,,Visit 6 - EOS,1,Newborn Assessment,text_single_line,Initials,MM,,"Manginasi, Betty - 28/Jul/2026 08:55:44 AM CAT",,
7167,ZWE001-0214,ZWE001-0214,41,,Visit 6 - EOS,1,Newborn Assessment,date_of_birth,Date of Birth ...,6/29/2026 ,,"Manginasi, Betty - 28/Jul/2026 08:55:25 AM CAT",,
7167,ZWE001-0214,ZWE001-0214,41,,Visit 6 - EOS,1,Newborn Assessment,numeric,Gestational Age,37,,"Manginasi, Betty - 28/Jul/2026 08:52:23 AM CAT",,
7167,ZWE001-0214,ZWE001-0214,41,,Visit 6 - EOS,1,Newborn Assessment,numeric,Birth Weight,2550,,"Manginasi, Betty - 28/Jul/2026 08:52:27 AM CAT",,
7167,ZWE001-0214,ZWE001-0214,41,,Visit 6 - EOS,1,Newborn Assessment,numeric,Length,45,,"Manginasi, Betty - 28/Jul/2026 08:52:32 AM CAT",,
7167,ZWE001-0214,ZWE001-0214,41,,Visit 6 - EOS,1,Newborn Assessment,numeric,Head Circumference,36,,"Manginasi, Betty - 28/Jul/2026 08:52:36 AM CAT",,
7167,ZWE001-0214,ZWE001-0214,41,,Visit 6 - EOS,1,Newborn Assessment,numeric,Heart rate,145,,"Manginasi, Betty - 28/Jul/2026 08:52:46 AM CAT",,
7167,ZWE001-0214,ZWE001-0214,41,,Visit 6 - EOS,1,Newborn Assessment,numeric,Respiration,41,,"Manginasi, Betty - 28/Jul/2026 08:52:50 AM CAT",,
7167,ZWE001-0214,ZWE001-0214,41,,Visit 6 - EOS,1,Newborn Assessment,numeric,Apgar Score at 1 Minute,8,,"Manginasi, Betty - 28/Jul/2026 08:52:52 AM CAT",,
7167,ZWE001-0214,ZWE001-0214,41,,Visit 6 - EOS,1,Newborn Assessment,numeric,Apgar Score at 5 Minutes,9,,"Manginasi, Betty - 28/Jul/2026 08:52:53 AM CAT",,
7167,ZWE001-0214,ZWE001-0214,41,,Visit 6 - EOS,1,Newborn Assessment,numeric,Apgar Score at 10 Minutes,,,",  ",,
7167,ZWE001-0214,ZWE001-0214,41,,Visit 6 - EOS,1,Newborn Assessment,radio_group,Gender,M,,"Manginasi, Betty - 28/Jul/2026 08:53:07 AM CAT",,
7167,ZWE001-0214,ZWE001-0214,41,,Visit 6 - EOS,1,Newborn Assessment,radio_group,Physical Examination,Yes,,"Manginasi, Betty - 28/Jul/2026 08:53:08 AM CAT",,
7167,ZWE001-0214,ZWE001-0214,41,,Visit 6 - EOS,1,Newborn Assessment,radio_group,Eyes,Normal,,"Manginasi, Betty - 28/Jul/2026 08:53:10 AM CAT",,
7167,ZWE001-0214,ZWE001-0214,41,,Visit 6 - EOS,1,Newborn Assessment,text_multi_line,Eyes Examination Description,,,",  ",,
7167,ZWE001-0214,ZWE001-0214,41,,Visit 6 - EOS,1,Newborn Assessment,radio_group,Heart,Normal,,"Manginasi, Betty - 28/Jul/2026 08:53:11 AM CAT",,
7167,ZWE001-0214,ZWE001-0214,41,,Visit 6 - EOS,1,Newborn Assessment,text_multi_line,Heart Examination Description,,,",  ",,
7167,ZWE001-0214,ZWE001-0214,41,,Visit 6 - EOS,1,Newborn Assessment,radio_group,Hips,Normal,,"Manginasi, Betty - 28/Jul/2026 08:53:12 AM CAT",,
7167,ZWE001-0214,ZWE001-0214,41,,Visit 6 - EOS,1,Newborn Assessment,text_multi_line,Hips Examination Description,,,",  ",,
7167,ZWE001-0214,ZWE001-0214,41,,Visit 6 - EOS,1,Newborn Assessment,radio_group,Testes (if boy),Normal,,"Manginasi, Betty - 28/Jul/2026 08:53:14 AM CAT",,
7167,ZWE001-0214,ZWE001-0214,41,,Visit 6 - EOS,1,Newborn Assessment,text_multi_line,Testes Examination Description,,,",  ",,
7167,ZWE001-0214,ZWE001-0214,41,,Visit 6 - EOS,1,Newborn Assessment,radio_group,Neurological Examination,Yes ,,"Manginasi, Betty - 28/Jul/2026 08:53:16 AM CAT",,
7167,ZWE001-0214,ZWE001-0214,41,,Visit 6 - EOS,1,Newborn Assessment,text_multi_line,Neurological Description,,,",  ",,
7167,ZWE001-0214,ZWE001-0214,41,,Visit 6 - EOS,1,Newborn Assessment,radio_group,Posture,Normal ,,"Manginasi, Betty - 28/Jul/2026 08:53:17 AM CAT",,
7167,ZWE001-0214,ZWE001-0214,41,,Visit 6 - EOS,1,Newborn Assessment,text_multi_line,Posture description,,,",  ",,
7167,ZWE001-0214,ZWE001-0214,41,,Visit 6 - EOS,1,Newborn Assessment,radio_group,Muscle tone,Normal,,"Manginasi, Betty - 28/Jul/2026 08:53:18 AM CAT",,
7167,ZWE001-0214,ZWE001-0214,41,,Visit 6 - EOS,1,Newborn Assessment,text_multi_line,Muscle tone description,,,",  ",,
7167,ZWE001-0214,ZWE001-0214,41,,Visit 6 - EOS,1,Newborn Assessment,radio_group,Reflex responses,Normal,,"Manginasi, Betty - 28/Jul/2026 08:53:20 AM CAT",,
7167,ZWE001-0214,ZWE001-0214,41,,Visit 6 - EOS,1,Newborn Assessment,text_multi_line,Reflex responses description,,,",  ",,
7167,ZWE001-0214,ZWE001-0214,41,,Visit 6 - EOS,1,Newborn Assessment,radio_group,Newborn Screening Tests,No,,"Manginasi, Betty - 28/Jul/2026 08:53:21 AM CAT",,
7167,ZWE001-0214,ZWE001-0214,41,,Visit 6 - EOS,1,Newborn Assessment,text_multi_line,Newborn Screening Tests Description,NOT DONE,,"Manginasi, Betty - 28/Jul/2026 08:53:27 AM CAT",,
7167,ZWE001-0214,ZWE001-0214,41,,Visit 6 - EOS,1,Newborn Assessment,radio_group,Birth Complications,No,,"Manginasi, Betty - 28/Jul/2026 08:53:27 AM CAT",,
7167,ZWE001-0214,ZWE001-0214,41,,Visit 6 - EOS,1,Newborn Assessment,text_multi_line,Birth Complications Description,,,",  ",,
7167,ZWE001-0214,ZWE001-0214,41,,Visit 6 - EOS,1,Newborn Assessment,radio_group,Congenital Anomalies,No,,"Manginasi, Betty - 28/Jul/2026 08:53:30 AM CAT",,
7167,ZWE001-0214,ZWE001-0214,41,,Visit 6 - EOS,1,Newborn Assessment,text_multi_line,Congenital Anomalies   Description,,,",  ",,
7167,ZWE001-0214,ZWE001-0214,41,,Visit 6 - EOS,1,Newborn Assessment,radio_group,Neonatal ICU Admission,No,,"Manginasi, Betty - 28/Jul/2026 08:53:32 AM CAT",,
7167,ZWE001-0214,ZWE001-0214,41,,Visit 6 - EOS,1,Newborn Assessment,radio_group,Feeding Method,Breastfeeding,,"Manginasi, Betty - 28/Jul/2026 08:53:34 AM CAT",,
7167,ZWE001-0214,ZWE001-0214,41,,Visit 6 - EOS,1,Newborn Assessment,text_multi_line,Neonatal ICU Admission Description,,,",  ",,
7167,ZWE001-0214,ZWE001-0214,41,,Visit 6 - EOS,1,Newborn Assessment,file_manager,File Upload,,,,,
7167,ZWE001-0214,ZWE001-0214,41,,Visit 6 - EOS,1,Newborn Assessment,electronic_signature,Electronic Signature Lock Date/Time,28/Jul/2026 08:53:37 AM CAT,,"Manginasi, Betty - 28/Jul/2026 08:53:38 AM CAT",,
7167,ZWE001-0214,ZWE001-0214,41,,Visit 6 - EOS,1,Newborn Assessment,electronic_signature,Electronic Signature Lock Date/Time,,,,,
7167,ZWE001-0214,ZWE001-0214,41,,Visit 6 - EOS,1,Vital Signs/Weight Height,TEMPO Vital signs\/Weight Height,,,,",  ",,
7167,ZWE001-0214,ZWE001-0214,41,,Visit 6 - EOS,1,Vital Signs/Weight Height,yes_no,Were vital signs performed?,Yes,,"Manginasi, Betty - 28/Jul/2026 08:48:16 AM CAT",,
7167,ZWE001-0214,ZWE001-0214,41,,Visit 6 - EOS,1,Vital Signs/Weight Height,text_multi_line,"If not done, please provide a reason",,,"Manginasi, Betty - 28/Jul/2026 08:48:19 AM CAT",,
7167,ZWE001-0214,ZWE001-0214,41,,Visit 6 - EOS,1,Vital Signs/Weight Height,date_time,Date and time of assessment,7/28/2026 8:48:00 ,,"Manginasi, Betty - 28/Jul/2026 08:48:19 AM CAT",,
7167,ZWE001-0214,ZWE001-0214,41,,Visit 6 - EOS,1,Vital Signs/Weight Height,numeric,Systolic blood pressure,138,,"Manginasi, Betty - 28/Jul/2026 08:53:59 AM CAT",,
7167,ZWE001-0214,ZWE001-0214,41,,Visit 6 - EOS,1,Vital Signs/Weight Height,text_multi_line,Comment if out of normal range,,,",  ",,
7167,ZWE001-0214,ZWE001-0214,41,,Visit 6 - EOS,1,Vital Signs/Weight Height,numeric,Diastolic blood pressure,88,,"Manginasi, Betty - 28/Jul/2026 08:54:02 AM CAT",,
7167,ZWE001-0214,ZWE001-0214,41,,Visit 6 - EOS,1,Vital Signs/Weight Height,text_multi_line,Comment if out of normal range,,,",  ",,
7167,ZWE001-0214,ZWE001-0214,41,,Visit 6 - EOS,1,Vital Signs/Weight Height,numeric,Systolic blood pressure,136,,"Manginasi, Betty - 28/Jul/2026 08:54:05 AM CAT",,
7167,ZWE001-0214,ZWE001-0214,41,,Visit 6 - EOS,1,Vital Signs/Weight Height,numeric,Diastolic blood pressure,89,,"Manginasi, Betty - 28/Jul/2026 08:54:07 AM CAT",,
7167,ZWE001-0214,ZWE001-0214,41,,Visit 6 - EOS,1,Vital Signs/Weight Height,numeric,Body temperature,36.2,,"Manginasi, Betty - 28/Jul/2026 08:54:10 AM CAT",,
7167,ZWE001-0214,ZWE001-0214,41,,Visit 6 - EOS,1,Vital Signs/Weight Height,radio_group,Temperature location,Temporal,,"Manginasi, Betty - 28/Jul/2026 08:48:23 AM CAT",,
7167,ZWE001-0214,ZWE001-0214,41,,Visit 6 - EOS,1,Vital Signs/Weight Height,numeric,Respiratory rate,18,,"Manginasi, Betty - 28/Jul/2026 08:48:26 AM CAT",,
7167,ZWE001-0214,ZWE001-0214,41,,Visit 6 - EOS,1,Vital Signs/Weight Height,numeric,Oxygen saturation,96,,"Manginasi, Betty - 28/Jul/2026 08:48:28 AM CAT",,
7167,ZWE001-0214,ZWE001-0214,41,,Visit 6 - EOS,1,Vital Signs/Weight Height,numeric,Pulse,88,,"Manginasi, Betty - 28/Jul/2026 08:48:31 AM CAT",,
7167,ZWE001-0214,ZWE001-0214,41,,Visit 6 - EOS,1,Vital Signs/Weight Height,text_multi_line,Comments: (Provide a comment for all abnormal readings),,,",  ",,
7167,ZWE001-0214,ZWE001-0214,41,,Visit 6 - EOS,1,Vital Signs/Weight Height,bmi,,,,",  ",,
7167,ZWE001-0214,ZWE001-0214,41,,Visit 6 - EOS,1,Vital Signs/Weight Height,numeric,Height,159,,"Manginasi, Betty - 28/Jul/2026 08:55:06 AM CAT",,
7167,ZWE001-0214,ZWE001-0214,41,,Visit 6 - EOS,1,Vital Signs/Weight Height,numeric,Weight,77,,"Manginasi, Betty - 28/Jul/2026 08:55:09 AM CAT",,
7167,ZWE001-0214,ZWE001-0214,41,,Visit 6 - EOS,1,Vital Signs/Weight Height,numeric,BMI,30.5,,"Manginasi, Betty - 28/Jul/2026 08:55:09 AM CAT",,
7167,ZWE001-0214,ZWE001-0214,41,,Visit 6 - EOS,1,Vital Signs/Weight Height,radio_group,Units,metric,,"Manginasi, Betty - 28/Jul/2026 08:54:24 AM CAT",,
7167,ZWE001-0214,ZWE001-0214,41,,Visit 6 - EOS,1,Vital Signs/Weight Height,file_manager,File Upload,,,,,
7167,ZWE001-0214,ZWE001-0214,41,,Visit 6 - EOS,1,Vital Signs/Weight Height,electronic_signature,Electronic Signature Lock Date/Time,28/Jul/2026 08:55:13 AM CAT,,"Manginasi, Betty - 28/Jul/2026 08:55:13 AM CAT",,
7167,ZWE001-0214,ZWE001-0214,41,,Visit 6 - EOS,1,Vital Signs/Weight Height,electronic_signature,Electronic Signature Lock Date/Time,,,,,
7167,ZWE001-0214,ZWE001-0214,41,,Visit 6 - EOS,1,End of Study,EOPE End-of-Study (EOS) Form ,,,,",  ",,
7167,ZWE001-0214,ZWE001-0214,41,,Visit 6 - EOS,1,End of Study,text_single_line,Initials,,,",  ",,
7167,ZWE001-0214,ZWE001-0214,41,,Visit 6 - EOS,1,End of Study,date_time,Date of End-of-Study,7/28/2026 8:50:00 ,,"Manginasi, Betty - 28/Jul/2026 08:50:12 AM CAT",,
7167,ZWE001-0214,ZWE001-0214,41,,Visit 6 - EOS,1,End of Study,radio_group,End-of-Study Status,Completed,,"Manginasi, Betty - 28/Jul/2026 08:50:13 AM CAT",,
7167,ZWE001-0214,ZWE001-0214,41,,Visit 6 - EOS,1,End of Study,text_multi_line,Reason for Withdrawal,,,",  ",,
7167,ZWE001-0214,ZWE001-0214,41,,Visit 6 - EOS,1,End of Study,radio_group,Final Health Status,Improved,,"Manginasi, Betty - 28/Jul/2026 08:50:15 AM CAT",,
7167,ZWE001-0214,ZWE001-0214,41,,Visit 6 - EOS,1,End of Study,text_multi_line,Final Health Status Description,CLINICALLY STABLE,,"Manginasi, Betty - 28/Jul/2026 08:50:26 AM CAT",,
7167,ZWE001-0214,ZWE001-0214,41,,Visit 6 - EOS,1,End of Study,radio_group,Unresolved Issues,No,,"Manginasi, Betty - 28/Jul/2026 08:50:26 AM CAT",,
7167,ZWE001-0214,ZWE001-0214,41,,Visit 6 - EOS,1,End of Study,text_multi_line,Unresolved Issues Description,,,",  ",,
7167,ZWE001-0214,ZWE001-0214,41,,Visit 6 - EOS,1,End of Study,radio_group,Follow-Up Required,,,",  ",,
7167,ZWE001-0214,ZWE001-0214,41,,Visit 6 - EOS,1,End of Study,text_multi_line,Follow-Up Description,,,",  ",,
7167,ZWE001-0214,ZWE001-0214,41,,Visit 6 - EOS,1,End of Study,text_multi_line,Additional Comments,,,"Manginasi, Betty - 28/Jul/2026 08:50:37 AM CAT",,
7167,ZWE001-0214,ZWE001-0214,41,,Visit 6 - EOS,1,End of Study,electronic_signature,Electronic Signature Lock Date/Time,28/Jul/2026 08:50:41 AM CAT,,"Manginasi, Betty - 28/Jul/2026 08:50:42 AM CAT",,
7167,ZWE001-0214,ZWE001-0214,41,,Visit 6 - EOS,1,End of Study,file_manager,File Upload,,,,,
7167,ZWE001-0214,ZWE001-0214,41,,Visit 6 - EOS,1,Newborn disorders,EOPE Neonatal disorders,,,,",  ",,
7167,ZWE001-0214,ZWE001-0214,41,,Visit 6 - EOS,1,Newborn disorders,yes_no,Was the newborn disorder status assessment performed?,Yes,,"Manginasi, Betty - 28/Jul/2026 08:49:37 AM CAT",,
7167,ZWE001-0214,ZWE001-0214,41,,Visit 6 - EOS,1,Newborn disorders,date_time,Date of newborn disorder status assessment,7/28/2026 8:49:00 ,,"Manginasi, Betty - 28/Jul/2026 08:49:37 AM CAT",,
7167,ZWE001-0214,ZWE001-0214,41,,Visit 6 - EOS,1,Newborn disorders,yes_no,Respiratory distress syndrome?,No,,"Manginasi, Betty - 28/Jul/2026 08:49:38 AM CAT",,
7167,ZWE001-0214,ZWE001-0214,41,,Visit 6 - EOS,1,Newborn disorders,yes_no,Necrotizing enterocololitis?,No,,"Manginasi, Betty - 28/Jul/2026 08:49:39 AM CAT",,
7167,ZWE001-0214,ZWE001-0214,41,,Visit 6 - EOS,1,Newborn disorders,yes_no,Intraventricular hemorrhage?,No,,"Manginasi, Betty - 28/Jul/2026 08:49:39 AM CAT",,
7167,ZWE001-0214,ZWE001-0214,41,,Visit 6 - EOS,1,Newborn disorders,yes_no,Hospitalized?,No,,"Manginasi, Betty - 28/Jul/2026 08:49:39 AM CAT",,
7167,ZWE001-0214,ZWE001-0214,41,,Visit 6 - EOS,1,Newborn disorders,date_time,Date hospitalized,,,,,
7167,ZWE001-0214,ZWE001-0214,41,,Visit 6 - EOS,1,Newborn disorders,date_time,Date of discharge,,,,,
7167,ZWE001-0214,ZWE001-0214,41,,Visit 6 - EOS,1,Newborn disorders,numeric,Number of days in hospital,,,",  ",,
7167,ZWE001-0214,ZWE001-0214,41,,Visit 6 - EOS,1,Newborn disorders,yes_no,ICU admission?,,,,,
7167,ZWE001-0214,ZWE001-0214,41,,Visit 6 - EOS,1,Newborn disorders,date_time,Date of ICU admission,,,,,
7167,ZWE001-0214,ZWE001-0214,41,,Visit 6 - EOS,1,Newborn disorders,date_time,Date of discharge from ICU,,,,,
7167,ZWE001-0214,ZWE001-0214,41,,Visit 6 - EOS,1,Newborn disorders,numeric,Number of days in ICU,,,",  ",,
7167,ZWE001-0214,ZWE001-0214,41,,Visit 6 - EOS,1,Newborn disorders,text_multi_line,Comments,,,",  ",,
7167,ZWE001-0214,ZWE001-0214,41,,Visit 6 - EOS,1,Newborn disorders,file_manager,File Upload,,,,,
7167,ZWE001-0214,ZWE001-0214,41,,Visit 6 - EOS,1,Newborn disorders,electronic_signature,Electronic Signature Lock Date/Time,28/Jul/2026 08:49:43 AM CAT,,"Manginasi, Betty - 28/Jul/2026 08:49:43 AM CAT",,
7167,ZWE001-0214,ZWE001-0214,41,,Visit 6 - EOS,1,Newborn disorders,electronic_signature,Electronic Signature Lock Date/Time,,,,,
7167,ZWE001-0214,ZWE001-0214,41,,Visit 6 - EOS,1,Maternal Status,EOPE Maternal status assessment,,,,",  ",,
7167,ZWE001-0214,ZWE001-0214,41,,Visit 6 - EOS,1,Maternal Status,yes_no,Was Maternal status assessment performed?,Yes,,"Manginasi, Betty - 28/Jul/2026 08:49:19 AM CAT",,
7167,ZWE001-0214,ZWE001-0214,41,,Visit 6 - EOS,1,Maternal Status,date_time,Date of Maternal status assessment,7/28/2026 8:49:00 ,,"Manginasi, Betty - 28/Jul/2026 08:49:20 AM CAT",,
7167,ZWE001-0214,ZWE001-0214,41,,Visit 6 - EOS,1,Maternal Status,yes_no,Maternal death,No,,"Manginasi, Betty - 28/Jul/2026 08:49:21 AM CAT",,
7167,ZWE001-0214,ZWE001-0214,41,,Visit 6 - EOS,1,Maternal Status,yes_no,Pulmonary edema,No,,"Manginasi, Betty - 28/Jul/2026 08:49:21 AM CAT",,
7167,ZWE001-0214,ZWE001-0214,41,,Visit 6 - EOS,1,Maternal Status,yes_no,Acute renal failure,No,,"Manginasi, Betty - 28/Jul/2026 08:49:22 AM CAT",,
7167,ZWE001-0214,ZWE001-0214,41,,Visit 6 - EOS,1,Maternal Status,yes_no,Cerebral hemorrhage,No,,"Manginasi, Betty - 28/Jul/2026 08:49:23 AM CAT",,
7167,ZWE001-0214,ZWE001-0214,41,,Visit 6 - EOS,1,Maternal Status,yes_no,Cerebral thrombosis,No,,"Manginasi, Betty - 28/Jul/2026 08:49:23 AM CAT",,
7167,ZWE001-0214,ZWE001-0214,41,,Visit 6 - EOS,1,Maternal Status,yes_no,DIC,No,,"Manginasi, Betty - 28/Jul/2026 08:49:23 AM CAT",,
7167,ZWE001-0214,ZWE001-0214,41,,Visit 6 - EOS,1,Maternal Status,yes_no,Hospitalized,No,,"Manginasi, Betty - 28/Jul/2026 08:49:24 AM CAT",,
7167,ZWE001-0214,ZWE001-0214,41,,Visit 6 - EOS,1,Maternal Status,date_time,Admission date,,,,,
7167,ZWE001-0214,ZWE001-0214,41,,Visit 6 - EOS,1,Maternal Status,date_time,Date of discharge,,,,,
7167,ZWE001-0214,ZWE001-0214,41,,Visit 6 - EOS,1,Maternal Status,numeric,Days in hospital,,,",  ",,
7167,ZWE001-0214,ZWE001-0214,41,,Visit 6 - EOS,1,Maternal Status,yes_no,Admitted in ICU,No,,"Manginasi, Betty - 28/Jul/2026 08:49:25 AM CAT",,
7167,ZWE001-0214,ZWE001-0214,41,,Visit 6 - EOS,1,Maternal Status,date_time,ICU Admission date,,,,,
7167,ZWE001-0214,ZWE001-0214,41,,Visit 6 - EOS,1,Maternal Status,date_time,Date of discharge from ICU,,,,,
7167,ZWE001-0214,ZWE001-0214,41,,Visit 6 - EOS,1,Maternal Status,numeric,Days in ICU,,,",  ",,
7167,ZWE001-0214,ZWE001-0214,41,,Visit 6 - EOS,1,Maternal Status,file_manager,File Upload,,,,,
7167,ZWE001-0214,ZWE001-0214,41,,Visit 6 - EOS,1,Maternal Status,electronic_signature,Electronic Signature Lock Date/Time,28/Jul/2026 08:49:28 AM CAT,,"Manginasi, Betty - 28/Jul/2026 08:49:29 AM CAT",,
7167,ZWE001-0214,ZWE001-0214,41,,Visit 6 - EOS,1,Maternal Status,electronic_signature,Electronic Signature Lock Date/Time,,,,,
7167,ZWE001-0214,ZWE001-0214,41,,Visit 6 - EOS,1,IUGR and SGA,IUGR and SGA,,,,",  ",,
7167,ZWE001-0214,ZWE001-0214,41,,Visit 6 - EOS,1,IUGR and SGA,input_list,,,,",  ",,
7167,ZWE001-0214,ZWE001-0214,41,,Visit 6 - EOS,1,IUGR and SGA,yes_no,Were IUGR and SGA assessments done?,# - No,,"Manginasi, Betty - 28/Jul/2026 08:49:04 AM CAT",,
7167,ZWE001-0214,ZWE001-0214,41,,Visit 6 - EOS,1,IUGR and SGA,date_time,Date of scan,,,",  ",,
7167,ZWE001-0214,ZWE001-0214,41,,Visit 6 - EOS,1,IUGR and SGA,numeric,Estimated fetal weight (EFW),,,",  ",,
7167,ZWE001-0214,ZWE001-0214,41,,Visit 6 - EOS,1,IUGR and SGA,radio_group,Oligohydramnios (amniotic fluid index),"#1 - s:12:""Not assessed"";",,"Manginasi, Betty - 28/Jul/2026 08:49:05 AM CAT",,
7167,ZWE001-0214,ZWE001-0214,41,,Visit 6 - EOS,1,IUGR and SGA,numeric,AFI value,,,",  ",,
7167,ZWE001-0214,ZWE001-0214,41,,Visit 6 - EOS,1,IUGR and SGA,yes_no,Oligohydramnios (amniotic fluid index) <10th percentile,,,,,
7167,ZWE001-0214,ZWE001-0214,41,,Visit 6 - EOS,1,IUGR and SGA,radio_group,Abdominal circumference,"#1 - s:12:""Not assessed"";",,"Manginasi, Betty - 28/Jul/2026 08:49:06 AM CAT",,
7167,ZWE001-0214,ZWE001-0214,41,,Visit 6 - EOS,1,IUGR and SGA,numeric,Abdominal Circumference (AC),,,",  ",,
7167,ZWE001-0214,ZWE001-0214,41,,Visit 6 - EOS,1,IUGR and SGA,yes_no,Abdominal circumference <5th percentile,,,,,
7167,ZWE001-0214,ZWE001-0214,41,,Visit 6 - EOS,1,IUGR and SGA,yes_no,Pathologic flow in umbilical artery,,,,,
7167,ZWE001-0214,ZWE001-0214,41,,Visit 6 - EOS,1,IUGR and SGA,yes_no,Confirmed IUGR,,,,,
7167,ZWE001-0214,ZWE001-0214,41,,Visit 6 - EOS,1,IUGR and SGA,radio_group,Abdominal circumference,"#1 - s:12:""Not assessed"";",,"Manginasi, Betty - 28/Jul/2026 08:49:09 AM CAT",,
7167,ZWE001-0214,ZWE001-0214,41,,Visit 6 - EOS,1,IUGR and SGA,numeric,Abdominal Circumference (AC),,,",  ",,
7167,ZWE001-0214,ZWE001-0214,41,,Visit 6 - EOS,1,IUGR and SGA,yes_no,Abdominal Circumference <5th percentile,,,,,
7167,ZWE001-0214,ZWE001-0214,41,,Visit 6 - EOS,1,IUGR and SGA,yes_no,Pathologic process,,,,,
7167,ZWE001-0214,ZWE001-0214,41,,Visit 6 - EOS,1,IUGR and SGA,yes_no,Confirmed SGA,,,,,
7167,ZWE001-0214,ZWE001-0214,41,,Visit 6 - EOS,1,IUGR and SGA,text_multi_line,Comments: (Provide any relevant information),,,",  ",,
7167,ZWE001-0214,ZWE001-0214,41,,Visit 6 - EOS,1,IUGR and SGA,file_manager,File Upload,"#1 - ZWE001-0214 SCAN.pdf, #2 - ZWE001-0214.pdf",,",  ",,
7167,ZWE001-0214,ZWE001-0214,41,,Visit 6 - EOS,1,IUGR and SGA,electronic_signature,Electronic Signature Lock Date/Time,#1 - 28/Jul/2026 08:49:15 AM CAT,,"Manginasi, Betty - 28/Jul/2026 08:49:16 AM CAT",,
7167,ZWE001-0214,ZWE001-0214,41,,Visit 6 - EOS,1,IUGR and SGA,electronic_signature,Electronic Signature Lock Date/Time,,,",  ",,
7167,ZWE001-0214,ZWE001-0214,41,,Visit 6 - EOS,1,Maternal Preeclampsia Assessment,"EOPE PE status, symptoms",,,,",  ",,
7167,ZWE001-0214,ZWE001-0214,41,,Visit 6 - EOS,1,Maternal Preeclampsia Assessment,yes_no,Was the PE status assessment performed?,Yes,,"Manginasi, Betty - 28/Jul/2026 08:48:43 AM CAT",,
7167,ZWE001-0214,ZWE001-0214,41,,Visit 6 - EOS,1,Maternal Preeclampsia Assessment,date_time,Date of PE status assessment,7/28/2026 8:48:00 ,,"Manginasi, Betty - 28/Jul/2026 08:48:44 AM CAT",,
7167,ZWE001-0214,ZWE001-0214,41,,Visit 6 - EOS,1,Maternal Preeclampsia Assessment,yes_no,Does the participant have any PE symptom?,,,,,
7167,ZWE001-0214,ZWE001-0214,41,,Visit 6 - EOS,1,Maternal Preeclampsia Assessment,radio_group,PE status,No PE,,"Manginasi, Betty - 28/Jul/2026 08:48:51 AM CAT",,
7167,ZWE001-0214,ZWE001-0214,41,,Visit 6 - EOS,1,Maternal Preeclampsia Assessment,yes_no,Elevated systolic blood pressure?,,,,,
7167,ZWE001-0214,ZWE001-0214,41,,Visit 6 - EOS,1,Maternal Preeclampsia Assessment,date_time,Start date,,,,,
7167,ZWE001-0214,ZWE001-0214,41,,Visit 6 - EOS,1,Maternal Preeclampsia Assessment,text_multi_line,Comment,,,",  ",,
7167,ZWE001-0214,ZWE001-0214,41,,Visit 6 - EOS,1,Maternal Preeclampsia Assessment,yes_no,Elevated diastolic blood pressure?,,,,,
7167,ZWE001-0214,ZWE001-0214,41,,Visit 6 - EOS,1,Maternal Preeclampsia Assessment,date_time,Start date,,,,,
7167,ZWE001-0214,ZWE001-0214,41,,Visit 6 - EOS,1,Maternal Preeclampsia Assessment,text_multi_line,Comment,,,",  ",,
7167,ZWE001-0214,ZWE001-0214,41,,Visit 6 - EOS,1,Maternal Preeclampsia Assessment,yes_no,Proteinuria?,,,,,
7167,ZWE001-0214,ZWE001-0214,41,,Visit 6 - EOS,1,Maternal Preeclampsia Assessment,date_time,Start date,,,,,
7167,ZWE001-0214,ZWE001-0214,41,,Visit 6 - EOS,1,Maternal Preeclampsia Assessment,text_multi_line,Comment,,,",  ",,
7167,ZWE001-0214,ZWE001-0214,41,,Visit 6 - EOS,1,Maternal Preeclampsia Assessment,yes_no,"Excessive edema/ severe swelling (face, hands or feet)?",,,,,
7167,ZWE001-0214,ZWE001-0214,41,,Visit 6 - EOS,1,Maternal Preeclampsia Assessment,date_time,Start date,,,,,
7167,ZWE001-0214,ZWE001-0214,41,,Visit 6 - EOS,1,Maternal Preeclampsia Assessment,text_multi_line,Comment,,,",  ",,
7167,ZWE001-0214,ZWE001-0214,41,,Visit 6 - EOS,1,Maternal Preeclampsia Assessment,yes_no,Persistent headache?,,,,,
7167,ZWE001-0214,ZWE001-0214,41,,Visit 6 - EOS,1,Maternal Preeclampsia Assessment,date_time,Start date,,,,,
7167,ZWE001-0214,ZWE001-0214,41,,Visit 6 - EOS,1,Maternal Preeclampsia Assessment,text_multi_line,Comment,,,",  ",,
7167,ZWE001-0214,ZWE001-0214,41,,Visit 6 - EOS,1,Maternal Preeclampsia Assessment,yes_no,Visual disturbances?,,,,,
7167,ZWE001-0214,ZWE001-0214,41,,Visit 6 - EOS,1,Maternal Preeclampsia Assessment,date_time,Start date,,,,,
7167,ZWE001-0214,ZWE001-0214,41,,Visit 6 - EOS,1,Maternal Preeclampsia Assessment,text_multi_line,Comment,,,",  ",,
7167,ZWE001-0214,ZWE001-0214,41,,Visit 6 - EOS,1,Maternal Preeclampsia Assessment,yes_no,Upper Abdominal pain?,,,,,
7167,ZWE001-0214,ZWE001-0214,41,,Visit 6 - EOS,1,Maternal Preeclampsia Assessment,date_time,Start date,,,,,
7167,ZWE001-0214,ZWE001-0214,41,,Visit 6 - EOS,1,Maternal Preeclampsia Assessment,text_multi_line,Comment,,,",  ",,
7167,ZWE001-0214,ZWE001-0214,41,,Visit 6 - EOS,1,Maternal Preeclampsia Assessment,yes_no,Nausea or vomiting?,,,,,
7167,ZWE001-0214,ZWE001-0214,41,,Visit 6 - EOS,1,Maternal Preeclampsia Assessment,date_time,Start date,,,,,
7167,ZWE001-0214,ZWE001-0214,41,,Visit 6 - EOS,1,Maternal Preeclampsia Assessment,text_multi_line,Comment,,,",  ",,
7167,ZWE001-0214,ZWE001-0214,41,,Visit 6 - EOS,1,Maternal Preeclampsia Assessment,yes_no,Shortness of breath?,,,,,
7167,ZWE001-0214,ZWE001-0214,41,,Visit 6 - EOS,1,Maternal Preeclampsia Assessment,date_time,Start date,,,,,
7167,ZWE001-0214,ZWE001-0214,41,,Visit 6 - EOS,1,Maternal Preeclampsia Assessment,text_multi_line,Comment,,,",  ",,
7167,ZWE001-0214,ZWE001-0214,41,,Visit 6 - EOS,1,Maternal Preeclampsia Assessment,yes_no,Decreased urine output?,,,,,
7167,ZWE001-0214,ZWE001-0214,41,,Visit 6 - EOS,1,Maternal Preeclampsia Assessment,date_time,Start date,,,,,
7167,ZWE001-0214,ZWE001-0214,41,,Visit 6 - EOS,1,Maternal Preeclampsia Assessment,text_multi_line,Comment,,,",  ",,
7167,ZWE001-0214,ZWE001-0214,41,,Visit 6 - EOS,1,Maternal Preeclampsia Assessment,yes_no,Sudden weight gain (>1 kg/week in the third trimester)?,,,,,
7167,ZWE001-0214,ZWE001-0214,41,,Visit 6 - EOS,1,Maternal Preeclampsia Assessment,date_time,Start date,,,,,
7167,ZWE001-0214,ZWE001-0214,41,,Visit 6 - EOS,1,Maternal Preeclampsia Assessment,text_multi_line,Comment,,,",  ",,
7167,ZWE001-0214,ZWE001-0214,41,,Visit 6 - EOS,1,Maternal Preeclampsia Assessment,yes_no,Per vagina bleeding?,,,,,
7167,ZWE001-0214,ZWE001-0214,41,,Visit 6 - EOS,1,Maternal Preeclampsia Assessment,date_time,Start date,,,,,
7167,ZWE001-0214,ZWE001-0214,41,,Visit 6 - EOS,1,Maternal Preeclampsia Assessment,text_multi_line,Comment,,,",  ",,
7167,ZWE001-0214,ZWE001-0214,41,,Visit 6 - EOS,1,Maternal Preeclampsia Assessment,yes_no,Epigastric pain?,,,,,
7167,ZWE001-0214,ZWE001-0214,41,,Visit 6 - EOS,1,Maternal Preeclampsia Assessment,date_time,Start date,,,,,
7167,ZWE001-0214,ZWE001-0214,41,,Visit 6 - EOS,1,Maternal Preeclampsia Assessment,text_multi_line,Comment,,,",  ",,
7167,ZWE001-0214,ZWE001-0214,41,,Visit 6 - EOS,1,Maternal Preeclampsia Assessment,yes_no,Oliguria (decreased urine output)?,,,,,
7167,ZWE001-0214,ZWE001-0214,41,,Visit 6 - EOS,1,Maternal Preeclampsia Assessment,date_time,Start date,,,,,
7167,ZWE001-0214,ZWE001-0214,41,,Visit 6 - EOS,1,Maternal Preeclampsia Assessment,text_multi_line,Comment,,,",  ",,
7167,ZWE001-0214,ZWE001-0214,41,,Visit 6 - EOS,1,Maternal Preeclampsia Assessment,yes_no,Pre-existing Diabetes (Type 1)?,,,,,
7167,ZWE001-0214,ZWE001-0214,41,,Visit 6 - EOS,1,Maternal Preeclampsia Assessment,date_time,Start date,,,,,
7167,ZWE001-0214,ZWE001-0214,41,,Visit 6 - EOS,1,Maternal Preeclampsia Assessment,text_multi_line,Comment,,,",  ",,
7167,ZWE001-0214,ZWE001-0214,41,,Visit 6 - EOS,1,Maternal Preeclampsia Assessment,yes_no,Pre-existing Diabetes (Type 2)?,,,,,
7167,ZWE001-0214,ZWE001-0214,41,,Visit 6 - EOS,1,Maternal Preeclampsia Assessment,date_time,Start date,,,,,
7167,ZWE001-0214,ZWE001-0214,41,,Visit 6 - EOS,1,Maternal Preeclampsia Assessment,text_multi_line,Comment,,,",  ",,
7167,ZWE001-0214,ZWE001-0214,41,,Visit 6 - EOS,1,Maternal Preeclampsia Assessment,yes_no,Chronic hypertension?,,,,,
7167,ZWE001-0214,ZWE001-0214,41,,Visit 6 - EOS,1,Maternal Preeclampsia Assessment,date_time,Start date,,,,,
7167,ZWE001-0214,ZWE001-0214,41,,Visit 6 - EOS,1,Maternal Preeclampsia Assessment,text_multi_line,Comment,,,",  ",,
7167,ZWE001-0214,ZWE001-0214,41,,Visit 6 - EOS,1,Maternal Preeclampsia Assessment,numeric,Preeclampsia diagnosis description – onset of disease at which weeks of gestation,,,",  ",,
7167,ZWE001-0214,ZWE001-0214,41,,Visit 6 - EOS,1,Maternal Preeclampsia Assessment,radio_group,Preeclampsia diagnosis,,,",  ",,
7167,ZWE001-0214,ZWE001-0214,41,,Visit 6 - EOS,1,Maternal Preeclampsia Assessment,date_time,Preeclampsia diagnosis date,,,,,
7167,ZWE001-0214,ZWE001-0214,41,,Visit 6 - EOS,1,Maternal Preeclampsia Assessment,date_time,Date of diagnosis for HELLP - syndrome,,,,,
7167,ZWE001-0214,ZWE001-0214,41,,Visit 6 - EOS,1,Maternal Preeclampsia Assessment,file_manager,File Upload,,,,,
7167,ZWE001-0214,ZWE001-0214,41,,Visit 6 - EOS,1,Maternal Preeclampsia Assessment,electronic_signature,Electronic Signature Lock Date/Time,28/Jul/2026 08:48:58 AM CAT,,"Manginasi, Betty - 28/Jul/2026 08:48:59 AM CAT",,
7167,ZWE001-0214,ZWE001-0214,41,,Visit 6 - EOS,1,Maternal Preeclampsia Assessment,electronic_signature,Electronic Signature Lock Date/Time,,,,,
7167,ZWE001-0214,ZWE001-0214,41,,Visit 6 - EOS,1,ConMeds + AE Assessment,Medical History Assessment ,,,,",  ",,
7167,ZWE001-0214,ZWE001-0214,41,,Visit 6 - EOS,1,ConMeds + AE Assessment,yes_no,Was the Conmeds + AE assessment performed?,Yes,,"Manginasi, Betty - 28/Jul/2026 08:44:10 AM CAT",,
7167,ZWE001-0214,ZWE001-0214,41,,Visit 6 - EOS,1,ConMeds + AE Assessment,date_time,Date of assessment,7/28/2026 8:44:00 ,,"Manginasi, Betty - 28/Jul/2026 08:44:25 AM CAT",,
7167,ZWE001-0214,ZWE001-0214,41,,Visit 6 - EOS,1,ConMeds + AE Assessment,yes_no,Are there any updates/changes to the participants concomitant medications or procedures?,Yes,,"Manginasi, Betty - 28/Jul/2026 08:44:33 AM CAT",,
7167,ZWE001-0214,ZWE001-0214,41,,Visit 6 - EOS,1,ConMeds + AE Assessment,text_multi_line,Comments                                  If applicable,NIFEDIPINE 20MG TWICE DAILY,,"Manginasi, Betty - 28/Jul/2026 08:45:20 AM CAT",,
7167,ZWE001-0214,ZWE001-0214,41,,Visit 6 - EOS,1,ConMeds + AE Assessment,yes_no,Has the participant experienced any new adverse events since last visit?,No,,"Manginasi, Betty - 28/Jul/2026 08:44:52 AM CAT",,
7167,ZWE001-0214,ZWE001-0214,41,,Visit 6 - EOS,1,ConMeds + AE Assessment,yes_no,Has the participant experienced any changes to exisiting adverse events since last visit?,No,,"Manginasi, Betty - 28/Jul/2026 08:44:55 AM CAT",,
7167,ZWE001-0214,ZWE001-0214,41,,Visit 6 - EOS,1,ConMeds + AE Assessment,text_multi_line,Comments                                  If applicable,,,"Manginasi, Betty - 28/Jul/2026 08:44:58 AM CAT",,
7167,ZWE001-0214,ZWE001-0214,41,,Visit 6 - EOS,1,ConMeds + AE Assessment,file_manager,File Upload,,,,,
7167,ZWE001-0214,ZWE001-0214,41,,Visit 6 - EOS,1,ConMeds + AE Assessment,electronic_signature,Electronic Signature Lock Date/Time,28/Jul/2026 08:48:03 AM CAT,,"Manginasi, Betty - 28/Jul/2026 08:48:03 AM CAT",,
7167,ZWE001-0214,ZWE001-0214,41,,Visit 6 - EOS,1,ConMeds + AE Assessment,electronic_signature,Electronic Signature Lock Date/Time,,,,,
7167,ZWE001-0214,ZWE001-0214,41,,Visit 6 - EOS,1,Maternal Death,Maternal Death,,,,",  ",,
7167,ZWE001-0214,ZWE001-0214,41,,Visit 6 - EOS,1,Maternal Death,yes_no,Maternal Death?,No,,"Manginasi, Betty - 28/Jul/2026 08:44:07 AM CAT",,
7167,ZWE001-0214,ZWE001-0214,41,,Visit 6 - EOS,1,Maternal Death,date_time,"If Yes, Date of death",,,,,
7167,ZWE001-0214,ZWE001-0214,41,,Visit 6 - EOS,1,Maternal Death,file_manager,File Upload,,,,,
7167,ZWE001-0214,ZWE001-0214,41,,Visit 6 - EOS,1,Type of Visit,EOPE Type of Visit,,,,",  ",,
7167,ZWE001-0214,ZWE001-0214,41,,Visit 6 - EOS,1,Type of Visit,yes_no,Was visit performed?,Yes,,"Gonah, Arthur - 28/Jul/2026 08:22:09 AM CAT",,
7167,ZWE001-0214,ZWE001-0214,41,,Visit 6 - EOS,1,Type of Visit,date_time,Date of the visit:,7/28/2026 8:21:00 ,,"Gonah, Arthur - 28/Jul/2026 08:22:11 AM CAT",,
7167,ZWE001-0214,ZWE001-0214,41,,Visit 6 - EOS,1,Type of Visit,radio_group,"Type of Visit (Clinic, Hospital, home)",Hospital,,"Gonah, Arthur - 28/Jul/2026 08:22:12 AM CAT",,
7167,ZWE001-0214,ZWE001-0214,41,,Visit 6 - EOS,1,Type of Visit,radio_group,Reason visit was not performed,,,",  ",,
7167,ZWE001-0214,ZWE001-0214,41,,Visit 6 - EOS,1,Type of Visit,electronic_signature,Electronic Signature Lock Date/Time,28/Jul/2026 08:22:19 AM CAT,,"Gonah, Arthur - 28/Jul/2026 08:22:20 AM CAT",,
7167,ZWE001-0214,ZWE001-0214,41,,Visit 6 - EOS,1,Dispensing Form,Dispensing Form,,,,",  ",,
7167,ZWE001-0214,ZWE001-0214,41,,Visit 6 - EOS,1,Dispensing Form,input_list,,,,",  ",,
7167,ZWE001-0214,ZWE001-0214,41,,Visit 6 - EOS,1,Dispensing Form,text_single_line,Medication prescribed,,,",  ",,
7167,ZWE001-0214,ZWE001-0214,41,,Visit 6 - EOS,1,Dispensing Form,yes_no,Was the medication dispensed?,,,,,
7167,ZWE001-0214,ZWE001-0214,41,,Visit 6 - EOS,1,Dispensing Form,radio_group,Reason for not dispensing the medication,,,",  ",,
7167,ZWE001-0214,ZWE001-0214,41,,Visit 6 - EOS,1,Dispensing Form,text_single_line,Other specified,,,",  ",,
7167,ZWE001-0214,ZWE001-0214,41,,Visit 6 - EOS,1,Dispensing Form,text_single_line,Medication prescribed,,,",  ",,
7167,ZWE001-0214,ZWE001-0214,41,,Visit 6 - EOS,1,Dispensing Form,yes_no,Was the medication dispensed?,,,,,
7167,ZWE001-0214,ZWE001-0214,41,,Visit 6 - EOS,1,Dispensing Form,radio_group,Reason for not dispensing the medication,,,",  ",,
7167,ZWE001-0214,ZWE001-0214,41,,Visit 6 - EOS,1,Dispensing Form,text_single_line,Other specified,,,",  ",,
7167,ZWE001-0214,ZWE001-0214,41,,Visit 6 - EOS,1,Dispensing Form,text_single_line,Medication prescribed,,,",  ",,
7167,ZWE001-0214,ZWE001-0214,41,,Visit 6 - EOS,1,Dispensing Form,yes_no,Was the medication dispensed?,,,,,
7167,ZWE001-0214,ZWE001-0214,41,,Visit 6 - EOS,1,Dispensing Form,radio_group,Reason for not dispensing the medication,,,",  ",,
7167,ZWE001-0214,ZWE001-0214,41,,Visit 6 - EOS,1,Dispensing Form,text_single_line,Other specified,,,",  ",,
7167,ZWE001-0214,ZWE001-0214,41,,Visit 6 - EOS,1,Dispensing Form,text_single_line,Medication prescribed,,,",  ",,
7167,ZWE001-0214,ZWE001-0214,41,,Visit 6 - EOS,1,Dispensing Form,yes_no,Was the medication dispensed?,,,,,
7167,ZWE001-0214,ZWE001-0214,41,,Visit 6 - EOS,1,Dispensing Form,radio_group,Reason for not dispensing the medication,,,",  ",,
7167,ZWE001-0214,ZWE001-0214,41,,Visit 6 - EOS,1,Dispensing Form,text_single_line,Other specified,,,",  ",,
7167,ZWE001-0214,ZWE001-0214,41,,Visit 6 - EOS,1,Dispensing Form,text_single_line,Medication prescribed,,,",  ",,
7167,ZWE001-0214,ZWE001-0214,41,,Visit 6 - EOS,1,Dispensing Form,yes_no,Was the medication dispensed?,,,,,
7167,ZWE001-0214,ZWE001-0214,41,,Visit 6 - EOS,1,Dispensing Form,radio_group,Reason for not dispensing the medication,,,",  ",,
7167,ZWE001-0214,ZWE001-0214,41,,Visit 6 - EOS,1,Dispensing Form,text_single_line,Other specified,,,",  ",,
7167,ZWE001-0214,ZWE001-0214,41,,Visit 6 - EOS,1,Dispensing Form,yes_no,The script has been correctly and completely filled,,,,,
7167,ZWE001-0214,ZWE001-0214,41,,Visit 6 - EOS,1,Dispensing Form,electronic_signature,Electronic Signature Lock Date/Time,,,",  ",,
7167,ZWE001-0214,ZWE001-0214,41,,Visit 6 - EOS,1,Dispensing Form,yes_no,The script has been correctly and completely filled,,,,,
7167,ZWE001-0214,ZWE001-0214,41,,Visit 6 - EOS,1,Dispensing Form,electronic_signature,Electronic Signature Lock Date/Time,,,",  ",,
7167,ZWE001-0214,ZWE001-0214,41,,Visit 6 - EOS,1,Biomarker Analysis,EOPE Biomarker Analysis,,,,",  ",,
7167,ZWE001-0214,ZWE001-0214,41,,Visit 6 - EOS,1,Biomarker Analysis,yes_no,Biomarker sample collected?,,,,,
7167,ZWE001-0214,ZWE001-0214,41,,Visit 6 - EOS,1,Biomarker Analysis,date_time,Date of Biomarker Test,,,,,
7167,ZWE001-0214,ZWE001-0214,41,,Visit 6 - EOS,1,Biomarker Analysis,radio_group,Type of Biomarker Test,,,",  ",,
7167,ZWE001-0214,ZWE001-0214,41,,Visit 6 - EOS,1,Biomarker Analysis,numeric,Biomarker Test Result,,,",  ",,
7167,ZWE001-0214,ZWE001-0214,41,,Visit 6 - EOS,1,Biomarker Analysis,text_single_line,Unit of Measurement,,,",  ",,
7167,ZWE001-0214,ZWE001-0214,41,,Visit 6 - EOS,1,Biomarker Analysis,text_single_line,Normal Range,,,",  ",,
7167,ZWE001-0214,ZWE001-0214,41,,Visit 6 - EOS,1,Biomarker Analysis,radio_group,Abnormal Flag,,,",  ",,
7167,ZWE001-0214,ZWE001-0214,41,,Visit 6 - EOS,1,Biomarker Analysis,text_multi_line,Abnormal Flag Description,,,",  ",,
7167,ZWE001-0214,ZWE001-0214,41,,Visit 6 - EOS,1,Biomarker Analysis,text_multi_line,Comments,,,",  ",,
7167,ZWE001-0214,ZWE001-0214,41,,Visit 6 - EOS,1,Biomarker Analysis,electronic_signature,Electronic Signature Lock Date/Time,,,,,
7167,ZWE001-0214,ZWE001-0214,41,,Visit 6 - EOS,1,Biomarker Analysis,date_time,Date,,,,,
7167,ZWE001-0214,ZWE001-0214,41,,Visit 6 - EOS,1,Prescription,Prescription,,,,",  ",,
7167,ZWE001-0214,ZWE001-0214,41,,Visit 6 - EOS,1,Prescription,date_time,Date & time of prescription,,,,,
7167,ZWE001-0214,ZWE001-0214,41,,Visit 6 - EOS,1,Prescription,numeric,Participant's age,,,",  ",,
7167,ZWE001-0214,ZWE001-0214,41,,Visit 6 - EOS,1,Prescription,yes_no,Any medication prescribed?,,,,,
7167,ZWE001-0214,ZWE001-0214,41,,Visit 6 - EOS,1,Prescription,input_list,,,,",  ",,
7167,ZWE001-0214,ZWE001-0214,41,,Visit 6 - EOS,1,Prescription,text_single_line,Medication Name,,,",  ",,
7167,ZWE001-0214,ZWE001-0214,41,,Visit 6 - EOS,1,Prescription,numeric,Dosage quantity,,,",  ",,
7167,ZWE001-0214,ZWE001-0214,41,,Visit 6 - EOS,1,Prescription,dropdown,Unit of Measurement,,,",  ",,
7167,ZWE001-0214,ZWE001-0214,41,,Visit 6 - EOS,1,Prescription,dropdown,Dosage frequency,,,",  ",,
7167,ZWE001-0214,ZWE001-0214,41,,Visit 6 - EOS,1,Prescription,dropdown,Route of administration,,,",  ",,
7167,ZWE001-0214,ZWE001-0214,41,,Visit 6 - EOS,1,Prescription,text_single_line,"If Other, specify",,,",  ",,
7167,ZWE001-0214,ZWE001-0214,41,,Visit 6 - EOS,1,Prescription,text_multi_line,Notes,,,",  ",,
7167,ZWE001-0214,ZWE001-0214,41,,Visit 6 - EOS,1,Prescription,text_single_line,Medication duration,,,",  ",,
7167,ZWE001-0214,ZWE001-0214,41,,Visit 6 - EOS,1,Prescription,dropdown,Unit of duration,,,",  ",,
7167,ZWE001-0214,ZWE001-0214,41,,Visit 6 - EOS,1,Prescription,text_single_line,Prescriber's qualification,,,",  ",,
7167,ZWE001-0214,ZWE001-0214,41,,Visit 6 - EOS,1,Prescription,electronic_signature,Electronic Signature Lock Date/Time,,,,,
7167,ZWE001-0214,ZWE001-0214,41,,Visit 4,1,Assessment of Proteinuria,EOPE Assessment of proteinuria,,,,",  ",,
7167,ZWE001-0214,ZWE001-0214,41,,Visit 4,1,Assessment of Proteinuria,yes_no,Was assessment of proteinuria performed?,Yes,,"Torerwa, Fidelis  - 29/Jun/2026 07:06:32 AM CAT",,
7167,ZWE001-0214,ZWE001-0214,41,,Visit 4,1,Assessment of Proteinuria,text_multi_line,"One of the two tests must be performed. If not done, please provide a reason",,,",  ",,
7167,ZWE001-0214,ZWE001-0214,41,,Visit 4,1,Assessment of Proteinuria,yes_no,Was a urine protein dipstick test performed?,Yes,,"Torerwa, Fidelis  - 29/Jun/2026 07:06:33 AM CAT",,
7167,ZWE001-0214,ZWE001-0214,41,,Visit 4,1,Assessment of Proteinuria,date_time,Date and time of urine dipstick  test,6/12/2026 1:50:00 ,,"Torerwa, Fidelis  - 29/Jun/2026 07:07:16 AM CAT",,
7167,ZWE001-0214,ZWE001-0214,41,,Visit 4,1,Assessment of Proteinuria,radio_group,Urine protein dipstick test results,Negative,,"Torerwa, Fidelis  - 29/Jun/2026 07:07:25 AM CAT",,
7167,ZWE001-0214,ZWE001-0214,41,,Visit 4,1,Assessment of Proteinuria,yes_no,Was a spot urine test for protein performed?,No,,"Torerwa, Fidelis  - 29/Jun/2026 07:07:26 AM CAT",,
7167,ZWE001-0214,ZWE001-0214,41,,Visit 4,1,Assessment of Proteinuria,date_time,Date and time of spot urine test for protein,,,,,
7167,ZWE001-0214,ZWE001-0214,41,,Visit 4,1,Assessment of Proteinuria,numeric,Spot urine test for protein result,,,",  ",,
7167,ZWE001-0214,ZWE001-0214,41,,Visit 4,1,Assessment of Proteinuria,yes_no,Was a spot urine test for protein/creatinine ratio performed?,No,,"Torerwa, Fidelis  - 29/Jun/2026 07:07:27 AM CAT",,
7167,ZWE001-0214,ZWE001-0214,41,,Visit 4,1,Assessment of Proteinuria,date_time,Date and time of spot urine test for protein/creatinine ratio,,,,,
7167,ZWE001-0214,ZWE001-0214,41,,Visit 4,1,Assessment of Proteinuria,numeric,Spot urine test for protein/creatinine ratio result,,,",  ",,
7167,ZWE001-0214,ZWE001-0214,41,,Visit 4,1,Assessment of Proteinuria,text_multi_line,Comments: (Provide any relevant information),,,",  ",,
7167,ZWE001-0214,ZWE001-0214,41,,Visit 4,1,Assessment of Proteinuria,file_manager,File Upload,ZWE0010214 V04-Female40 years-636_urinalysis.pdf,,"Mukosera, Caroline  - 21/Jul/2026 02:28:38 PM CAT",,
7167,ZWE001-0214,ZWE001-0214,41,,Visit 4,1,Assessment of Proteinuria,electronic_signature,Electronic Signature Lock Date/Time,29/Jun/2026 07:07:32 AM CAT,,"Torerwa, Fidelis  - 29/Jun/2026 07:07:32 AM CAT",,
7167,ZWE001-0214,ZWE001-0214,41,,Visit 4,1,Assessment of Proteinuria,electronic_signature,Electronic Signature Lock Date/Time,29/Jun/2026 07:07:37 AM CAT,,"Torerwa, Fidelis  - 29/Jun/2026 07:07:37 AM CAT",,
7167,ZWE001-0214,ZWE001-0214,41,,Visit 4,1,Biochemistry Results,EOPE Biochemistry,,,,",  ",,
7167,ZWE001-0214,ZWE001-0214,41,,Visit 4,1,Biochemistry Results,yes_no,Was Biochemistry sample collected,Yes,,"Matsikira, Beancer - 11/Jun/2026 02:56:38 PM CAT",,
7167,ZWE001-0214,ZWE001-0214,41,,Visit 4,1,Biochemistry Results,date_time,Date and time of sample collection,6/11/2026 14:25:00 ,,"Matsikira, Beancer - 11/Jun/2026 02:57:07 PM CAT",,
7167,ZWE001-0214,ZWE001-0214,41,,Visit 4,1,Biochemistry Results,numeric,Glucose Result,,,",  ",,
7167,ZWE001-0214,ZWE001-0214,41,,Visit 4,1,Biochemistry Results,numeric,Low range,,,",  ",,
7167,ZWE001-0214,ZWE001-0214,41,,Visit 4,1,Biochemistry Results,numeric,High range,,,",  ",,
7167,ZWE001-0214,ZWE001-0214,41,,Visit 4,1,Biochemistry Results,radio_group,Glucose result interpretation,,,",  ",,
7167,ZWE001-0214,ZWE001-0214,41,,Visit 4,1,Biochemistry Results,text_multi_line,Comment if abnormal CS/NCS,,,",  ",,
7167,ZWE001-0214,ZWE001-0214,41,,Visit 4,1,Biochemistry Results,numeric,Blood urea nitrogen Result,,,",  ",,
7167,ZWE001-0214,ZWE001-0214,41,,Visit 4,1,Biochemistry Results,numeric,Low range,,,",  ",,
7167,ZWE001-0214,ZWE001-0214,41,,Visit 4,1,Biochemistry Results,numeric,High range,,,",  ",,
7167,ZWE001-0214,ZWE001-0214,41,,Visit 4,1,Biochemistry Results,radio_group,Blood urea nitrogen result interpretation,,,",  ",,
7167,ZWE001-0214,ZWE001-0214,41,,Visit 4,1,Biochemistry Results,text_multi_line,Comment if abnormal CS/NCS,,,",  ",,
7167,ZWE001-0214,ZWE001-0214,41,,Visit 4,1,Biochemistry Results,numeric,Creatinine Result,38.01,,"Torerwa, Fidelis  - 29/Jun/2026 07:04:17 AM CAT",,
7167,ZWE001-0214,ZWE001-0214,41,,Visit 4,1,Biochemistry Results,numeric,Low range,,,",  ",,
7167,ZWE001-0214,ZWE001-0214,41,,Visit 4,1,Biochemistry Results,numeric,High range,,,",  ",,
7167,ZWE001-0214,ZWE001-0214,41,,Visit 4,1,Biochemistry Results,radio_group,Creatinine result interpretation,Abnormal (NCS),,"Torerwa, Fidelis  - 29/Jun/2026 07:05:01 AM CAT",,
7167,ZWE001-0214,ZWE001-0214,41,,Visit 4,1,Biochemistry Results,text_multi_line,Comment if abnormal CS/NCS,,,",  ",,
7167,ZWE001-0214,ZWE001-0214,41,,Visit 4,1,Biochemistry Results,numeric,Alanine Aminotransferase (ALT) Result,4.95,,"Torerwa, Fidelis  - 29/Jun/2026 07:04:33 AM CAT",,
7167,ZWE001-0214,ZWE001-0214,41,,Visit 4,1,Biochemistry Results,numeric,Low range,,,",  ",,
7167,ZWE001-0214,ZWE001-0214,41,,Visit 4,1,Biochemistry Results,numeric,High range,,,",  ",,
7167,ZWE001-0214,ZWE001-0214,41,,Visit 4,1,Biochemistry Results,radio_group,Alanine Aminotransferase result interpretation,Abnormal (NCS),,"Torerwa, Fidelis  - 29/Jun/2026 07:05:01 AM CAT",,
7167,ZWE001-0214,ZWE001-0214,41,,Visit 4,1,Biochemistry Results,text_multi_line,Comment if abnormal CS/NCS,,,",  ",,
7167,ZWE001-0214,ZWE001-0214,41,,Visit 4,1,Biochemistry Results,numeric,Aspartate aminotransferase (AST) Result,10.0,,"Torerwa, Fidelis  - 29/Jun/2026 07:04:33 AM CAT",,
7167,ZWE001-0214,ZWE001-0214,41,,Visit 4,1,Biochemistry Results,numeric,Low range,,,",  ",,
7167,ZWE001-0214,ZWE001-0214,41,,Visit 4,1,Biochemistry Results,numeric,High range,,,",  ",,
7167,ZWE001-0214,ZWE001-0214,41,,Visit 4,1,Biochemistry Results,radio_group,Aspartate Aminotransferase result interpretation,Normal,,"Torerwa, Fidelis  - 29/Jun/2026 07:05:02 AM CAT",,
7167,ZWE001-0214,ZWE001-0214,41,,Visit 4,1,Biochemistry Results,text_multi_line,Comment if abnormal CS/NCS,,,",  ",,
7167,ZWE001-0214,ZWE001-0214,41,,Visit 4,1,Biochemistry Results,numeric,Alkaline phosphatase (ALP) Result,109.70,,"Torerwa, Fidelis  - 29/Jun/2026 07:04:39 AM CAT",,
7167,ZWE001-0214,ZWE001-0214,41,,Visit 4,1,Biochemistry Results,numeric,Low range,,,",  ",,
7167,ZWE001-0214,ZWE001-0214,41,,Visit 4,1,Biochemistry Results,numeric,High range,,,",  ",,
7167,ZWE001-0214,ZWE001-0214,41,,Visit 4,1,Biochemistry Results,radio_group,Alkaline phosphatase result interpretation,Normal,,"Torerwa, Fidelis  - 29/Jun/2026 07:05:07 AM CAT",,
7167,ZWE001-0214,ZWE001-0214,41,,Visit 4,1,Biochemistry Results,text_multi_line,Comment if abnormal CS/NCS,,,",  ",,
7167,ZWE001-0214,ZWE001-0214,41,,Visit 4,1,Biochemistry Results,numeric,Total Bilirubin Result,6.38,,"Torerwa, Fidelis  - 29/Jun/2026 07:04:44 AM CAT",,
7167,ZWE001-0214,ZWE001-0214,41,,Visit 4,1,Biochemistry Results,numeric,Low range,,,",  ",,
7167,ZWE001-0214,ZWE001-0214,41,,Visit 4,1,Biochemistry Results,numeric,High range,,,",  ",,
7167,ZWE001-0214,ZWE001-0214,41,,Visit 4,1,Biochemistry Results,radio_group,Total bilirubin result interpretation,Normal,,"Torerwa, Fidelis  - 29/Jun/2026 07:05:10 AM CAT",,
7167,ZWE001-0214,ZWE001-0214,41,,Visit 4,1,Biochemistry Results,text_multi_line,Comment if abnormal CS/NCS,,,",  ",,
7167,ZWE001-0214,ZWE001-0214,41,,Visit 4,1,Biochemistry Results,numeric,Lactate dehydrogenase (LDH ) Result,152.97,,"Torerwa, Fidelis  - 29/Jun/2026 07:05:01 AM CAT",,
7167,ZWE001-0214,ZWE001-0214,41,,Visit 4,1,Biochemistry Results,numeric,Low range,,,",  ",,
7167,ZWE001-0214,ZWE001-0214,41,,Visit 4,1,Biochemistry Results,numeric,High range,,,",  ",,
7167,ZWE001-0214,ZWE001-0214,41,,Visit 4,1,Biochemistry Results,radio_group,Lactate dehydrogenase result interpretation,Abnormal (NCS),,"Torerwa, Fidelis  - 29/Jun/2026 07:05:14 AM CAT",,
7167,ZWE001-0214,ZWE001-0214,41,,Visit 4,1,Biochemistry Results,text_multi_line,Comment if abnormal CS/NCS,,,",  ",,
7167,ZWE001-0214,ZWE001-0214,41,,Visit 4,1,Biochemistry Results,file_manager,File Upload,ZWE0010214 V04-Female40 years-636_biochemistry.pdf,,"Mukosera, Caroline  - 21/Jul/2026 02:28:22 PM CAT",,
7167,ZWE001-0214,ZWE001-0214,41,,Visit 4,1,Biochemistry Results,electronic_signature,Electronic Signature Lock Date/Time,29/Jun/2026 07:05:34 AM CAT,,"Torerwa, Fidelis  - 29/Jun/2026 07:05:35 AM CAT",,
7167,ZWE001-0214,ZWE001-0214,41,,Visit 4,1,Biochemistry Results,electronic_signature,Electronic Signature Lock Date/Time,29/Jun/2026 07:05:43 AM CAT,,"Torerwa, Fidelis  - 29/Jun/2026 07:05:43 AM CAT",,
7167,ZWE001-0214,ZWE001-0214,41,,Visit 4,1,Hematology Results,EOPE Hematology,,,,",  ",,
7167,ZWE001-0214,ZWE001-0214,41,,Visit 4,1,Hematology Results,yes_no,Was hematology sample collected?,Yes,,"Matsikira, Beancer - 11/Jun/2026 02:57:41 PM CAT",,
7167,ZWE001-0214,ZWE001-0214,41,,Visit 4,1,Hematology Results,date_time,Date and time of sample collection,6/11/2026 14:25:00 ,,"Matsikira, Beancer - 11/Jun/2026 02:57:55 PM CAT",,
7167,ZWE001-0214,ZWE001-0214,41,,Visit 4,1,Hematology Results,numeric,Hemoglobin,11.60,,"Torerwa, Fidelis  - 29/Jun/2026 07:02:12 AM CAT",,
7167,ZWE001-0214,ZWE001-0214,41,,Visit 4,1,Hematology Results,numeric,Low range,,,",  ",,
7167,ZWE001-0214,ZWE001-0214,41,,Visit 4,1,Hematology Results,numeric,High range,,,",  ",,
7167,ZWE001-0214,ZWE001-0214,41,,Visit 4,1,Hematology Results,radio_group,Hemoglobin result interpretation,Normal,,"Torerwa, Fidelis  - 29/Jun/2026 07:02:43 AM CAT",,
7167,ZWE001-0214,ZWE001-0214,41,,Visit 4,1,Hematology Results,text_multi_line,Comment if abnormal CS/NCS,,,",  ",,
7167,ZWE001-0214,ZWE001-0214,41,,Visit 4,1,Hematology Results,numeric,Hematocrit,34.00,,"Torerwa, Fidelis  - 29/Jun/2026 07:02:18 AM CAT",,
7167,ZWE001-0214,ZWE001-0214,41,,Visit 4,1,Hematology Results,numeric,Low range,,,",  ",,
7167,ZWE001-0214,ZWE001-0214,41,,Visit 4,1,Hematology Results,numeric,High range,,,",  ",,
7167,ZWE001-0214,ZWE001-0214,41,,Visit 4,1,Hematology Results,radio_group,Hematocrit result interpretation,Abnormal (CS),,"Torerwa, Fidelis  - 29/Jun/2026 07:02:47 AM CAT",,
7167,ZWE001-0214,ZWE001-0214,41,,Visit 4,1,Hematology Results,text_multi_line,Comment if abnormal CS/NCS,ABNORMAL(CS),,"Torerwa, Fidelis  - 29/Jun/2026 07:03:01 AM CAT",,
7167,ZWE001-0214,ZWE001-0214,41,,Visit 4,1,Hematology Results,numeric,White blood cell count,6.50,,"Torerwa, Fidelis  - 29/Jun/2026 07:02:23 AM CAT",,
7167,ZWE001-0214,ZWE001-0214,41,,Visit 4,1,Hematology Results,numeric,Low range,,,",  ",,
7167,ZWE001-0214,ZWE001-0214,41,,Visit 4,1,Hematology Results,numeric,High range,,,",  ",,
7167,ZWE001-0214,ZWE001-0214,41,,Visit 4,1,Hematology Results,radio_group,White blood cell count result interpretation,Normal,,"Torerwa, Fidelis  - 29/Jun/2026 07:03:01 AM CAT",,
7167,ZWE001-0214,ZWE001-0214,41,,Visit 4,1,Hematology Results,text_multi_line,Comment if abnormal CS/NCS,,,",  ",,
7167,ZWE001-0214,ZWE001-0214,41,,Visit 4,1,Hematology Results,numeric,Red blood cell count,3.67,,"Torerwa, Fidelis  - 29/Jun/2026 07:02:25 AM CAT",,
7167,ZWE001-0214,ZWE001-0214,41,,Visit 4,1,Hematology Results,numeric,Low range,,,",  ",,
7167,ZWE001-0214,ZWE001-0214,41,,Visit 4,1,Hematology Results,numeric,High range,,,",  ",,
7167,ZWE001-0214,ZWE001-0214,41,,Visit 4,1,Hematology Results,radio_group,Red blood cell count result interpretation,Abnormal (NCS),,"Torerwa, Fidelis  - 29/Jun/2026 07:03:05 AM CAT",,
7167,ZWE001-0214,ZWE001-0214,41,,Visit 4,1,Hematology Results,text_multi_line,Comment if abnormal CS/NCS,ABNORMAL(NCS),,"Torerwa, Fidelis  - 29/Jun/2026 07:03:18 AM CAT",,
7167,ZWE001-0214,ZWE001-0214,41,,Visit 4,1,Hematology Results,numeric,Platelets count,249,,"Torerwa, Fidelis  - 29/Jun/2026 07:02:29 AM CAT",,
7167,ZWE001-0214,ZWE001-0214,41,,Visit 4,1,Hematology Results,numeric,Low range,,,",  ",,
7167,ZWE001-0214,ZWE001-0214,41,,Visit 4,1,Hematology Results,numeric,High range,,,",  ",,
7167,ZWE001-0214,ZWE001-0214,41,,Visit 4,1,Hematology Results,radio_group,Platelets count result interpretation,Normal,,"Torerwa, Fidelis  - 29/Jun/2026 07:03:18 AM CAT",,
7167,ZWE001-0214,ZWE001-0214,41,,Visit 4,1,Hematology Results,text_multi_line,Comment if abnormal CS/NCS,,,",  ",,
7167,ZWE001-0214,ZWE001-0214,41,,Visit 4,1,Hematology Results,numeric,Absolute neutrophil count,4.50,,"Torerwa, Fidelis  - 29/Jun/2026 07:02:33 AM CAT",,
7167,ZWE001-0214,ZWE001-0214,41,,Visit 4,1,Hematology Results,numeric,Low range,,,",  ",,
7167,ZWE001-0214,ZWE001-0214,41,,Visit 4,1,Hematology Results,numeric,High range,,,",  ",,
7167,ZWE001-0214,ZWE001-0214,41,,Visit 4,1,Hematology Results,radio_group,Absolute neutrophil count result interpretation,Normal,,"Torerwa, Fidelis  - 29/Jun/2026 07:03:21 AM CAT",,
7167,ZWE001-0214,ZWE001-0214,41,,Visit 4,1,Hematology Results,text_multi_line,Comment if abnormal CS/NCS,,,",  ",,
7167,ZWE001-0214,ZWE001-0214,41,,Visit 4,1,Hematology Results,numeric,Absolute lymphocytes count,1.57,,"Torerwa, Fidelis  - 29/Jun/2026 07:02:41 AM CAT",,
7167,ZWE001-0214,ZWE001-0214,41,,Visit 4,1,Hematology Results,numeric,Low range,,,",  ",,
7167,ZWE001-0214,ZWE001-0214,41,,Visit 4,1,Hematology Results,numeric,High range,,,",  ",,
7167,ZWE001-0214,ZWE001-0214,41,,Visit 4,1,Hematology Results,radio_group,Absolute lymphocytes count result interpretation,Normal,,"Torerwa, Fidelis  - 29/Jun/2026 07:03:25 AM CAT",,
7167,ZWE001-0214,ZWE001-0214,41,,Visit 4,1,Hematology Results,text_multi_line,Comment if abnormal CS/NCS,,,",  ",,
7167,ZWE001-0214,ZWE001-0214,41,,Visit 4,1,Hematology Results,file_manager,File Upload,ZWE0010214 V04-Female40 years-636_hematology.pdf,,"Mukosera, Caroline  - 21/Jul/2026 02:27:52 PM CAT",,
7167,ZWE001-0214,ZWE001-0214,41,,Visit 4,1,Hematology Results,electronic_signature,Electronic Signature Lock Date/Time,29/Jun/2026 07:03:33 AM CAT,,"Torerwa, Fidelis  - 29/Jun/2026 07:03:33 AM CAT",,
7167,ZWE001-0214,ZWE001-0214,41,,Visit 4,1,Hematology Results,electronic_signature,Electronic Signature Lock Date/Time,29/Jun/2026 07:03:39 AM CAT,,"Torerwa, Fidelis  - 29/Jun/2026 07:03:40 AM CAT",,
7167,ZWE001-0214,ZWE001-0214,41,,Visit 4,1,Urinalysis Results,EOPE Urinalysis,,,,",  ",,
7167,ZWE001-0214,ZWE001-0214,41,,Visit 4,1,Urinalysis Results,yes_no,Was urinalysis sample collected?,Yes,,"Matsikira, Beancer - 11/Jun/2026 02:55:36 PM CAT",,
7167,ZWE001-0214,ZWE001-0214,41,,Visit 4,1,Urinalysis Results,date_time,Date and time of sample collection,6/11/2026 14:23:00 ,,"Matsikira, Beancer - 11/Jun/2026 02:56:31 PM CAT",,
7167,ZWE001-0214,ZWE001-0214,41,,Visit 4,1,Urinalysis Results,radio_group,Urine blood results,Negative,,"Torerwa, Fidelis  - 29/Jun/2026 07:05:54 AM CAT",,
7167,ZWE001-0214,ZWE001-0214,41,,Visit 4,1,Urinalysis Results,radio_group,Blood results interpretation,Normal,,"Torerwa, Fidelis  - 29/Jun/2026 07:05:56 AM CAT",,
7167,ZWE001-0214,ZWE001-0214,41,,Visit 4,1,Urinalysis Results,text_multi_line,Comment if Abnormal CS/NCS,,,",  ",,
7167,ZWE001-0214,ZWE001-0214,41,,Visit 4,1,Urinalysis Results,radio_group,Urine ketones results,Negative,,"Torerwa, Fidelis  - 29/Jun/2026 07:05:58 AM CAT",,
7167,ZWE001-0214,ZWE001-0214,41,,Visit 4,1,Urinalysis Results,radio_group,Ketones results interpretation,Normal,,"Torerwa, Fidelis  - 29/Jun/2026 07:06:00 AM CAT",,
7167,ZWE001-0214,ZWE001-0214,41,,Visit 4,1,Urinalysis Results,text_multi_line,Comment if Abnormal CS/NCS,,,",  ",,
7167,ZWE001-0214,ZWE001-0214,41,,Visit 4,1,Urinalysis Results,radio_group,Urine leukocytes results,Negative,,"Torerwa, Fidelis  - 29/Jun/2026 07:06:02 AM CAT",,
7167,ZWE001-0214,ZWE001-0214,41,,Visit 4,1,Urinalysis Results,radio_group,Leukocytes results interpretation,Normal,,"Torerwa, Fidelis  - 29/Jun/2026 07:06:04 AM CAT",,
7167,ZWE001-0214,ZWE001-0214,41,,Visit 4,1,Urinalysis Results,text_multi_line,Comment if Abnormal CS/NCS,,,",  ",,
7167,ZWE001-0214,ZWE001-0214,41,,Visit 4,1,Urinalysis Results,radio_group,Urine nitrites results,Negative,,"Torerwa, Fidelis  - 29/Jun/2026 07:06:06 AM CAT",,
7167,ZWE001-0214,ZWE001-0214,41,,Visit 4,1,Urinalysis Results,radio_group,Nitrites results interpretation,Normal,,"Torerwa, Fidelis  - 29/Jun/2026 07:06:07 AM CAT",,
7167,ZWE001-0214,ZWE001-0214,41,,Visit 4,1,Urinalysis Results,text_multi_line,Comment if Abnormal CS/NCS,,,",  ",,
7167,ZWE001-0214,ZWE001-0214,41,,Visit 4,1,Urinalysis Results,radio_group,Urine protein results,Negative,,"Torerwa, Fidelis  - 29/Jun/2026 07:06:09 AM CAT",,
7167,ZWE001-0214,ZWE001-0214,41,,Visit 4,1,Urinalysis Results,radio_group,Protein results interpretation,Normal,,"Torerwa, Fidelis  - 29/Jun/2026 07:06:11 AM CAT",,
7167,ZWE001-0214,ZWE001-0214,41,,Visit 4,1,Urinalysis Results,text_multi_line,Comment if Abnormal CS/NCS,,,",  ",,
7167,ZWE001-0214,ZWE001-0214,41,,Visit 4,1,Urinalysis Results,radio_group,Urine glucose results,Negative,,"Torerwa, Fidelis  - 29/Jun/2026 07:06:13 AM CAT",,
7167,ZWE001-0214,ZWE001-0214,41,,Visit 4,1,Urinalysis Results,radio_group,Urine glucose results interpretation,Normal,,"Torerwa, Fidelis  - 29/Jun/2026 07:06:14 AM CAT",,
7167,ZWE001-0214,ZWE001-0214,41,,Visit 4,1,Urinalysis Results,text_multi_line,Comment if Abnormal CS/NCS,,,",  ",,
7167,ZWE001-0214,ZWE001-0214,41,,Visit 4,1,Urinalysis Results,file_manager,File Upload,,,,,
7167,ZWE001-0214,ZWE001-0214,41,,Visit 4,1,Urinalysis Results,electronic_signature,Electronic Signature Lock Date/Time,29/Jun/2026 07:06:20 AM CAT,,"Torerwa, Fidelis  - 29/Jun/2026 07:06:20 AM CAT",,
7167,ZWE001-0214,ZWE001-0214,41,,Visit 4,1,Urinalysis Results,electronic_signature,Electronic Signature Lock Date/Time,29/Jun/2026 07:06:25 AM CAT,,"Torerwa, Fidelis  - 29/Jun/2026 07:06:26 AM CAT",,
7167,ZWE001-0214,ZWE001-0214,41,,Visit 4,1,Visit Date,EOPE Type of Visit,,,,",  ",,
7167,ZWE001-0214,ZWE001-0214,41,,Visit 4,1,Visit Date,yes_no,Was visit performed?,Yes,,"Matsikira, Beancer - 11/Jun/2026 02:35:59 PM CAT",,
7167,ZWE001-0214,ZWE001-0214,41,,Visit 4,1,Visit Date,date_time,Date of the visit:,6/11/2026 14:36:00 ,,"Matsikira, Beancer - 11/Jun/2026 02:36:02 PM CAT",,
7167,ZWE001-0214,ZWE001-0214,41,,Visit 4,1,Visit Date,radio_group,"Type of Visit (Clinic, Hospital, home)",Clinic,,"Matsikira, Beancer - 11/Jun/2026 02:36:07 PM CAT",,
7167,ZWE001-0214,ZWE001-0214,41,,Visit 4,1,Visit Date,radio_group,Reason for not performing visit,,,",  ",,
7167,ZWE001-0214,ZWE001-0214,41,,Visit 4,1,Visit Date,electronic_signature,Electronic Signature Lock Date/Time,11/Jun/2026 03:01:42 PM CAT,,"Matsikira, Beancer - 11/Jun/2026 03:01:42 PM CAT",,
7167,ZWE001-0214,ZWE001-0214,41,,Visit 4,1,Pregnancy Assessment,LOPE Pregnancy assessment,,,,",  ",,
7167,ZWE001-0214,ZWE001-0214,41,,Visit 4,1,Pregnancy Assessment,yes_no,Was pregnancy assessment done?,Yes,,"Matsikira, Beancer - 11/Jun/2026 02:36:49 PM CAT",,
7167,ZWE001-0214,ZWE001-0214,41,,Visit 4,1,Pregnancy Assessment,yes_no,Had an Ultrasound Scan (USS) since last visit?,No,,"Matsikira, Beancer - 11/Jun/2026 02:38:03 PM CAT",,
7167,ZWE001-0214,ZWE001-0214,41,,Visit 4,1,Pregnancy Assessment,date_time,Date of first USS,,,,,
7167,ZWE001-0214,ZWE001-0214,41,,Visit 4,1,Pregnancy Assessment,numeric,Gestational Age on first USS,,,",  ",,
7167,ZWE001-0214,ZWE001-0214,41,,Visit 4,1,Pregnancy Assessment,numeric,Gestational Age on first USS,,,",  ",,
7167,ZWE001-0214,ZWE001-0214,41,,Visit 4,1,Pregnancy Assessment,numeric,Current Gestational Age (calculated using first USS),,,",  ",,
7167,ZWE001-0214,ZWE001-0214,41,,Visit 4,1,Pregnancy Assessment,numeric,Current Gestational Age (calculated using first USS),,,",  ",,
7167,ZWE001-0214,ZWE001-0214,41,,Visit 4,1,Pregnancy Assessment,text_multi_line,Comments,,,",  ",,
7167,ZWE001-0214,ZWE001-0214,41,,Visit 4,1,Pregnancy Assessment,file_manager,File Upload,,,,,
7167,ZWE001-0214,ZWE001-0214,41,,Visit 4,1,Pregnancy Assessment,electronic_signature,Electronic Signature Lock Date/Time,11/Jun/2026 03:01:18 PM CAT,,"Matsikira, Beancer - 11/Jun/2026 03:01:19 PM CAT",,
7167,ZWE001-0214,ZWE001-0214,41,,Visit 4,1,Pregnancy Assessment,electronic_signature,Electronic Signature Lock Date/Time,,,,,
7167,ZWE001-0214,ZWE001-0214,41,,Visit 4,1,Physical Examination,TEMPO Physical Examination,,,,",  ",,
7167,ZWE001-0214,ZWE001-0214,41,,Visit 4,1,Physical Examination,yes_no,Was the physical examination done?,Yes,,"Matsikira, Beancer - 11/Jun/2026 02:38:15 PM CAT",,
7167,ZWE001-0214,ZWE001-0214,41,,Visit 4,1,Physical Examination,text_multi_line,"If not done, please provide a reason",,,",  ",,
7167,ZWE001-0214,ZWE001-0214,41,,Visit 4,1,Physical Examination,date_time,Date and time of examination,6/11/2026 14:20:00 ,,"Matsikira, Beancer - 11/Jun/2026 02:47:51 PM CAT",,
7167,ZWE001-0214,ZWE001-0214,41,,Visit 4,1,Physical Examination,radio_group,General appearance,Normal,,"Matsikira, Beancer - 11/Jun/2026 02:38:38 PM CAT",,
7167,ZWE001-0214,ZWE001-0214,41,,Visit 4,1,Physical Examination,text_multi_line,Abnormal findings Description,,,",  ",,
7167,ZWE001-0214,ZWE001-0214,41,,Visit 4,1,Physical Examination,text_multi_line,"If not assessed, reasons",,,",  ",,
7167,ZWE001-0214,ZWE001-0214,41,,Visit 4,1,Physical Examination,radio_group,Skin,Normal,,"Matsikira, Beancer - 11/Jun/2026 02:38:40 PM CAT",,
7167,ZWE001-0214,ZWE001-0214,41,,Visit 4,1,Physical Examination,text_multi_line,Abnormal findings Description,,,",  ",,
7167,ZWE001-0214,ZWE001-0214,41,,Visit 4,1,Physical Examination,text_multi_line,"If not assessed, reasons",,,",  ",,
7167,ZWE001-0214,ZWE001-0214,41,,Visit 4,1,Physical Examination,radio_group,"HEAD/ENT (Ears, Nose, Throat)",Normal,,"Matsikira, Beancer - 11/Jun/2026 02:39:15 PM CAT",,
7167,ZWE001-0214,ZWE001-0214,41,,Visit 4,1,Physical Examination,text_multi_line,Abnormal findings Description,,,",  ",,
7167,ZWE001-0214,ZWE001-0214,41,,Visit 4,1,Physical Examination,text_multi_line,"If not assessed, reasons",,,",  ",,
7167,ZWE001-0214,ZWE001-0214,41,,Visit 4,1,Physical Examination,radio_group,Neck,Normal,,"Matsikira, Beancer - 11/Jun/2026 02:39:17 PM CAT",,
7167,ZWE001-0214,ZWE001-0214,41,,Visit 4,1,Physical Examination,text_multi_line,Abnormal findings Description,,,",  ",,
7167,ZWE001-0214,ZWE001-0214,41,,Visit 4,1,Physical Examination,text_multi_line,"If not assessed, reasons",,,",  ",,
7167,ZWE001-0214,ZWE001-0214,41,,Visit 4,1,Physical Examination,radio_group,Pulmonary,Normal,,"Matsikira, Beancer - 11/Jun/2026 02:39:18 PM CAT",,
7167,ZWE001-0214,ZWE001-0214,41,,Visit 4,1,Physical Examination,text_multi_line,Abnormal findings Description,,,",  ",,
7167,ZWE001-0214,ZWE001-0214,41,,Visit 4,1,Physical Examination,text_multi_line,"If not assessed, reasons",,,",  ",,
7167,ZWE001-0214,ZWE001-0214,41,,Visit 4,1,Physical Examination,radio_group,Cardiovascular,Normal,,"Matsikira, Beancer - 11/Jun/2026 02:39:20 PM CAT",,
7167,ZWE001-0214,ZWE001-0214,41,,Visit 4,1,Physical Examination,text_multi_line,Abnormal findings Description,,,",  ",,
7167,ZWE001-0214,ZWE001-0214,41,,Visit 4,1,Physical Examination,text_multi_line,"If not assessed, reasons",,,",  ",,
7167,ZWE001-0214,ZWE001-0214,41,,Visit 4,1,Physical Examination,radio_group,Genitourinary,Normal,,"Matsikira, Beancer - 11/Jun/2026 02:39:22 PM CAT",,
7167,ZWE001-0214,ZWE001-0214,41,,Visit 4,1,Physical Examination,text_multi_line,Abnormal findings Description,,,",  ",,
7167,ZWE001-0214,ZWE001-0214,41,,Visit 4,1,Physical Examination,text_multi_line,"If not assessed, reasons",,,",  ",,
7167,ZWE001-0214,ZWE001-0214,41,,Visit 4,1,Physical Examination,radio_group,Musculoskeletal,Normal,,"Matsikira, Beancer - 11/Jun/2026 02:39:23 PM CAT",,
7167,ZWE001-0214,ZWE001-0214,41,,Visit 4,1,Physical Examination,text_multi_line,Abnormal findings Description,,,",  ",,
7167,ZWE001-0214,ZWE001-0214,41,,Visit 4,1,Physical Examination,text_multi_line,"If not assessed, reasons",,,",  ",,
7167,ZWE001-0214,ZWE001-0214,41,,Visit 4,1,Physical Examination,radio_group,Chest,Normal,,"Matsikira, Beancer - 11/Jun/2026 02:39:25 PM CAT",,
7167,ZWE001-0214,ZWE001-0214,41,,Visit 4,1,Physical Examination,text_multi_line,Abnormal findings Description,,,",  ",,
7167,ZWE001-0214,ZWE001-0214,41,,Visit 4,1,Physical Examination,text_multi_line,"If not assessed, reasons",,,",  ",,
7167,ZWE001-0214,ZWE001-0214,41,,Visit 4,1,Physical Examination,radio_group,Abdominal,Normal,,"Matsikira, Beancer - 11/Jun/2026 02:41:21 PM CAT",,
7167,ZWE001-0214,ZWE001-0214,41,,Visit 4,1,Physical Examination,text_multi_line,Abnormal findings Description,,,",  ",,
7167,ZWE001-0214,ZWE001-0214,41,,Visit 4,1,Physical Examination,text_multi_line,"If not assessed, reasons",,,",  ",,
7167,ZWE001-0214,ZWE001-0214,41,,Visit 4,1,Physical Examination,radio_group,Limited neurological,Normal,,"Matsikira, Beancer - 11/Jun/2026 02:41:24 PM CAT",,
7167,ZWE001-0214,ZWE001-0214,41,,Visit 4,1,Physical Examination,text_multi_line,Abnormal findings Description,,,",  ",,
7167,ZWE001-0214,ZWE001-0214,41,,Visit 4,1,Physical Examination,text_multi_line,"If not assessed, reasons",,,",  ",,
7167,ZWE001-0214,ZWE001-0214,41,,Visit 4,1,Physical Examination,radio_group,Extremities,Normal,,"Matsikira, Beancer - 11/Jun/2026 02:41:26 PM CAT",,
7167,ZWE001-0214,ZWE001-0214,41,,Visit 4,1,Physical Examination,text_multi_line,Abnormal findings Description,,,",  ",,
7167,ZWE001-0214,ZWE001-0214,41,,Visit 4,1,Physical Examination,text_multi_line,"If not assessed, reasons",,,",  ",,
7167,ZWE001-0214,ZWE001-0214,41,,Visit 4,1,Physical Examination,radio_group,Lymph nodes,Normal,,"Matsikira, Beancer - 11/Jun/2026 02:41:28 PM CAT",,
7167,ZWE001-0214,ZWE001-0214,41,,Visit 4,1,Physical Examination,text_multi_line,Abnormal findings Description,,,",  ",,
7167,ZWE001-0214,ZWE001-0214,41,,Visit 4,1,Physical Examination,text_multi_line,"If not assessed, reasons",,,",  ",,
7167,ZWE001-0214,ZWE001-0214,41,,Visit 4,1,Physical Examination,file_manager,File Upload,,,,,
7167,ZWE001-0214,ZWE001-0214,41,,Visit 4,1,Physical Examination,electronic_signature,Electronic Signature Lock Date/Time,11/Jun/2026 03:01:02 PM CAT,,"Matsikira, Beancer - 11/Jun/2026 03:01:02 PM CAT",,
7167,ZWE001-0214,ZWE001-0214,41,,Visit 4,1,Physical Examination,electronic_signature,Electronic Signature Lock Date/Time,,,,,
7167,ZWE001-0214,ZWE001-0214,41,,Visit 4,1,Vital Signs/Weight Height,TEMPO Vital signs\/Weight Height,,,,",  ",,
7167,ZWE001-0214,ZWE001-0214,41,,Visit 4,1,Vital Signs/Weight Height,yes_no,Were vital signs performed?,Yes,,"Matsikira, Beancer - 11/Jun/2026 02:41:37 PM CAT",,
7167,ZWE001-0214,ZWE001-0214,41,,Visit 4,1,Vital Signs/Weight Height,text_multi_line,"If not done, please provide a reason",,,"Matsikira, Beancer - 11/Jun/2026 02:41:47 PM CAT",,
7167,ZWE001-0214,ZWE001-0214,41,,Visit 4,1,Vital Signs/Weight Height,date_time,Date and time of assessment,6/11/2026 12:20:00 ,,"Matsikira, Beancer - 11/Jun/2026 02:42:37 PM CAT",,
7167,ZWE001-0214,ZWE001-0214,41,,Visit 4,1,Vital Signs/Weight Height,numeric,Systolic blood pressure,129,,"Matsikira, Beancer - 11/Jun/2026 02:43:58 PM CAT",,
7167,ZWE001-0214,ZWE001-0214,41,,Visit 4,1,Vital Signs/Weight Height,text_multi_line,Comment if out of normal range,,,"Matsikira, Beancer - 11/Jun/2026 02:43:11 PM CAT",,
7167,ZWE001-0214,ZWE001-0214,41,,Visit 4,1,Vital Signs/Weight Height,numeric,Diastolic blood pressure,78,,"Matsikira, Beancer - 11/Jun/2026 02:44:05 PM CAT",,
7167,ZWE001-0214,ZWE001-0214,41,,Visit 4,1,Vital Signs/Weight Height,text_multi_line,Comment if out of normal range,,,"Matsikira, Beancer - 11/Jun/2026 02:43:23 PM CAT",,
7167,ZWE001-0214,ZWE001-0214,41,,Visit 4,1,Vital Signs/Weight Height,numeric,Systolic blood pressure,125,,"Matsikira, Beancer - 11/Jun/2026 02:43:26 PM CAT",,
7167,ZWE001-0214,ZWE001-0214,41,,Visit 4,1,Vital Signs/Weight Height,numeric,Diastolic blood pressure,75,,"Matsikira, Beancer - 11/Jun/2026 02:43:30 PM CAT",,
7167,ZWE001-0214,ZWE001-0214,41,,Visit 4,1,Vital Signs/Weight Height,numeric,Heart rate,90,,"Matsikira, Beancer - 11/Jun/2026 02:43:35 PM CAT",,
7167,ZWE001-0214,ZWE001-0214,41,,Visit 4,1,Vital Signs/Weight Height,numeric,Body temperature,36.4,,"Matsikira, Beancer - 11/Jun/2026 02:43:43 PM CAT",,
7167,ZWE001-0214,ZWE001-0214,41,,Visit 4,1,Vital Signs/Weight Height,radio_group,Temperature location,Temporal,,"Matsikira, Beancer - 11/Jun/2026 02:42:47 PM CAT",,
7167,ZWE001-0214,ZWE001-0214,41,,Visit 4,1,Vital Signs/Weight Height,numeric,Respiratory rate,18,,"Matsikira, Beancer - 11/Jun/2026 02:43:51 PM CAT",,
7167,ZWE001-0214,ZWE001-0214,41,,Visit 4,1,Vital Signs/Weight Height,numeric,Oxygen saturation,98,,"Matsikira, Beancer - 11/Jun/2026 02:44:13 PM CAT",,
7167,ZWE001-0214,ZWE001-0214,41,,Visit 4,1,Vital Signs/Weight Height,text_multi_line,Comments: (Provide a comment for all abnormal readings),,,"Matsikira, Beancer - 11/Jun/2026 02:44:16 PM CAT",,
7167,ZWE001-0214,ZWE001-0214,41,,Visit 4,1,Vital Signs/Weight Height,bmi,,,,",  ",,
7167,ZWE001-0214,ZWE001-0214,41,,Visit 4,1,Vital Signs/Weight Height,numeric,Height,159,,"Matsikira, Beancer - 11/Jun/2026 02:47:31 PM CAT",,
7167,ZWE001-0214,ZWE001-0214,41,,Visit 4,1,Vital Signs/Weight Height,numeric,Weight,82,,"Matsikira, Beancer - 11/Jun/2026 02:47:37 PM CAT",,
7167,ZWE001-0214,ZWE001-0214,41,,Visit 4,1,Vital Signs/Weight Height,numeric,BMI,32.4,,"Matsikira, Beancer - 11/Jun/2026 02:47:37 PM CAT",,
7167,ZWE001-0214,ZWE001-0214,41,,Visit 4,1,Vital Signs/Weight Height,radio_group,Units,metric,,"Matsikira, Beancer - 11/Jun/2026 02:47:31 PM CAT",,
7167,ZWE001-0214,ZWE001-0214,41,,Visit 4,1,Vital Signs/Weight Height,file_manager,File Upload,,,,,
7167,ZWE001-0214,ZWE001-0214,41,,Visit 4,1,Vital Signs/Weight Height,electronic_signature,Electronic Signature Lock Date/Time,11/Jun/2026 03:00:50 PM CAT,,"Matsikira, Beancer - 11/Jun/2026 03:00:51 PM CAT",,
7167,ZWE001-0214,ZWE001-0214,41,,Visit 4,1,Vital Signs/Weight Height,electronic_signature,Electronic Signature Lock Date/Time,,,,,
7167,ZWE001-0214,ZWE001-0214,41,,Visit 4,1,Maternal Status Assessment,EOPE Maternal status assessment,,,,",  ",,
7167,ZWE001-0214,ZWE001-0214,41,,Visit 4,1,Maternal Status Assessment,yes_no,Was Maternal status assessment performed?,Yes,,"Matsikira, Beancer - 11/Jun/2026 02:49:48 PM CAT",,
7167,ZWE001-0214,ZWE001-0214,41,,Visit 4,1,Maternal Status Assessment,date_time,Date of Maternal status assessment,6/11/2026 14:50:00 ,,"Matsikira, Beancer - 11/Jun/2026 02:49:53 PM CAT",,
7167,ZWE001-0214,ZWE001-0214,41,,Visit 4,1,Maternal Status Assessment,yes_no,Maternal death,No,,"Matsikira, Beancer - 11/Jun/2026 03:00:16 PM CAT",,
7167,ZWE001-0214,ZWE001-0214,41,,Visit 4,1,Maternal Status Assessment,yes_no,Pulmonary edema,No,,"Matsikira, Beancer - 11/Jun/2026 03:00:17 PM CAT",,
7167,ZWE001-0214,ZWE001-0214,41,,Visit 4,1,Maternal Status Assessment,yes_no,Acute renal failure,No,,"Matsikira, Beancer - 11/Jun/2026 03:00:18 PM CAT",,
7167,ZWE001-0214,ZWE001-0214,41,,Visit 4,1,Maternal Status Assessment,yes_no,Cerebral hemorrhage,No,,"Matsikira, Beancer - 11/Jun/2026 03:00:19 PM CAT",,
7167,ZWE001-0214,ZWE001-0214,41,,Visit 4,1,Maternal Status Assessment,yes_no,Cerebral thrombosis,No,,"Matsikira, Beancer - 11/Jun/2026 03:00:21 PM CAT",,
7167,ZWE001-0214,ZWE001-0214,41,,Visit 4,1,Maternal Status Assessment,yes_no,DIC,No,,"Matsikira, Beancer - 11/Jun/2026 03:00:21 PM CAT",,
7167,ZWE001-0214,ZWE001-0214,41,,Visit 4,1,Maternal Status Assessment,yes_no,Hospitalized,No,,"Matsikira, Beancer - 11/Jun/2026 03:00:23 PM CAT",,
7167,ZWE001-0214,ZWE001-0214,41,,Visit 4,1,Maternal Status Assessment,date_time,Admission date,,,,,
7167,ZWE001-0214,ZWE001-0214,41,,Visit 4,1,Maternal Status Assessment,date_time,Date of discharge,,,,,
7167,ZWE001-0214,ZWE001-0214,41,,Visit 4,1,Maternal Status Assessment,numeric,Days in hospital,,,",  ",,
7167,ZWE001-0214,ZWE001-0214,41,,Visit 4,1,Maternal Status Assessment,yes_no,Admitted in ICU,No,,"Matsikira, Beancer - 11/Jun/2026 03:00:24 PM CAT",,
7167,ZWE001-0214,ZWE001-0214,41,,Visit 4,1,Maternal Status Assessment,date_time,ICU Admission date,,,,,
7167,ZWE001-0214,ZWE001-0214,41,,Visit 4,1,Maternal Status Assessment,date_time,Date of discharge from ICU,,,,,
7167,ZWE001-0214,ZWE001-0214,41,,Visit 4,1,Maternal Status Assessment,numeric,Days in ICU,,,",  ",,
7167,ZWE001-0214,ZWE001-0214,41,,Visit 4,1,Maternal Status Assessment,file_manager,File Upload,,,,,
7167,ZWE001-0214,ZWE001-0214,41,,Visit 4,1,Maternal Status Assessment,electronic_signature,Electronic Signature Lock Date/Time,11/Jun/2026 03:00:30 PM CAT,,"Matsikira, Beancer - 11/Jun/2026 03:00:31 PM CAT",,
7167,ZWE001-0214,ZWE001-0214,41,,Visit 4,1,Maternal Status Assessment,electronic_signature,Electronic Signature Lock Date/Time,,,,,
7167,ZWE001-0214,ZWE001-0214,41,,Visit 4,1,Lab Sample Collection Form,EOPE Lab Request Form,,,,",  ",,
7167,ZWE001-0214,ZWE001-0214,41,,Visit 4,1,Lab Sample Collection Form,text_single_line,PTID,ZWE0010214,,"Matsikira, Beancer - 11/Jun/2026 02:58:22 PM CAT",,
7167,ZWE001-0214,ZWE001-0214,41,,Visit 4,1,Lab Sample Collection Form,date_time,Date of collection,6/11/2026 14:58:00 ,,"Matsikira, Beancer - 11/Jun/2026 02:58:22 PM CAT",,
7167,ZWE001-0214,ZWE001-0214,41,,Visit 4,1,Lab Sample Collection Form,yes_no,Fastng,No,,"Matsikira, Beancer - 11/Jun/2026 02:58:25 PM CAT",,
7167,ZWE001-0214,ZWE001-0214,41,,Visit 4,1,Lab Sample Collection Form,date_of_birth,Date of Birth,9/16/1985 ,,"Matsikira, Beancer - 11/Jun/2026 02:58:50 PM CAT",,
7167,ZWE001-0214,ZWE001-0214,41,,Visit 4,1,Lab Sample Collection Form,numeric,Visit number,4,,"Matsikira, Beancer - 11/Jun/2026 02:58:56 PM CAT",,
7167,ZWE001-0214,ZWE001-0214,41,,Visit 4,1,Lab Sample Collection Form,numeric,Expected number of EDTA tubes,,,",  ",,
7167,ZWE001-0214,ZWE001-0214,41,,Visit 4,1,Lab Sample Collection Form,numeric,Actual number of EDTA tubes,1,,"Matsikira, Beancer - 11/Jun/2026 02:58:58 PM CAT",,
7167,ZWE001-0214,ZWE001-0214,41,,Visit 4,1,Lab Sample Collection Form,numeric,Expected number of SST tubes,,,",  ",,
7167,ZWE001-0214,ZWE001-0214,41,,Visit 4,1,Lab Sample Collection Form,numeric,Actual number of SST tubes,2,,"Matsikira, Beancer - 11/Jun/2026 02:59:03 PM CAT",,
7167,ZWE001-0214,ZWE001-0214,41,,Visit 4,1,Lab Sample Collection Form,date_time,Time of blood sample collection,0/0/0 14:25:00 ,,"Matsikira, Beancer - 11/Jun/2026 02:59:10 PM CAT",,
7167,ZWE001-0214,ZWE001-0214,41,,Visit 4,1,Lab Sample Collection Form,numeric,Expected number of urine bottles,,,",  ",,
7167,ZWE001-0214,ZWE001-0214,41,,Visit 4,1,Lab Sample Collection Form,numeric,Actual number of urine bottles,1,,"Matsikira, Beancer - 11/Jun/2026 02:59:14 PM CAT",,
7167,ZWE001-0214,ZWE001-0214,41,,Visit 4,1,Lab Sample Collection Form,date_time,Time of urine sample collection,0/0/0 14:23:00 ,,"Matsikira, Beancer - 11/Jun/2026 02:59:19 PM CAT",,
7167,ZWE001-0214,ZWE001-0214,41,,Visit 4,1,Lab Sample Collection Form,yes_no,Biomarker analysis sample collected?,Yes,,"Matsikira, Beancer - 11/Jun/2026 02:59:21 PM CAT",,
7167,ZWE001-0214,ZWE001-0214,41,,Visit 4,1,Lab Sample Collection Form,yes_no,FBC,Yes,,"Matsikira, Beancer - 11/Jun/2026 02:59:22 PM CAT",,
7167,ZWE001-0214,ZWE001-0214,41,,Visit 4,1,Lab Sample Collection Form,yes_no,QC (Lab),,,,,
7167,ZWE001-0214,ZWE001-0214,41,,Visit 4,1,Lab Sample Collection Form,yes_no,LFT,Yes,,"Matsikira, Beancer - 11/Jun/2026 02:59:23 PM CAT",,
7167,ZWE001-0214,ZWE001-0214,41,,Visit 4,1,Lab Sample Collection Form,yes_no,QC (Lab),,,,,
7167,ZWE001-0214,ZWE001-0214,41,,Visit 4,1,Lab Sample Collection Form,yes_no,LDH,Yes,,"Matsikira, Beancer - 11/Jun/2026 02:59:25 PM CAT",,
7167,ZWE001-0214,ZWE001-0214,41,,Visit 4,1,Lab Sample Collection Form,yes_no,QC (Lab),,,,,
7167,ZWE001-0214,ZWE001-0214,41,,Visit 4,1,Lab Sample Collection Form,yes_no,Creatinine,Yes,,"Matsikira, Beancer - 11/Jun/2026 02:59:26 PM CAT",,
7167,ZWE001-0214,ZWE001-0214,41,,Visit 4,1,Lab Sample Collection Form,yes_no,QC (Lab),,,,,
7167,ZWE001-0214,ZWE001-0214,41,,Visit 4,1,Lab Sample Collection Form,yes_no,Urinalysis,Yes,,"Matsikira, Beancer - 11/Jun/2026 02:59:26 PM CAT",,
7167,ZWE001-0214,ZWE001-0214,41,,Visit 4,1,Lab Sample Collection Form,yes_no,QC (Lab),,,,,
7167,ZWE001-0214,ZWE001-0214,41,,Visit 4,1,Lab Sample Collection Form,yes_no,Shuwen Circa Red,Yes,,"Matsikira, Beancer - 11/Jun/2026 02:59:28 PM CAT",,
7167,ZWE001-0214,ZWE001-0214,41,,Visit 4,1,Lab Sample Collection Form,yes_no,QC (Lab),,,,,
7167,ZWE001-0214,ZWE001-0214,41,,Visit 4,1,Lab Sample Collection Form,yes_no,Tigsun PIGf/sFLT-1,Yes,,"Matsikira, Beancer - 11/Jun/2026 02:59:29 PM CAT",,
7167,ZWE001-0214,ZWE001-0214,41,,Visit 4,1,Lab Sample Collection Form,yes_no,QC (Lab),,,,,
7167,ZWE001-0214,ZWE001-0214,41,,Visit 4,1,Lab Sample Collection Form,yes_no,Aucheer PIGf/sFLT-1,Yes,,"Matsikira, Beancer - 11/Jun/2026 02:59:30 PM CAT",,
7167,ZWE001-0214,ZWE001-0214,41,,Visit 4,1,Lab Sample Collection Form,yes_no,QC (Lab),,,,,
7167,ZWE001-0214,ZWE001-0214,41,,Visit 4,1,Lab Sample Collection Form,yes_no,Serum,Yes,,"Matsikira, Beancer - 11/Jun/2026 02:59:31 PM CAT",,
7167,ZWE001-0214,ZWE001-0214,41,,Visit 4,1,Lab Sample Collection Form,yes_no,QC (Lab),,,,CDASH,
7167,ZWE001-0214,ZWE001-0214,41,,Visit 4,1,Lab Sample Collection Form,electronic_signature,Electronic Signature Lock Date/Time,11/Jun/2026 02:59:36 PM CAT,,"Matsikira, Beancer - 11/Jun/2026 02:59:37 PM CAT",,
7167,ZWE001-0214,ZWE001-0214,41,,Visit 4,1,Lab Sample Collection Form,numeric,Research Nurse (Actual),19,,"Matsikira, Beancer - 11/Jun/2026 02:59:43 PM CAT",,
7167,ZWE001-0214,ZWE001-0214,41,,Visit 4,1,Lab Sample Collection Form,numeric,Research Nurse (Min),15,,"Matsikira, Beancer - 11/Jun/2026 02:59:48 PM CAT",,
7167,ZWE001-0214,ZWE001-0214,41,,Visit 4,1,Lab Sample Collection Form,numeric,Research Nurse (Max),21,,"Matsikira, Beancer - 11/Jun/2026 02:59:53 PM CAT",,
7167,ZWE001-0214,ZWE001-0214,41,,Visit 4,1,Lab Sample Collection Form,date_time,Date and time sent,6/11/2026 14:30:00 ,,"Matsikira, Beancer - 11/Jun/2026 03:00:04 PM CAT",,
7167,ZWE001-0214,ZWE001-0214,41,,Visit 4,1,Lab Sample Collection Form,electronic_signature,Electronic Signature Lock Date/Time,,,,,
7167,ZWE001-0214,ZWE001-0214,41,,Visit 4,1,Lab Sample Collection Form,numeric,Lab (Actual),,,",  ",,
7167,ZWE001-0214,ZWE001-0214,41,,Visit 4,1,Lab Sample Collection Form,numeric,Lab (Min),,,",  ",,
7167,ZWE001-0214,ZWE001-0214,41,,Visit 4,1,Lab Sample Collection Form,numeric,Lab (Max),,,",  ",,
7167,ZWE001-0214,ZWE001-0214,41,,Visit 4,1,Lab Sample Collection Form,text_single_line,Lab (Thermo ID),,,",  ",,
7167,ZWE001-0214,ZWE001-0214,41,,Visit 4,1,Lab Sample Collection Form,text_multi_line,Lab comments,,,",  ",,
7167,ZWE001-0214,ZWE001-0214,41,,Visit 4,1,Lab Sample Collection Form,file_manager,File Upload,,,,,
7167,ZWE001-0214,ZWE001-0214,41,,Visit 4,1,Lab Sample Collection Form,electronic_signature,Electronic Signature Lock Date/Time,,,,,
7167,ZWE001-0214,ZWE001-0214,41,,Visit 4,1,Lab Sample Collection Form,electronic_signature,Electronic Signature Lock Date/Time,,,,,
7167,ZWE001-0214,ZWE001-0214,41,,Visit 4,1,Progress Notes,Progress notes,,,,",  ",,
7167,ZWE001-0214,ZWE001-0214,41,,Visit 4,1,Progress Notes,yes_no,Were there any Progress Notes captured during the visit?,Yes,,"Matsikira, Beancer - 11/Jun/2026 02:51:05 PM CAT",,
7167,ZWE001-0214,ZWE001-0214,41,,Visit 4,1,Progress Notes,input_list,,,,",  ",,
7167,ZWE001-0214,ZWE001-0214,41,,Visit 4,1,Progress Notes,date_time,Date of Note,"#1 - s:19:""6/11/2026 14:51:00 "";",,"Matsikira, Beancer - 11/Jun/2026 02:51:06 PM CAT",,
7167,ZWE001-0214,ZWE001-0214,41,,Visit 4,1,Progress Notes,text_multi_line,Note:,"#1 - s:1122:"" FOLLOW UP VISIT (V4) 
Participant: 40 years old female 
Para/Gavida: P2 + 1 MISCARRIAGE/G4
Visit Type: Follow up visit (V4) 

 
S — SUBJECTIVE 
Current Symptoms (PErelated) 
	• Headache YES
	• Epigastric pain NO
	• Excessive edema/severe swelling, (face, hands, feet) NO, 
	• Visual disturbances NO
	•  sudden weight gain (>1 kg/week in the third trimester) NO
	• Early pregnancy ultrasound done  YES
 
O — OBJECTIVE 
New onset of elevated BP (systolic BP ≥ 130mmHg or DBP ≥ 80)  YES (currently on methydopa)
 Aggravation of pre-existing hypertension  YES (was bisoprolol and lorsatan before pregnancy)
 New onset of protein in urine  NO
Aggravation of preexisting proteinuria NO

A — ASSESSMENT 
1. Suspicion of PE (Protocol Criteria) YES
Suspicion is confirmed  YES
BP 129/78mmhg today


 
3. Exclusion Criteria 
Multiple pregnancy: No, USS confirms single fetus 
Proteinuria ≥2+ AND BP ≥140/90: No
Proteinuria ≥2+ AND on antihypertensives: No
Confirmed HELLP syndrome: No, FBC normal 

PLAN
NEXT VISIT AFTER DELIVERY
Continuing with study as per protocol"";",,"Matsikira, Beancer - 11/Jun/2026 02:55:19 PM CAT",,
7167,ZWE001-0214,ZWE001-0214,41,,Visit 4,1,Progress Notes,electronic_signature,Electronic Signature Lock Date/Time,#1 - 11/Jun/2026 02:55:25 PM CAT,,"Matsikira, Beancer - 11/Jun/2026 02:55:26 PM CAT",,
7167,ZWE001-0214,ZWE001-0214,41,,Visit 4,1,Progress Notes,electronic_signature,Electronic Signature Lock Date/Time,,,",  ",,
7167,ZWE001-0214,ZWE001-0214,41,,Visit 4,1,Progress Notes,file_manager,File Upload,"#1 - ZWE001-0214 SCAN.pdf, #2 - ZWE001-0214.pdf",,",  ",,
7167,ZWE001-0214,ZWE001-0214,41,,Visit 4,1,Progress Notes,camera,Camera Photo,"#1 - ZWE001-0214 SCAN.pdf, #2 - ZWE001-0214.pdf",,",  ",,
7167,ZWE001-0214,ZWE001-0214,41,,Visit 4,1,Follow-up Visit,EOPE Follow-Up Visit Form ,,,,",  ",,
7167,ZWE001-0214,ZWE001-0214,41,,Visit 4,1,Follow-up Visit,text_single_line,Initials,STM,,"Matsikira, Beancer - 11/Jun/2026 02:50:09 PM CAT",,
7167,ZWE001-0214,ZWE001-0214,41,,Visit 4,1,Follow-up Visit,date_time,Date of Visit,6/11/2026 14:50:00 ,,"Matsikira, Beancer - 11/Jun/2026 02:50:09 PM CAT",,
7167,ZWE001-0214,ZWE001-0214,41,,Visit 4,1,Follow-up Visit,numeric,Visit Number,4,,"Matsikira, Beancer - 11/Jun/2026 02:50:13 PM CAT",,
7167,ZWE001-0214,ZWE001-0214,41,,Visit 4,1,Follow-up Visit,radio_group,Health Status,Unchanged,,"Matsikira, Beancer - 11/Jun/2026 02:50:13 PM CAT",,
7167,ZWE001-0214,ZWE001-0214,41,,Visit 4,1,Follow-up Visit,text_single_line,Health Status Description,clinically stable,,"Matsikira, Beancer - 11/Jun/2026 02:50:18 PM CAT",,
7167,ZWE001-0214,ZWE001-0214,41,,Visit 4,1,Follow-up Visit,radio_group,Laboratory Tests Conducted,Yes ,,"Matsikira, Beancer - 11/Jun/2026 02:50:19 PM CAT",,
7167,ZWE001-0214,ZWE001-0214,41,,Visit 4,1,Follow-up Visit,text_multi_line,Laboratory Tests Description,PROTOCOL BLOODS AND URINE,,"Matsikira, Beancer - 11/Jun/2026 02:50:31 PM CAT",,
7167,ZWE001-0214,ZWE001-0214,41,,Visit 4,1,Follow-up Visit,radio_group,Medication Changes,No,,"Matsikira, Beancer - 11/Jun/2026 02:50:31 PM CAT",,
7167,ZWE001-0214,ZWE001-0214,41,,Visit 4,1,Follow-up Visit,text_single_line,Medication Changes Description,,,",  ",,
7167,ZWE001-0214,ZWE001-0214,41,,Visit 4,1,Follow-up Visit,radio_group,Adverse Events,No,,"Matsikira, Beancer - 11/Jun/2026 02:50:33 PM CAT",,
7167,ZWE001-0214,ZWE001-0214,41,,Visit 4,1,Follow-up Visit,text_multi_line,Adverse Events Description,,,",  ",,
7167,ZWE001-0214,ZWE001-0214,41,,Visit 4,1,Follow-up Visit,radio_group,Compliance with Study Protocol,Yes ,,"Matsikira, Beancer - 11/Jun/2026 02:50:40 PM CAT",,
7167,ZWE001-0214,ZWE001-0214,41,,Visit 4,1,Follow-up Visit,text_multi_line,Compliance Description,COMPLIANT,,"Matsikira, Beancer - 11/Jun/2026 02:50:48 PM CAT",,
7167,ZWE001-0214,ZWE001-0214,41,,Visit 4,1,Follow-up Visit,radio_group,Next Visit Scheduled,,,",  ",,
7167,ZWE001-0214,ZWE001-0214,41,,Visit 4,1,Follow-up Visit,date_time,Date of Next Visit,,,,,
7167,ZWE001-0214,ZWE001-0214,41,,Visit 4,1,Follow-up Visit,file_manager,File Upload,,,,,
7167,ZWE001-0214,ZWE001-0214,41,,Visit 4,1,Follow-up Visit,electronic_signature,Electronic Signature Lock Date/Time,11/Jun/2026 02:50:58 PM CAT,,"Matsikira, Beancer - 11/Jun/2026 02:50:58 PM CAT",,
7167,ZWE001-0214,ZWE001-0214,41,,Visit 4,1,Follow-up Visit,electronic_signature,Electronic Signature Lock Date/Time,,,,,
7167,ZWE001-0214,ZWE001-0214,41,,Visit 4,1,Sonographic Data,EOPE Sonographic 2,,,,",  ",,
7167,ZWE001-0214,ZWE001-0214,41,,Visit 4,1,Sonographic Data,yes_no,Had an Ultrasound Scan (USS) since last visit?,No,,"Matsikira, Beancer - 11/Jun/2026 02:49:32 PM CAT",,
7167,ZWE001-0214,ZWE001-0214,41,,Visit 4,1,Sonographic Data,input_list,,,,",  ",,
7167,ZWE001-0214,ZWE001-0214,41,,Visit 4,1,Sonographic Data,date_time,Scan date,,,,,
7167,ZWE001-0214,ZWE001-0214,41,,Visit 4,1,Sonographic Data,numeric,Ultrasound EGA,,,",  ",,
7167,ZWE001-0214,ZWE001-0214,41,,Visit 4,1,Sonographic Data,radio_group,Estimated US Fetal Weight,,,",  ",,
7167,ZWE001-0214,ZWE001-0214,41,,Visit 4,1,Sonographic Data,numeric,US Fetal Weight,,,",  ",,
7167,ZWE001-0214,ZWE001-0214,41,,Visit 4,1,Sonographic Data,yes_no,Ultrasound Presentation,,,,,
7167,ZWE001-0214,ZWE001-0214,41,,Visit 4,1,Sonographic Data,yes_no,Ultrasound Fetal anomalies,,,,,
7167,ZWE001-0214,ZWE001-0214,41,,Visit 4,1,Sonographic Data,text_multi_line,Fetal anomalies,,,",  ",,
7167,ZWE001-0214,ZWE001-0214,41,,Visit 4,1,Sonographic Data,yes_no,Do you have any pregnancy complications?,,,,,
7167,ZWE001-0214,ZWE001-0214,41,,Visit 4,1,Sonographic Data,radio_group,Fetal movement,,,",  ",,
7167,ZWE001-0214,ZWE001-0214,41,,Visit 4,1,Sonographic Data,text_multi_line,Comment if Reduced/Absent,,,",  ",,
7167,ZWE001-0214,ZWE001-0214,41,,Visit 4,1,Sonographic Data,numeric,Fetal heart rate,,,",  ",,
7167,ZWE001-0214,ZWE001-0214,41,,Visit 4,1,Sonographic Data,radio_group,Amniotic fluid volume,,,",  ",,
7167,ZWE001-0214,ZWE001-0214,41,,Visit 4,1,Sonographic Data,text_multi_line,Comment if Low/High,,,",  ",,
7167,ZWE001-0214,ZWE001-0214,41,,Visit 4,1,Sonographic Data,radio_group,Placenta position,,,",  ",,
7167,ZWE001-0214,ZWE001-0214,41,,Visit 4,1,Sonographic Data,text_multi_line,Comment if Low lying/Previa,,,",  ",,
7167,ZWE001-0214,ZWE001-0214,41,,Visit 4,1,Sonographic Data,numeric,Cervical length,,,",  ",,
7167,ZWE001-0214,ZWE001-0214,41,,Visit 4,1,Sonographic Data,radio_group,Pregnancy Outcome,,,",  ",,
7167,ZWE001-0214,ZWE001-0214,41,,Visit 4,1,Sonographic Data,date_time,Expected date of delivery,,,,,
7167,ZWE001-0214,ZWE001-0214,41,,Visit 4,1,Sonographic Data,text_multi_line,Comments: (Provide any relevant information),,,",  ",,
7167,ZWE001-0214,ZWE001-0214,41,,Visit 4,1,Sonographic Data,file_manager,Scan Upload,"#1 - ZWE001-0214 SCAN.pdf, #2 - ZWE001-0214.pdf",,",  ",,
7167,ZWE001-0214,ZWE001-0214,41,,Visit 4,1,Sonographic Data,electronic_signature,Electronic Signature Lock Date/Time,11/Jun/2026 02:49:40 PM CAT,,"Matsikira, Beancer - 11/Jun/2026 02:49:41 PM CAT",,
7167,ZWE001-0214,ZWE001-0214,41,,Visit 4,1,Sonographic Data,electronic_signature,Electronic Signature Lock Date/Time,,,,,
7167,ZWE001-0214,ZWE001-0214,41,,Visit 4,1,ConMeds + AE Assessments,Medical History Assessment ,,,,",  ",,
7167,ZWE001-0214,ZWE001-0214,41,,Visit 4,1,ConMeds + AE Assessments,yes_no,Was the Conmed + AE assessment performed?,Yes,,"Matsikira, Beancer - 11/Jun/2026 02:48:32 PM CAT",,
7167,ZWE001-0214,ZWE001-0214,41,,Visit 4,1,ConMeds + AE Assessments,date_time,Date of assessment,6/11/2026 14:48:00 ,,"Matsikira, Beancer - 11/Jun/2026 02:48:33 PM CAT",,
7167,ZWE001-0214,ZWE001-0214,41,,Visit 4,1,ConMeds + AE Assessments,yes_no,Are there any updates/changes to the participants concomitant medications or procedures?,No,,"Matsikira, Beancer - 11/Jun/2026 02:48:36 PM CAT",,
7167,ZWE001-0214,ZWE001-0214,41,,Visit 4,1,ConMeds + AE Assessments,text_multi_line,Comments                                  If applicable,,,",  ",,
7167,ZWE001-0214,ZWE001-0214,41,,Visit 4,1,ConMeds + AE Assessments,yes_no,Has the participant experienced any new adverse events since last visit?,No,,"Matsikira, Beancer - 11/Jun/2026 02:48:39 PM CAT",,
7167,ZWE001-0214,ZWE001-0214,41,,Visit 4,1,ConMeds + AE Assessments,yes_no,Has the participant experienced any changes in existing adverse events since last visit?,No,,"Matsikira, Beancer - 11/Jun/2026 02:48:42 PM CAT",,
7167,ZWE001-0214,ZWE001-0214,41,,Visit 4,1,ConMeds + AE Assessments,text_multi_line,Comments                                  If applicable,,,",  ",,
7167,ZWE001-0214,ZWE001-0214,41,,Visit 4,1,ConMeds + AE Assessments,file_manager,File Upload,,,,,
7167,ZWE001-0214,ZWE001-0214,41,,Visit 4,1,ConMeds + AE Assessments,electronic_signature,Electronic Signature Lock Date/Time,11/Jun/2026 02:48:47 PM CAT,,"Matsikira, Beancer - 11/Jun/2026 02:48:48 PM CAT",,
7167,ZWE001-0214,ZWE001-0214,41,,Visit 4,1,ConMeds + AE Assessments,electronic_signature,Electronic Signature Lock Date/Time,,,,,
7167,ZWE001-0214,ZWE001-0214,41,,Visit 4,1,Maternal Preeclampsia Assessment,"EOPE PE status, symptoms",,,,",  ",,
7167,ZWE001-0214,ZWE001-0214,41,,Visit 4,1,Maternal Preeclampsia Assessment,yes_no,Was the PE status assessment performed?,Yes,,"Matsikira, Beancer - 11/Jun/2026 02:47:58 PM CAT",,
7167,ZWE001-0214,ZWE001-0214,41,,Visit 4,1,Maternal Preeclampsia Assessment,date_time,Date of PE status assessment,6/11/2026 14:48:00 ,,"Matsikira, Beancer - 11/Jun/2026 02:48:06 PM CAT",,
7167,ZWE001-0214,ZWE001-0214,41,,Visit 4,1,Maternal Preeclampsia Assessment,yes_no,Does the participant have any PE symptom?,Yes,,"Matsikira, Beancer - 11/Jun/2026 02:48:10 PM CAT",,
7167,ZWE001-0214,ZWE001-0214,41,,Visit 4,1,Maternal Preeclampsia Assessment,radio_group,PE status,No PE,,"Matsikira, Beancer - 11/Jun/2026 02:48:12 PM CAT",,
7167,ZWE001-0214,ZWE001-0214,41,,Visit 4,1,Maternal Preeclampsia Assessment,yes_no,Elevated systolic blood pressure?,,,,,
7167,ZWE001-0214,ZWE001-0214,41,,Visit 4,1,Maternal Preeclampsia Assessment,date_time,Start date,,,,,
7167,ZWE001-0214,ZWE001-0214,41,,Visit 4,1,Maternal Preeclampsia Assessment,text_multi_line,Comment,,,",  ",,
7167,ZWE001-0214,ZWE001-0214,41,,Visit 4,1,Maternal Preeclampsia Assessment,yes_no,Elevated diastolic blood pressure?,,,,,
7167,ZWE001-0214,ZWE001-0214,41,,Visit 4,1,Maternal Preeclampsia Assessment,date_time,Start date,,,,,
7167,ZWE001-0214,ZWE001-0214,41,,Visit 4,1,Maternal Preeclampsia Assessment,text_multi_line,Comment,,,",  ",,
7167,ZWE001-0214,ZWE001-0214,41,,Visit 4,1,Maternal Preeclampsia Assessment,yes_no,Proteinuria?,,,,,
7167,ZWE001-0214,ZWE001-0214,41,,Visit 4,1,Maternal Preeclampsia Assessment,date_time,Start date,,,,,
7167,ZWE001-0214,ZWE001-0214,41,,Visit 4,1,Maternal Preeclampsia Assessment,text_multi_line,Comment,,,",  ",,
7167,ZWE001-0214,ZWE001-0214,41,,Visit 4,1,Maternal Preeclampsia Assessment,yes_no,"Excessive edema/ severe swelling (face, hands or feet)?",,,,,
7167,ZWE001-0214,ZWE001-0214,41,,Visit 4,1,Maternal Preeclampsia Assessment,date_time,Start date,,,,,
7167,ZWE001-0214,ZWE001-0214,41,,Visit 4,1,Maternal Preeclampsia Assessment,text_multi_line,Comment,,,",  ",,
7167,ZWE001-0214,ZWE001-0214,41,,Visit 4,1,Maternal Preeclampsia Assessment,yes_no,Persistent headache?,,,,,
7167,ZWE001-0214,ZWE001-0214,41,,Visit 4,1,Maternal Preeclampsia Assessment,date_time,Start date,,,,,
7167,ZWE001-0214,ZWE001-0214,41,,Visit 4,1,Maternal Preeclampsia Assessment,text_multi_line,Comment,,,",  ",,
7167,ZWE001-0214,ZWE001-0214,41,,Visit 4,1,Maternal Preeclampsia Assessment,yes_no,Visual disturbances?,,,,,
7167,ZWE001-0214,ZWE001-0214,41,,Visit 4,1,Maternal Preeclampsia Assessment,date_time,Start date,,,,,
7167,ZWE001-0214,ZWE001-0214,41,,Visit 4,1,Maternal Preeclampsia Assessment,text_multi_line,Comment,,,",  ",,
7167,ZWE001-0214,ZWE001-0214,41,,Visit 4,1,Maternal Preeclampsia Assessment,yes_no,Upper Abdominal pain?,,,,,
7167,ZWE001-0214,ZWE001-0214,41,,Visit 4,1,Maternal Preeclampsia Assessment,date_time,Start date,,,,,
7167,ZWE001-0214,ZWE001-0214,41,,Visit 4,1,Maternal Preeclampsia Assessment,text_multi_line,Comment,,,",  ",,
7167,ZWE001-0214,ZWE001-0214,41,,Visit 4,1,Maternal Preeclampsia Assessment,yes_no,Nausea or vomiting?,,,,,
7167,ZWE001-0214,ZWE001-0214,41,,Visit 4,1,Maternal Preeclampsia Assessment,date_time,Start date,,,,,
7167,ZWE001-0214,ZWE001-0214,41,,Visit 4,1,Maternal Preeclampsia Assessment,text_multi_line,Comment,,,",  ",,
7167,ZWE001-0214,ZWE001-0214,41,,Visit 4,1,Maternal Preeclampsia Assessment,yes_no,Shortness of breath?,,,,,
7167,ZWE001-0214,ZWE001-0214,41,,Visit 4,1,Maternal Preeclampsia Assessment,date_time,Start date,,,,,
7167,ZWE001-0214,ZWE001-0214,41,,Visit 4,1,Maternal Preeclampsia Assessment,text_multi_line,Comment,,,",  ",,
7167,ZWE001-0214,ZWE001-0214,41,,Visit 4,1,Maternal Preeclampsia Assessment,yes_no,Decreased urine output?,,,,,
7167,ZWE001-0214,ZWE001-0214,41,,Visit 4,1,Maternal Preeclampsia Assessment,date_time,Start date,,,,,
7167,ZWE001-0214,ZWE001-0214,41,,Visit 4,1,Maternal Preeclampsia Assessment,text_multi_line,Comment,,,",  ",,
7167,ZWE001-0214,ZWE001-0214,41,,Visit 4,1,Maternal Preeclampsia Assessment,yes_no,Sudden weight gain (>1 kg/week in the third trimester)?,,,,,
7167,ZWE001-0214,ZWE001-0214,41,,Visit 4,1,Maternal Preeclampsia Assessment,date_time,Start date,,,,,
7167,ZWE001-0214,ZWE001-0214,41,,Visit 4,1,Maternal Preeclampsia Assessment,text_multi_line,Comment,,,",  ",,
7167,ZWE001-0214,ZWE001-0214,41,,Visit 4,1,Maternal Preeclampsia Assessment,yes_no,Per vagina bleeding?,,,,,
7167,ZWE001-0214,ZWE001-0214,41,,Visit 4,1,Maternal Preeclampsia Assessment,date_time,Start date,,,,,
7167,ZWE001-0214,ZWE001-0214,41,,Visit 4,1,Maternal Preeclampsia Assessment,text_multi_line,Comment,,,",  ",,
7167,ZWE001-0214,ZWE001-0214,41,,Visit 4,1,Maternal Preeclampsia Assessment,yes_no,Epigastric pain?,,,,,
7167,ZWE001-0214,ZWE001-0214,41,,Visit 4,1,Maternal Preeclampsia Assessment,date_time,Start date,,,,,
7167,ZWE001-0214,ZWE001-0214,41,,Visit 4,1,Maternal Preeclampsia Assessment,text_multi_line,Comment,,,",  ",,
7167,ZWE001-0214,ZWE001-0214,41,,Visit 4,1,Maternal Preeclampsia Assessment,yes_no,Oliguria (decreased urine output)?,,,,,
7167,ZWE001-0214,ZWE001-0214,41,,Visit 4,1,Maternal Preeclampsia Assessment,date_time,Start date,,,,,
7167,ZWE001-0214,ZWE001-0214,41,,Visit 4,1,Maternal Preeclampsia Assessment,text_multi_line,Comment,,,",  ",,
7167,ZWE001-0214,ZWE001-0214,41,,Visit 4,1,Maternal Preeclampsia Assessment,yes_no,Pre-existing Diabetes (Type 1)?,,,,,
7167,ZWE001-0214,ZWE001-0214,41,,Visit 4,1,Maternal Preeclampsia Assessment,date_time,Start date,,,,,
7167,ZWE001-0214,ZWE001-0214,41,,Visit 4,1,Maternal Preeclampsia Assessment,text_multi_line,Comment,,,",  ",,
7167,ZWE001-0214,ZWE001-0214,41,,Visit 4,1,Maternal Preeclampsia Assessment,yes_no,Pre-existing Diabetes (Type 2)?,,,,,
7167,ZWE001-0214,ZWE001-0214,41,,Visit 4,1,Maternal Preeclampsia Assessment,date_time,Start date,,,,,
7167,ZWE001-0214,ZWE001-0214,41,,Visit 4,1,Maternal Preeclampsia Assessment,text_multi_line,Comment,,,",  ",,
7167,ZWE001-0214,ZWE001-0214,41,,Visit 4,1,Maternal Preeclampsia Assessment,yes_no,Chronic hypertension?,,,,,
7167,ZWE001-0214,ZWE001-0214,41,,Visit 4,1,Maternal Preeclampsia Assessment,date_time,Start date,,,,,
7167,ZWE001-0214,ZWE001-0214,41,,Visit 4,1,Maternal Preeclampsia Assessment,text_multi_line,Comment,,,",  ",,
7167,ZWE001-0214,ZWE001-0214,41,,Visit 4,1,Maternal Preeclampsia Assessment,numeric,Preeclampsia diagnosis description – onset of disease at which weeks of gestation,,,",  ",,
7167,ZWE001-0214,ZWE001-0214,41,,Visit 4,1,Maternal Preeclampsia Assessment,radio_group,Preeclampsia diagnosis,,,",  ",,
7167,ZWE001-0214,ZWE001-0214,41,,Visit 4,1,Maternal Preeclampsia Assessment,date_time,Preeclampsia diagnosis date,,,,,
7167,ZWE001-0214,ZWE001-0214,41,,Visit 4,1,Maternal Preeclampsia Assessment,yes_no,HELLP - syndrome,,,,,
7167,ZWE001-0214,ZWE001-0214,41,,Visit 4,1,Maternal Preeclampsia Assessment,date_time,Date of diagnosis for HELLP - syndrome,,,,,
7167,ZWE001-0214,ZWE001-0214,41,,Visit 4,1,Maternal Preeclampsia Assessment,file_manager,File Upload,,,,,
7167,ZWE001-0214,ZWE001-0214,41,,Visit 4,1,Maternal Preeclampsia Assessment,electronic_signature,Electronic Signature Lock Date/Time,11/Jun/2026 02:48:22 PM CAT,,"Matsikira, Beancer - 11/Jun/2026 02:48:22 PM CAT",,
7167,ZWE001-0214,ZWE001-0214,41,,Visit 4,1,Maternal Preeclampsia Assessment,electronic_signature,Electronic Signature Lock Date/Time,,,,,
7167,ZWE001-0214,ZWE001-0214,41,,Visit 4,1,Pregnancy Outcome,EOPE Pregnancy Outcome,,,,",  ",,
7167,ZWE001-0214,ZWE001-0214,41,,Visit 4,1,Pregnancy Outcome,radio_group,Pregnancy outcome,Ongoing,,"Matsikira, Beancer - 11/Jun/2026 02:36:18 PM CAT",,
7167,ZWE001-0214,ZWE001-0214,41,,Visit 4,1,Pregnancy Outcome,date_time,"If completed, Date of delivery",,,,,
7167,ZWE001-0214,ZWE001-0214,41,,Visit 4,1,Pregnancy Outcome,date_time,"If ongoing, expected date of delivery",7/18/2026 00:00:00 ,,"Matsikira, Beancer - 30/Jul/2026 09:24:02 PM CAT",,
7167,ZWE001-0214,ZWE001-0214,41,,Visit 4,1,Maternal Death,Maternal Death,,,,",  ",,
7167,ZWE001-0214,ZWE001-0214,41,,Visit 4,1,Maternal Death,yes_no,Maternal Death?,No,,"Matsikira, Beancer - 11/Jun/2026 02:36:11 PM CAT",,
7167,ZWE001-0214,ZWE001-0214,41,,Visit 4,1,Maternal Death,date_time,"If Yes, Date of death",,,,,
7167,ZWE001-0214,ZWE001-0214,41,,Health economics follow up visit,1,Additional comments,Progress notes,,,,",  ",,
7167,ZWE001-0214,ZWE001-0214,41,,Health economics follow up visit,1,Additional comments,yes_no,Were there any Progress Notes captured during the visit?,,,,,
7167,ZWE001-0214,ZWE001-0214,41,,Health economics follow up visit,1,Additional comments,text_multi_line,1.	Participant Comments:,,,",  ",,
7167,ZWE001-0214,ZWE001-0214,41,,Health economics follow up visit,1,Additional comments,text_multi_line,2.	Investigator Comments:,Participant was compliant through out the study ,,"Gonah, Arthur - 28/Jul/2026 08:32:46 AM CAT",,
7167,ZWE001-0214,ZWE001-0214,41,,Health economics follow up visit,1,Additional comments,electronic_signature,Electronic Signature Lock Date/Time,28/Jul/2026 08:32:51 AM CAT,,"Gonah, Arthur - 28/Jul/2026 08:32:52 AM CAT",,
7167,ZWE001-0214,ZWE001-0214,41,,Health economics follow up visit,1,EuroQol Visual Analogue (EQ-5D VAS),text_multi_line,"Now, I would like to ask you to say how good or bad your health is TODAY.",Good,,"Gonah, Arthur - 28/Jul/2026 08:31:56 AM CAT",,
7167,ZWE001-0214,ZWE001-0214,41,,Health economics follow up visit,1,EuroQol Visual Analogue (EQ-5D VAS),numeric,I would now like you to tell me the point on this line where you would put your health TODAY,90,,"Gonah, Arthur - 28/Jul/2026 08:32:10 AM CAT",,
7167,ZWE001-0214,ZWE001-0214,41,,Health economics follow up visit,1,EuroQol Visual Analogue (EQ-5D VAS),electronic_signature,Electronic Signature Lock Date/Time,28/Jul/2026 08:32:15 AM CAT,,"Gonah, Arthur - 28/Jul/2026 08:32:15 AM CAT",,
7167,ZWE001-0214,ZWE001-0214,41,,Health economics follow up visit,1,PART 2 : Section 10,radio_group,"First,   I would like to ask you about MOBILITY. Would you say that:",You have no problems in walking about?,,"Gonah, Arthur - 28/Jul/2026 08:31:04 AM CAT",,
7167,ZWE001-0214,ZWE001-0214,41,,Health economics follow up visit,1,PART 2 : Section 10,radio_group,"Next, I would like to ask you about SELF-CARE. Would you say that:",You have no problems with self-care?,,"Gonah, Arthur - 28/Jul/2026 08:31:05 AM CAT",,
7167,ZWE001-0214,ZWE001-0214,41,,Health economics follow up visit,1,PART 2 : Section 10,radio_group,"Next, I would like to ask you about USUAL ACTIVITIES, for example, work, study, housework, family or leisure activities. Would you say that:",You have no problems doing your usual activities?,,"Gonah, Arthur - 28/Jul/2026 08:31:11 AM CAT",,
7167,ZWE001-0214,ZWE001-0214,41,,Health economics follow up visit,1,PART 2 : Section 10,radio_group,"Next,   I would like to ask you about PAIN OR DISCOMFORT. Would you say that:",You have no pain or discomfort?,,"Gonah, Arthur - 28/Jul/2026 08:31:13 AM CAT",,
7167,ZWE001-0214,ZWE001-0214,41,,Health economics follow up visit,1,PART 2 : Section 10,radio_group,"Finally,   I would like to ask you about ANXIETY OR DEPRESSION. Would you say that:",You are not anxious or depressed?,,"Gonah, Arthur - 28/Jul/2026 08:31:18 AM CAT",,
7167,ZWE001-0214,ZWE001-0214,41,,Health economics follow up visit,1,PART 2 : Section 10,electronic_signature,Electronic Signature Lock Date/Time,28/Jul/2026 08:31:27 AM CAT,,"Gonah, Arthur - 28/Jul/2026 08:31:28 AM CAT",,
7167,ZWE001-0214,ZWE001-0214,41,,Health economics follow up visit,1,Section 9: Coping strategies,Section 9: Coping strategies ,,,,",  ",,
7167,ZWE001-0214,ZWE001-0214,41,,Health economics follow up visit,1,Section 9: Coping strategies,yes_no,74.  Have concerns or symptoms related to high blood pressure during pregnancy affected your social or private life in any way?,No,,"Gonah, Arthur - 28/Jul/2026 08:30:03 AM CAT",,
7167,ZWE001-0214,ZWE001-0214,41,,Health economics follow up visit,1,Section 9: Coping strategies,checklist,"75.  If yes, in what way has your social or private life been affected?  (can select more than one)",,,",  ",,
7167,ZWE001-0214,ZWE001-0214,41,,Health economics follow up visit,1,Section 9: Coping strategies,text_single_line,Other specified,,,",  ",,
7167,ZWE001-0214,ZWE001-0214,41,,Health economics follow up visit,1,Section 9: Coping strategies,yes_no,76.  Have you or your household received any social welfare support since experiencing pregnancy-related health concerns or being identified as at risk for complications?,No,,"Gonah, Arthur - 28/Jul/2026 08:30:05 AM CAT",,
7167,ZWE001-0214,ZWE001-0214,41,,Health economics follow up visit,1,Section 9: Coping strategies,numeric,"77.  If yes, For how long did you receive support ?",,,",  ",,
7167,ZWE001-0214,ZWE001-0214,41,,Health economics follow up visit,1,Section 9: Coping strategies,numeric,"78.  If you receive social welfare payments, what is the average total monthly value?",,,",  ",,
7167,ZWE001-0214,ZWE001-0214,41,,Health economics follow up visit,1,Section 9: Coping strategies,yes_no,79.  Do you currently receive vouchers or goods in kind to cope with pregnancy-related health concerns or being identified as at risk for complications?,No,,"Gonah, Arthur - 28/Jul/2026 08:30:06 AM CAT",,
7167,ZWE001-0214,ZWE001-0214,41,,Health economics follow up visit,1,Section 9: Coping strategies,numeric,"80.  If yes, what is the average total monthly value?",,,",  ",,
7167,ZWE001-0214,ZWE001-0214,41,,Health economics follow up visit,1,Section 9: Coping strategies,radio_group,"81.  If yes, from whom do you receive the vouchers or goods? (can select more than one)",,,",  ",,
7167,ZWE001-0214,ZWE001-0214,41,,Health economics follow up visit,1,Section 9: Coping strategies,text_single_line,Other specified,,,",  ",,
7167,ZWE001-0214,ZWE001-0214,41,,Health economics follow up visit,1,Section 9: Coping strategies,yes_no,82.  Have you borrowed or received money to cover costs related to your pregnancy or health concerns (including being at risk for preeclampsia)?,No,,"Gonah, Arthur - 28/Jul/2026 08:30:08 AM CAT",,
7167,ZWE001-0214,ZWE001-0214,41,,Health economics follow up visit,1,Section 9: Coping strategies,numeric,"83.  If yes, what is the average total monthly value you borrowed/received?",,,",  ",,
7167,ZWE001-0214,ZWE001-0214,41,,Health economics follow up visit,1,Section 9: Coping strategies,checklist,"84.  If yes, from whom did you borrow/receive? (Select all that apply)",,,",  ",,
7167,ZWE001-0214,ZWE001-0214,41,,Health economics follow up visit,1,Section 9: Coping strategies,text_single_line,Other specified,,,",  ",,
7167,ZWE001-0214,ZWE001-0214,41,,Health economics follow up visit,1,Section 9: Coping strategies,yes_no,85.  Are you expected to pay the amount back?,,,,,
7167,ZWE001-0214,ZWE001-0214,41,,Health economics follow up visit,1,Section 9: Coping strategies,radio_group,"86.  If yes, what annual percentage interest are you paying on the loan?",,,",  ",,
7167,ZWE001-0214,ZWE001-0214,41,,Health economics follow up visit,1,Section 9: Coping strategies,yes_no,87.  Have you sold any property to help cover expenses related to your pregnancy or health concerns?,No,,"Gonah, Arthur - 28/Jul/2026 08:30:09 AM CAT",,
7167,ZWE001-0214,ZWE001-0214,41,,Health economics follow up visit,1,Section 9: Coping strategies,checklist,"88.  If yes, what did you sell? (select all that apply)",,,",  ",,
7167,ZWE001-0214,ZWE001-0214,41,,Health economics follow up visit,1,Section 9: Coping strategies,text_single_line,Other specified,,,",  ",,
7167,ZWE001-0214,ZWE001-0214,41,,Health economics follow up visit,1,Section 9: Coping strategies,numeric,"89.  If yes, how much money did you receive from the sale of all items of your property (total)?",,,",  ",,
7167,ZWE001-0214,ZWE001-0214,41,,Health economics follow up visit,1,Section 9: Coping strategies,radio_group,90.  How has your household’s financial situation changed since you began experiencing pregnancy-related health concerns or were identified as at risk for HDPs?,Richer,,"Gonah, Arthur - 28/Jul/2026 08:30:17 AM CAT",,
7167,ZWE001-0214,ZWE001-0214,41,,Health economics follow up visit,1,Section 9: Coping strategies,yes_no,91.  Has paying for your HDPs/preeclampsia treatment made you feel pressured or stressed about your finances?,No,,"Gonah, Arthur - 28/Jul/2026 08:30:21 AM CAT",,
7167,ZWE001-0214,ZWE001-0214,41,,Health economics follow up visit,1,Section 9: Coping strategies,text_multi_line,"92.  If Yes, Why",,,",  ",,
7167,ZWE001-0214,ZWE001-0214,41,,Health economics follow up visit,1,Section 9: Coping strategies,text_multi_line,"93.  If No, why not",Participant is satisfied with income,,"Gonah, Arthur - 28/Jul/2026 08:30:43 AM CAT",,
7167,ZWE001-0214,ZWE001-0214,41,,Health economics follow up visit,1,Section 9: Coping strategies,electronic_signature,Electronic Signature Lock Date/Time,28/Jul/2026 08:30:52 AM CAT,,"Gonah, Arthur - 28/Jul/2026 08:30:52 AM CAT",,
7167,ZWE001-0214,ZWE001-0214,41,,Health economics follow up visit,1,Section 8: Barriers in accessing services for hypertensive disorders of pregnancy (HDP),Section 7: Barriers in accessing services for hypertensive disorders of pregnancy (HDP),,,,",  ",,
7167,ZWE001-0214,ZWE001-0214,41,,Health economics follow up visit,1,Section 8: Barriers in accessing services for hypertensive disorders of pregnancy (HDP),yes_no,"72.  Have you ever experienced barriers in accessing services for HDP such as preeclampsia, gestational diabetes, other?",No,,"Gonah, Arthur - 28/Jul/2026 08:29:39 AM CAT",,
7167,ZWE001-0214,ZWE001-0214,41,,Health economics follow up visit,1,Section 8: Barriers in accessing services for hypertensive disorders of pregnancy (HDP),radio_group,"73.  If yes, please describe these barriers",Other (specify),,"Gonah, Arthur - 28/Jul/2026 08:29:41 AM CAT",,
7167,ZWE001-0214,ZWE001-0214,41,,Health economics follow up visit,1,Section 8: Barriers in accessing services for hypertensive disorders of pregnancy (HDP),text_single_line,Other (specify),none,,"Gonah, Arthur - 28/Jul/2026 08:29:47 AM CAT",,
7167,ZWE001-0214,ZWE001-0214,41,,Health economics follow up visit,1,Section 8: Barriers in accessing services for hypertensive disorders of pregnancy (HDP),electronic_signature,Electronic Signature Lock Date/Time,28/Jul/2026 08:29:53 AM CAT,,"Gonah, Arthur - 28/Jul/2026 08:29:53 AM CAT",,
7167,ZWE001-0214,ZWE001-0214,41,,Health economics follow up visit,1,Section 7: Source of financing for medical expenses,Section 8: Source of financing for medical expenses ,,,,",  ",,
7167,ZWE001-0214,ZWE001-0214,41,,Health economics follow up visit,1,Section 7: Source of financing for medical expenses,radio_group,65.	 Since becoming pregnant,10% - 25%,,"Gonah, Arthur - 28/Jul/2026 08:29:08 AM CAT",,
7167,ZWE001-0214,ZWE001-0214,41,,Health economics follow up visit,1,Section 7: Source of financing for medical expenses,radio_group,66.	Since being identified as at risk for preeclampsia,10% - 25%,,"Gonah, Arthur - 28/Jul/2026 08:29:09 AM CAT",,
7167,ZWE001-0214,ZWE001-0214,41,,Health economics follow up visit,1,Section 7: Source of financing for medical expenses,radio_group,67.	Since being diagnosed with preeclampsia,<10%,,"Gonah, Arthur - 28/Jul/2026 08:29:13 AM CAT",,
7167,ZWE001-0214,ZWE001-0214,41,,Health economics follow up visit,1,Section 7: Source of financing for medical expenses,radio_group,68.  Have you been reimbursed for any of the costs you have paid?,No,,"Gonah, Arthur - 28/Jul/2026 08:29:22 AM CAT",,
7167,ZWE001-0214,ZWE001-0214,41,,Health economics follow up visit,1,Section 7: Source of financing for medical expenses,radio_group,,,,",  ",,
7167,ZWE001-0214,ZWE001-0214,41,,Health economics follow up visit,1,Section 7: Source of financing for medical expenses,checklist,69.  From whom did you receive the reimbursement?,,,",  ",,
7167,ZWE001-0214,ZWE001-0214,41,,Health economics follow up visit,1,Section 7: Source of financing for medical expenses,text_single_line,Other (please specify),,,",  ",,
7167,ZWE001-0214,ZWE001-0214,41,,Health economics follow up visit,1,Section 7: Source of financing for medical expenses,radio_group,70.  What proportion of the total costs incurred has been reimbursed rom the selected source?,,,",  ",,
7167,ZWE001-0214,ZWE001-0214,41,,Health economics follow up visit,1,Section 7: Source of financing for medical expenses,radio_group,,,,",  ",,
7167,ZWE001-0214,ZWE001-0214,41,,Health economics follow up visit,1,Section 7: Source of financing for medical expenses,checklist,71.  What was the reimbursement for?,,,",  ",,
7167,ZWE001-0214,ZWE001-0214,41,,Health economics follow up visit,1,Section 7: Source of financing for medical expenses,text_single_line,"Other, specify",,,",  ",,
7167,ZWE001-0214,ZWE001-0214,41,,Health economics follow up visit,1,Section 7: Source of financing for medical expenses,electronic_signature,Electronic Signature Lock Date/Time,28/Jul/2026 08:29:30 AM CAT,,"Gonah, Arthur - 28/Jul/2026 08:29:30 AM CAT",,
7167,ZWE001-0214,ZWE001-0214,41,,Health economics follow up visit,1,Section 6: Indirect costs incurred,Section 6: Indirect costs incurred ,,,,",  ",,
7167,ZWE001-0214,ZWE001-0214,41,,Health economics follow up visit,1,Section 6: Indirect costs incurred,date_time,54.  What is your average travel time to and from the facility (since the last visit)?,7/28/2026 8:27:00 ,,"Gonah, Arthur - 28/Jul/2026 08:28:01 AM CAT",,
7167,ZWE001-0214,ZWE001-0214,41,,Health economics follow up visit,1,Section 6: Indirect costs incurred,yes_no,55.  Were you accompanied on any of your visits?,No,,"Gonah, Arthur - 28/Jul/2026 08:28:03 AM CAT",,
7167,ZWE001-0214,ZWE001-0214,41,,Health economics follow up visit,1,Section 6: Indirect costs incurred,numeric,"56.  If yes, how many people accompanied you?",,,",  ",,
7167,ZWE001-0214,ZWE001-0214,41,,Health economics follow up visit,1,Section 6: Indirect costs incurred,numeric,"57.  On average, how much did you pay in total to travel to and from the facility, for both yourself and any accompanying guardian/household member?",5,,"Gonah, Arthur - 28/Jul/2026 08:28:06 AM CAT",,
7167,ZWE001-0214,ZWE001-0214,41,,Health economics follow up visit,1,Section 6: Indirect costs incurred,numeric,"58.  On average, how much did you pay for food, for both yourself and any accompanying guardian/household member?",2,,"Gonah, Arthur - 28/Jul/2026 08:28:09 AM CAT",,
7167,ZWE001-0214,ZWE001-0214,41,,Health economics follow up visit,1,Section 6: Indirect costs incurred,numeric,a.	Accommodation costs (if applicable):,0,,"Gonah, Arthur - 28/Jul/2026 08:28:15 AM CAT",,
7167,ZWE001-0214,ZWE001-0214,41,,Health economics follow up visit,1,Section 6: Indirect costs incurred,numeric,b.	Any caregivers who supported you during this time:,0,,"Gonah, Arthur - 28/Jul/2026 08:28:17 AM CAT",,
7167,ZWE001-0214,ZWE001-0214,41,,Health economics follow up visit,1,Section 6: Indirect costs incurred,numeric,c.	Any communication costs (phone calls/data costs):,0,,"Gonah, Arthur - 28/Jul/2026 08:28:20 AM CAT",,
7167,ZWE001-0214,ZWE001-0214,41,,Health economics follow up visit,1,Section 6: Indirect costs incurred,numeric,d.	Any traditional/alternative treatment costs:,0,,"Gonah, Arthur - 28/Jul/2026 08:28:22 AM CAT",,
7167,ZWE001-0214,ZWE001-0214,41,,Health economics follow up visit,1,Section 6: Indirect costs incurred,numeric,"e.	Other, if other specify:",0,,"Gonah, Arthur - 28/Jul/2026 08:28:25 AM CAT",,
7167,ZWE001-0214,ZWE001-0214,41,,Health economics follow up visit,1,Section 6: Indirect costs incurred,text_single_line,Other (specify),,,",  ",,
7167,ZWE001-0214,ZWE001-0214,41,,Health economics follow up visit,1,Section 6: Indirect costs incurred,input_list,,,,",  ",,
7167,ZWE001-0214,ZWE001-0214,41,,Health economics follow up visit,1,Section 6: Indirect costs incurred,dropdown,Type of visit,"#1 - s:42:""General consultation (with medical doctor)"";",,"Gonah, Arthur - 28/Jul/2026 08:28:27 AM CAT",,
7167,ZWE001-0214,ZWE001-0214,41,,Health economics follow up visit,1,Section 6: Indirect costs incurred,yes_no,60.  Did you lose any income generating working days as a result of the visit?,# - No,,"Gonah, Arthur - 28/Jul/2026 08:28:31 AM CAT",,
7167,ZWE001-0214,ZWE001-0214,41,,Health economics follow up visit,1,Section 6: Indirect costs incurred,numeric,"61.  On average, how many income earning days did you lose?",,,",  ",,
7167,ZWE001-0214,ZWE001-0214,41,,Health economics follow up visit,1,Section 6: Indirect costs incurred,numeric,62.  Approximately how much income did you lose?,,,",  ",,
7167,ZWE001-0214,ZWE001-0214,41,,Health economics follow up visit,1,Section 6: Indirect costs incurred,yes_no,"63.  If  Answer to 55 is yes then, do you know how much of their income they lost when they accompanied you?",# - No,,"Gonah, Arthur - 28/Jul/2026 08:28:32 AM CAT",,
7167,ZWE001-0214,ZWE001-0214,41,,Health economics follow up visit,1,Section 6: Indirect costs incurred,numeric,64.  How much did they lose in income during that time?,,,",  ",,
7167,ZWE001-0214,ZWE001-0214,41,,Health economics follow up visit,1,Section 6: Indirect costs incurred,electronic_signature,Electronic Signature Lock Date/Time,28/Jul/2026 08:28:43 AM CAT,,"Gonah, Arthur - 28/Jul/2026 08:28:44 AM CAT",,
7167,ZWE001-0214,ZWE001-0214,41,,Health economics follow up visit,1,Section 5: Health Resource Utilization (since the last visit),Section 5: Health Resource Utilization (since the last visit),,,,",  ",,
7167,ZWE001-0214,ZWE001-0214,41,,Health economics follow up visit,1,Section 5: Health Resource Utilization (since the last visit),numeric,,,,",  ",,
7167,ZWE001-0214,ZWE001-0214,41,,Health economics follow up visit,1,Section 5: Health Resource Utilization (since the last visit),numeric,a.  Number of antenatal visits:,1,,"Gonah, Arthur - 28/Jul/2026 08:24:31 AM CAT",,
7167,ZWE001-0214,ZWE001-0214,41,,Health economics follow up visit,1,Section 5: Health Resource Utilization (since the last visit),numeric,b.  Number of hospital admissions:,0,,"Gonah, Arthur - 28/Jul/2026 08:24:34 AM CAT",,
7167,ZWE001-0214,ZWE001-0214,41,,Health economics follow up visit,1,Section 5: Health Resource Utilization (since the last visit),numeric,c.  Number of emergency visits,0,,"Gonah, Arthur - 28/Jul/2026 08:24:39 AM CAT",,
7167,ZWE001-0214,ZWE001-0214,41,,Health economics follow up visit,1,Section 5: Health Resource Utilization (since the last visit),numeric,d.  Number of medicine pick-up,0,,"Gonah, Arthur - 28/Jul/2026 08:24:43 AM CAT",,
7167,ZWE001-0214,ZWE001-0214,41,,Health economics follow up visit,1,Section 5: Health Resource Utilization (since the last visit),numeric,e.  Number of visits for tests,0,,"Gonah, Arthur - 28/Jul/2026 08:24:56 AM CAT",,
7167,ZWE001-0214,ZWE001-0214,41,,Health economics follow up visit,1,Section 5: Health Resource Utilization (since the last visit),yes_no,f.  Any other type of visits?,Yes,,"Gonah, Arthur - 28/Jul/2026 08:24:56 AM CAT",,
7167,ZWE001-0214,ZWE001-0214,41,,Health economics follow up visit,1,Section 5: Health Resource Utilization (since the last visit),input_list,,,,",  ",,
7167,ZWE001-0214,ZWE001-0214,41,,Health economics follow up visit,1,Section 5: Health Resource Utilization (since the last visit),text_single_line,"(i).  If yes, specify type of visits","#1 - s:19:""Protect Africa EOPE"";",,"Gonah, Arthur - 28/Jul/2026 08:25:07 AM CAT",,
7167,ZWE001-0214,ZWE001-0214,41,,Health economics follow up visit,1,Section 5: Health Resource Utilization (since the last visit),numeric,(ii).  Number of other visits,"#1 - s:1:""1"";",,"Gonah, Arthur - 28/Jul/2026 08:25:13 AM CAT",,
7167,ZWE001-0214,ZWE001-0214,41,,Health economics follow up visit,1,Section 5: Health Resource Utilization (since the last visit),numeric,a.	Antenatal visit,2,,"Gonah, Arthur - 28/Jul/2026 08:25:16 AM CAT",,
7167,ZWE001-0214,ZWE001-0214,41,,Health economics follow up visit,1,Section 5: Health Resource Utilization (since the last visit),numeric,b.	Hospital admission,0,,"Gonah, Arthur - 28/Jul/2026 08:25:18 AM CAT",,
7167,ZWE001-0214,ZWE001-0214,41,,Health economics follow up visit,1,Section 5: Health Resource Utilization (since the last visit),numeric,c.	Emergency visit,0,,"Gonah, Arthur - 28/Jul/2026 08:25:20 AM CAT",,
7167,ZWE001-0214,ZWE001-0214,41,,Health economics follow up visit,1,Section 5: Health Resource Utilization (since the last visit),numeric,d.	Medicine pick-up,0,,"Gonah, Arthur - 28/Jul/2026 08:25:22 AM CAT",,
7167,ZWE001-0214,ZWE001-0214,41,,Health economics follow up visit,1,Section 5: Health Resource Utilization (since the last visit),numeric,e.	Tests,0,,"Gonah, Arthur - 28/Jul/2026 08:25:26 AM CAT",,
7167,ZWE001-0214,ZWE001-0214,41,,Health economics follow up visit,1,Section 5: Health Resource Utilization (since the last visit),yes_no,f.  Any other visits,Yes,,"Gonah, Arthur - 28/Jul/2026 08:25:26 AM CAT",,
7167,ZWE001-0214,ZWE001-0214,41,,Health economics follow up visit,1,Section 5: Health Resource Utilization (since the last visit),input_list,,,,",  ",,
7167,ZWE001-0214,ZWE001-0214,41,,Health economics follow up visit,1,Section 5: Health Resource Utilization (since the last visit),text_single_line,(i).  Type of visit,"#1 - s:19:""PROTECT AFRICA EOPE"";",,"Gonah, Arthur - 28/Jul/2026 08:25:32 AM CAT",,
7167,ZWE001-0214,ZWE001-0214,41,,Health economics follow up visit,1,Section 5: Health Resource Utilization (since the last visit),numeric,(ii).   Time spent at each visit,"#1 - s:1:""1"";",,"Gonah, Arthur - 28/Jul/2026 08:25:39 AM CAT",,
7167,ZWE001-0214,ZWE001-0214,41,,Health economics follow up visit,1,Section 5: Health Resource Utilization (since the last visit),date_time,a.	Antenatal visit,,,,,
7167,ZWE001-0214,ZWE001-0214,41,,Health economics follow up visit,1,Section 5: Health Resource Utilization (since the last visit),text_single_line,a.	Antenatal visit,1,,"Gonah, Arthur - 28/Jul/2026 08:25:41 AM CAT",,
7167,ZWE001-0214,ZWE001-0214,41,,Health economics follow up visit,1,Section 5: Health Resource Utilization (since the last visit),text_single_line,b.	Hospital admission,0,,"Gonah, Arthur - 28/Jul/2026 08:25:43 AM CAT",,
7167,ZWE001-0214,ZWE001-0214,41,,Health economics follow up visit,1,Section 5: Health Resource Utilization (since the last visit),date_time,b.	Hospital admission,,,,,
7167,ZWE001-0214,ZWE001-0214,41,,Health economics follow up visit,1,Section 5: Health Resource Utilization (since the last visit),text_single_line,c.	Emergency,0,,"Gonah, Arthur - 28/Jul/2026 08:25:45 AM CAT",,
7167,ZWE001-0214,ZWE001-0214,41,,Health economics follow up visit,1,Section 5: Health Resource Utilization (since the last visit),text_single_line,d.	Medicine pick-up,0,,"Gonah, Arthur - 28/Jul/2026 08:25:47 AM CAT",,
7167,ZWE001-0214,ZWE001-0214,41,,Health economics follow up visit,1,Section 5: Health Resource Utilization (since the last visit),text_single_line,e.	Tests,0,,"Gonah, Arthur - 28/Jul/2026 08:25:52 AM CAT",,
7167,ZWE001-0214,ZWE001-0214,41,,Health economics follow up visit,1,Section 5: Health Resource Utilization (since the last visit),date_time,c.	Emergency,,,,,
7167,ZWE001-0214,ZWE001-0214,41,,Health economics follow up visit,1,Section 5: Health Resource Utilization (since the last visit),date_time,d.	Medicine pick-up,,,,,
7167,ZWE001-0214,ZWE001-0214,41,,Health economics follow up visit,1,Section 5: Health Resource Utilization (since the last visit),date_time,e.	Tests,,,,,
7167,ZWE001-0214,ZWE001-0214,41,,Health economics follow up visit,1,Section 5: Health Resource Utilization (since the last visit),text_single_line,f.     Other,0,,"Gonah, Arthur - 28/Jul/2026 08:25:56 AM CAT",,
7167,ZWE001-0214,ZWE001-0214,41,,Health economics follow up visit,1,Section 5: Health Resource Utilization (since the last visit),date_time,f.     Other,,,,,
7167,ZWE001-0214,ZWE001-0214,41,,Health economics follow up visit,1,Section 5: Health Resource Utilization (since the last visit),numeric,a.  Average fees paid per antenatal visit,10,,"Gonah, Arthur - 28/Jul/2026 08:26:00 AM CAT",,
7167,ZWE001-0214,ZWE001-0214,41,,Health economics follow up visit,1,Section 5: Health Resource Utilization (since the last visit),numeric,b.  Average consultation fees,10,,"Gonah, Arthur - 28/Jul/2026 08:26:02 AM CAT",,
7167,ZWE001-0214,ZWE001-0214,41,,Health economics follow up visit,1,Section 5: Health Resource Utilization (since the last visit),numeric,c.  Average fees paid per emergency visits,0,,"Gonah, Arthur - 28/Jul/2026 08:26:05 AM CAT",,
7167,ZWE001-0214,ZWE001-0214,41,,Health economics follow up visit,1,Section 5: Health Resource Utilization (since the last visit),numeric,d.  Average fees per hospital admission,0,,"Gonah, Arthur - 28/Jul/2026 08:26:20 AM CAT",,
7167,ZWE001-0214,ZWE001-0214,41,,Health economics follow up visit,1,Section 5: Health Resource Utilization (since the last visit),input_list,,,,",  ",,
7167,ZWE001-0214,ZWE001-0214,41,,Health economics follow up visit,1,Section 5: Health Resource Utilization (since the last visit),text_single_line,52(i).  Name of Medicine (include supplements),"#1 - s:10:""Nifedipine"";",,"Gonah, Arthur - 28/Jul/2026 08:26:24 AM CAT",,
7167,ZWE001-0214,ZWE001-0214,41,,Health economics follow up visit,1,Section 5: Health Resource Utilization (since the last visit),numeric,(ii).  Dose,"#1 - s:2:""20"";",,"Gonah, Arthur - 28/Jul/2026 08:26:33 AM CAT",,
7167,ZWE001-0214,ZWE001-0214,41,,Health economics follow up visit,1,Section 5: Health Resource Utilization (since the last visit),radio_group,(iii).  Units,"#1 - s:14:""Milligrams (mg"";",,"Gonah, Arthur - 28/Jul/2026 08:26:34 AM CAT",,
7167,ZWE001-0214,ZWE001-0214,41,,Health economics follow up visit,1,Section 5: Health Resource Utilization (since the last visit),text_single_line,Other units,,,",  ",,
7167,ZWE001-0214,ZWE001-0214,41,,Health economics follow up visit,1,Section 5: Health Resource Utilization (since the last visit),radio_group,(iv).  Frequency,"#1 - s:11:""Twice daily"";",,"Gonah, Arthur - 28/Jul/2026 08:26:43 AM CAT",,
7167,ZWE001-0214,ZWE001-0214,41,,Health economics follow up visit,1,Section 5: Health Resource Utilization (since the last visit),text_single_line,Other frequency,,,",  ",,
7167,ZWE001-0214,ZWE001-0214,41,,Health economics follow up visit,1,Section 5: Health Resource Utilization (since the last visit),date_time,(v).  Start date,"#1 - s:19:""10/0/2016 00:00:00 "";",,"Gonah, Arthur - 28/Jul/2026 08:27:18 AM CAT",,
7167,ZWE001-0214,ZWE001-0214,41,,Health economics follow up visit,1,Section 5: Health Resource Utilization (since the last visit),date_time,(vi).  Stop date,,,",  ",,
7167,ZWE001-0214,ZWE001-0214,41,,Health economics follow up visit,1,Section 5: Health Resource Utilization (since the last visit),numeric,(vii).  Cost of medicine,"#1 - s:1:""6"";",,"Gonah, Arthur - 28/Jul/2026 08:27:42 AM CAT",,
7167,ZWE001-0214,ZWE001-0214,41,,Health economics follow up visit,1,Section 5: Health Resource Utilization (since the last visit),input_list,,,,",  ",,
7167,ZWE001-0214,ZWE001-0214,41,,Health economics follow up visit,1,Section 5: Health Resource Utilization (since the last visit),dropdown,a.  Type of test,,,",  ",,
7167,ZWE001-0214,ZWE001-0214,41,,Health economics follow up visit,1,Section 5: Health Resource Utilization (since the last visit),text_single_line,b.  Name of test,,,",  ",,
7167,ZWE001-0214,ZWE001-0214,41,,Health economics follow up visit,1,Section 5: Health Resource Utilization (since the last visit),numeric,c.  Cost per test,,,",  ",,
7167,ZWE001-0214,ZWE001-0214,41,,Health economics follow up visit,1,Section 5: Health Resource Utilization (since the last visit),numeric,d.  Number of tests taken,,,",  ",,
7167,ZWE001-0214,ZWE001-0214,41,,Health economics follow up visit,1,Section 5: Health Resource Utilization (since the last visit),electronic_signature,Electronic Signature Lock Date/Time,,,,,
7167,ZWE001-0214,ZWE001-0214,41,,Health economics follow up visit,1,Section 4: Household Related Questions ,Section 4: Household Related Questions ,,,,",  ",,
7167,ZWE001-0214,ZWE001-0214,41,,Health economics follow up visit,1,Section 4: Household Related Questions ,yes_no,25.  Have any of your living conditions changed since your last visit?,No,,"Gonah, Arthur - 28/Jul/2026 08:24:11 AM CAT",,
7167,ZWE001-0214,ZWE001-0214,41,,Health economics follow up visit,1,Section 4: Household Related Questions ,date_time,"26.  If yes, when did the change occur?",,,,,
7167,ZWE001-0214,ZWE001-0214,41,,Health economics follow up visit,1,Section 4: Household Related Questions ,radio_group,27.  What type of residence do you primarily live in?,,,",  ",,
7167,ZWE001-0214,ZWE001-0214,41,,Health economics follow up visit,1,Section 4: Household Related Questions ,text_single_line,Other specified,,,",  ",,
7167,ZWE001-0214,ZWE001-0214,41,,Health economics follow up visit,1,Section 4: Household Related Questions ,radio_group,28.  Who owns this residence?,,,",  ",,
7167,ZWE001-0214,ZWE001-0214,41,,Health economics follow up visit,1,Section 4: Household Related Questions ,text_single_line,Other (specify),,,",  ",,
7167,ZWE001-0214,ZWE001-0214,41,,Health economics follow up visit,1,Section 4: Household Related Questions ,radio_group,29.  What is your usual main source of drinking water at your place of residence?,,,",  ",,
7167,ZWE001-0214,ZWE001-0214,41,,Health economics follow up visit,1,Section 4: Household Related Questions ,radio_group,"30.  Does your house have a toilet that is used by people who live in the household only, or do you share the toilet with people from other households?",,,",  ",,
7167,ZWE001-0214,ZWE001-0214,41,,Health economics follow up visit,1,Section 4: Household Related Questions ,radio_group,31.  What kind of toilet facilities do you have?,,,",  ",,
7167,ZWE001-0214,ZWE001-0214,41,,Health economics follow up visit,1,Section 4: Household Related Questions ,text_single_line,Other specified,,,",  ",,
7167,ZWE001-0214,ZWE001-0214,41,,Health economics follow up visit,1,Section 4: Household Related Questions ,yes_no,32.  Does your household have electricity?,,,,,
7167,ZWE001-0214,ZWE001-0214,41,,Health economics follow up visit,1,Section 4: Household Related Questions ,yes_no,33.  Does your household have television?,,,,,
7167,ZWE001-0214,ZWE001-0214,41,,Health economics follow up visit,1,Section 4: Household Related Questions ,yes_no,34.  Does someone in your household have radio?,,,,,
7167,ZWE001-0214,ZWE001-0214,41,,Health economics follow up visit,1,Section 4: Household Related Questions ,yes_no,35.  Does someone in your household have a cellphone?,,,,,
7167,ZWE001-0214,ZWE001-0214,41,,Health economics follow up visit,1,Section 4: Household Related Questions ,yes_no,36.  Does someone in your household have a computer?,,,,,
7167,ZWE001-0214,ZWE001-0214,41,,Health economics follow up visit,1,Section 4: Household Related Questions ,yes_no,37.  Does someone in your household have a bicycle?,,,,,
7167,ZWE001-0214,ZWE001-0214,41,,Health economics follow up visit,1,Section 4: Household Related Questions ,yes_no,38.  Does someone in your household have a motorcycle?,,,,,
7167,ZWE001-0214,ZWE001-0214,41,,Health economics follow up visit,1,Section 4: Household Related Questions ,yes_no,39.  Does someone in your household have a car?,,,,,
7167,ZWE001-0214,ZWE001-0214,41,,Health economics follow up visit,1,Section 4: Household Related Questions ,yes_no,40.  Do you have a bank account?,,,,,
7167,ZWE001-0214,ZWE001-0214,41,,Health economics follow up visit,1,Section 4: Household Related Questions ,yes_no,41.  Do you use mobile banking or mobile payment applications?,,,,,
7167,ZWE001-0214,ZWE001-0214,41,,Health economics follow up visit,1,Section 4: Household Related Questions ,checklist,"42.  Does your household have any of the following pieces of furniture? (e.g. wardrobe, lounge suite, bed, couch, chair) Check all that apply",,,",  ",,
7167,ZWE001-0214,ZWE001-0214,41,,Health economics follow up visit,1,Section 4: Household Related Questions ,text_single_line,Other (specify),,,",  ",,
7167,ZWE001-0214,ZWE001-0214,41,,Health economics follow up visit,1,Section 4: Household Related Questions ,yes_no,43.  Does your household own farm animals?,,,,,
7167,ZWE001-0214,ZWE001-0214,41,,Health economics follow up visit,1,Section 4: Household Related Questions ,checklist,"44.  If yes, which farm animals does your household have? [Multiple answers are possible]",,,",  ",,
7167,ZWE001-0214,ZWE001-0214,41,,Health economics follow up visit,1,Section 4: Household Related Questions ,text_single_line,Other (specify),,,",  ",,
7167,ZWE001-0214,ZWE001-0214,41,,Health economics follow up visit,1,Section 4: Household Related Questions ,numeric,45.  How many rooms are there in the house excluding the bathrooms?,,,",  ",,
7167,ZWE001-0214,ZWE001-0214,41,,Health economics follow up visit,1,Section 4: Household Related Questions ,numeric,46.  How many adults (persons over 18 years old) living in the household?,,,",  ",,
7167,ZWE001-0214,ZWE001-0214,41,,Health economics follow up visit,1,Section 4: Household Related Questions ,numeric,47.  How many children (persons under 18 years old)  living in the household?,,,",  ",,
7167,ZWE001-0214,ZWE001-0214,41,,Health economics follow up visit,1,Section 4: Household Related Questions ,electronic_signature,Electronic Signature Lock Date/Time,28/Jul/2026 08:24:16 AM CAT,,"Gonah, Arthur - 28/Jul/2026 08:24:16 AM CAT",,
7167,ZWE001-0214,ZWE001-0214,41,,Health economics follow up visit,1,Section 3: Socioeconomic information,Section 3: Socio-economic information,,,,",  ",,
7167,ZWE001-0214,ZWE001-0214,41,,Health economics follow up visit,1,Section 3: Socioeconomic information,yes_no,11.  Has any of the following information changed since your last visit? Highest education level,No,,"Gonah, Arthur - 28/Jul/2026 08:23:49 AM CAT",,
7167,ZWE001-0214,ZWE001-0214,41,,Health economics follow up visit,1,Section 3: Socioeconomic information,date_time,"12.  If yes, when did the change happen?",,,,,
7167,ZWE001-0214,ZWE001-0214,41,,Health economics follow up visit,1,Section 3: Socioeconomic information,radio_group,13.  What is your highest education level?,,,",  ",,
7167,ZWE001-0214,ZWE001-0214,41,,Health economics follow up visit,1,Section 3: Socioeconomic information,yes_no,14.  Has any of the following information changed since your last visit? Source of income,No,,"Gonah, Arthur - 28/Jul/2026 08:23:53 AM CAT",,
7167,ZWE001-0214,ZWE001-0214,41,,Health economics follow up visit,1,Section 3: Socioeconomic information,date_time,"15.  If yes, when did the change happen?",,,,,
7167,ZWE001-0214,ZWE001-0214,41,,Health economics follow up visit,1,Section 3: Socioeconomic information,radio_group,16.  What is your primary source of Income (Select one that applies),,,",  ",,
7167,ZWE001-0214,ZWE001-0214,41,,Health economics follow up visit,1,Section 3: Socioeconomic information,text_single_line,Other specified,,,",  ",,
7167,ZWE001-0214,ZWE001-0214,41,,Health economics follow up visit,1,Section 3: Socioeconomic information,radio_group,17.  Employment type (select one that applies),,,",  ",,
7167,ZWE001-0214,ZWE001-0214,41,,Health economics follow up visit,1,Section 3: Socioeconomic information,text_single_line,Other (specify),,,",  ",,
7167,ZWE001-0214,ZWE001-0214,41,,Health economics follow up visit,1,Section 3: Socioeconomic information,numeric,"18.  If employed, how many hours per day do you do that job/activity?",,,",  ",,
7167,ZWE001-0214,ZWE001-0214,41,,Health economics follow up visit,1,Section 3: Socioeconomic information,radio_group,"19.  If employed, what is the best description of industry where you are employed (select one that applies)",,,",  ",,
7167,ZWE001-0214,ZWE001-0214,41,,Health economics follow up visit,1,Section 3: Socioeconomic information,text_single_line,Other specified,,,",  ",,
7167,ZWE001-0214,ZWE001-0214,41,,Health economics follow up visit,1,Section 3: Socioeconomic information,radio_group,20.  What is your average income per month? (select one that applies),,,",  ",,
7167,ZWE001-0214,ZWE001-0214,41,,Health economics follow up visit,1,Section 3: Socioeconomic information,numeric,21.  How many dependents are dependent on your income?,,,",  ",,
7167,ZWE001-0214,ZWE001-0214,41,,Health economics follow up visit,1,Section 3: Socioeconomic information,yes_no,22.  Do you have other sources of income?,,,,,
7167,ZWE001-0214,ZWE001-0214,41,,Health economics follow up visit,1,Section 3: Socioeconomic information,numeric,23.  What was the total amount of income you received per month doing your secondary job/activity?,,,",  ",,
7167,ZWE001-0214,ZWE001-0214,41,,Health economics follow up visit,1,Section 3: Socioeconomic information,radio_group,24.  Were you the person who earned the highest income in your household? (select one that applies),,,",  ",,
7167,ZWE001-0214,ZWE001-0214,41,,Health economics follow up visit,1,Section 3: Socioeconomic information,text_single_line,Other specified,,,",  ",,
7167,ZWE001-0214,ZWE001-0214,41,,Health economics follow up visit,1,Section 3: Socioeconomic information,electronic_signature,Electronic Signature Lock Date/Time,28/Jul/2026 08:24:04 AM CAT,,"Gonah, Arthur - 28/Jul/2026 08:24:04 AM CAT",,
7167,ZWE001-0214,ZWE001-0214,41,,Health economics follow up visit,1,Section 2: Relevant Clinic/Treatment Information,Section 2: Relevant Clinic\/Treatment Information,,,,",  ",,
7167,ZWE001-0214,ZWE001-0214,41,,Health economics follow up visit,1,Section 2: Relevant Clinic/Treatment Information,yes_no,8.  Where you given any follow-up appointments since your last visit?,No,,"Gonah, Arthur - 28/Jul/2026 08:23:33 AM CAT",,
7167,ZWE001-0214,ZWE001-0214,41,,Health economics follow up visit,1,Section 2: Relevant Clinic/Treatment Information,yes_no,"9.  If yes, did you always go to your appointments (for this pregnancy)?",,,,,
7167,ZWE001-0214,ZWE001-0214,41,,Health economics follow up visit,1,Section 2: Relevant Clinic/Treatment Information,radio_group,10.  If answer  is NO; what is the main reason for missing your appointment?,,,",  ",,
7167,ZWE001-0214,ZWE001-0214,41,,Health economics follow up visit,1,Section 2: Relevant Clinic/Treatment Information,text_single_line,Other specified,,,",  ",,
7167,ZWE001-0214,ZWE001-0214,41,,Health economics follow up visit,1,Section 2: Relevant Clinic/Treatment Information,electronic_signature,Electronic Signature Lock Date/Time,28/Jul/2026 08:23:40 AM CAT,,"Gonah, Arthur - 28/Jul/2026 08:23:40 AM CAT",,
7167,ZWE001-0214,ZWE001-0214,41,,Health economics follow up visit,1,Section 1: Basic information,Section 1 : Basic information,,,,",  ",,
7167,ZWE001-0214,ZWE001-0214,41,,Health economics follow up visit,1,Section 1: Basic information,yes_no,1.  Has any of the basic information changed eg. Place of residence?,No,,"Gonah, Arthur - 28/Jul/2026 08:23:10 AM CAT",,
7167,ZWE001-0214,ZWE001-0214,41,,Health economics follow up visit,1,Section 1: Basic information,date_time,"2.  If yes, when did the change happen",,,,,
7167,ZWE001-0214,ZWE001-0214,41,,Health economics follow up visit,1,Section 1: Basic information,radio_group,3.  Is your household,,,",  ",,
7167,ZWE001-0214,ZWE001-0214,41,,Health economics follow up visit,1,Section 1: Basic information,text_single_line,Other (specify,,,",  ",,
7167,ZWE001-0214,ZWE001-0214,41,,Health economics follow up visit,1,Section 1: Basic information,text_single_line,4.  In what town do you do most of your shopping?,,,",  ",,
7167,ZWE001-0214,ZWE001-0214,41,,Health economics follow up visit,1,Section 1: Basic information,numeric,5.  How far do you have to travel to reach this town?,,,",  ",,
7167,ZWE001-0214,ZWE001-0214,41,,Health economics follow up visit,1,Section 1: Basic information,date_time,6.  How long does it take you to travel there?,,,,,
7167,ZWE001-0214,ZWE001-0214,41,,Health economics follow up visit,1,Section 1: Basic information,radio_group,7.  How do you normally travel to the town? (Select one that applies),,,",  ",,
7167,ZWE001-0214,ZWE001-0214,41,,Health economics follow up visit,1,Section 1: Basic information,text_single_line,Other specified,,,",  ",,
7167,ZWE001-0214,ZWE001-0214,41,,Health economics follow up visit,1,Section 1: Basic information,electronic_signature,Electronic Signature Lock Date/Time,28/Jul/2026 08:23:16 AM CAT,,"Gonah, Arthur - 28/Jul/2026 08:23:17 AM CAT",,
7167,ZWE001-0214,ZWE001-0214,41,,Health economics follow up visit,1,Facility details,Facility details,,,,",  ",,
7167,ZWE001-0214,ZWE001-0214,41,,Health economics follow up visit,1,Facility details,radio_group,Type of interview,Facility,,"Gonah, Arthur - 28/Jul/2026 08:22:33 AM CAT",,
7167,ZWE001-0214,ZWE001-0214,41,,Health economics follow up visit,1,Facility details,text_multi_line,"(If phone, list facility and service delivery point where this interviewee was identified)",,,",  ",,
7167,ZWE001-0214,ZWE001-0214,41,,Health economics follow up visit,1,Facility details,text_single_line,Study ID,ZWE001-0214,,"Gonah, Arthur - 28/Jul/2026 08:22:43 AM CAT",,
7167,ZWE001-0214,ZWE001-0214,41,,Health economics follow up visit,1,Facility details,text_single_line,Facility name,Parirenyatwa,,"Gonah, Arthur - 28/Jul/2026 08:22:49 AM CAT",,
7167,ZWE001-0214,ZWE001-0214,41,,Health economics follow up visit,1,Facility details,text_single_line,Interviewer name,Gonah Arthur,,"Gonah, Arthur - 28/Jul/2026 08:22:52 AM CAT",,
7167,ZWE001-0214,ZWE001-0214,41,,Health economics follow up visit,1,Facility details,date_time,Date of interview,7/28/2026 8:22:00 ,,"Gonah, Arthur - 28/Jul/2026 08:22:52 AM CAT",,
7167,ZWE001-0214,ZWE001-0214,41,,Health economics follow up visit,1,Facility details,electronic_signature,Electronic Signature Lock Date/Time,28/Jul/2026 08:23:00 AM CAT,,"Gonah, Arthur - 28/Jul/2026 08:23:00 AM CAT",,
7167,ZWE001-0214,ZWE001-0214,41,,Health Economics Baseline,1,Section 12: Additional comments,Progress notes,,,,",  ",,
7167,ZWE001-0214,ZWE001-0214,41,,Health Economics Baseline,1,Section 12: Additional comments,yes_no,Were there any Progress Notes captured during the visit?,,,,,
7167,ZWE001-0214,ZWE001-0214,41,,Health Economics Baseline,1,Section 12: Additional comments,text_multi_line,1.	Participant Comments:,questions not that bad,,"Karenje, Gashirai - 21/May/2026 10:31:37 AM CAT",,
7167,ZWE001-0214,ZWE001-0214,41,,Health Economics Baseline,1,Section 12: Additional comments,text_multi_line,2.	Investigator Comments:,participant responded well to the questions,,"Karenje, Gashirai - 21/May/2026 10:31:53 AM CAT",,
7167,ZWE001-0214,ZWE001-0214,41,,Health Economics Baseline,1,Section 12: Additional comments,electronic_signature,Electronic Signature Lock Date/Time,21/May/2026 10:32:12 AM CAT,,"Karenje, Gashirai - 21/May/2026 10:32:13 AM CAT",,
7167,ZWE001-0214,ZWE001-0214,41,,Health Economics Baseline,1,EuroQol 5-Dimension Visual Analogue Scale (EQ-5D VAS),text_multi_line,"Now, I would like to ask you to say how good or bad your health is TODAY.",good,,"Karenje, Gashirai - 21/May/2026 10:31:10 AM CAT",,
7167,ZWE001-0214,ZWE001-0214,41,,Health Economics Baseline,1,EuroQol 5-Dimension Visual Analogue Scale (EQ-5D VAS),numeric,Point on the line,76,,"Karenje, Gashirai - 21/May/2026 10:31:12 AM CAT",,
7167,ZWE001-0214,ZWE001-0214,41,,Health Economics Baseline,1,EuroQol 5-Dimension Visual Analogue Scale (EQ-5D VAS),electronic_signature,Electronic Signature Lock Date/Time,21/May/2026 10:31:16 AM CAT,,"Karenje, Gashirai - 21/May/2026 10:31:16 AM CAT",,
7167,ZWE001-0214,ZWE001-0214,41,,Health Economics Baseline,1,Part 2: Section 11,radio_group,"First,   I would like to ask you about MOBILITY. Would you say that:",You have no problems in walking about?,,"Karenje, Gashirai - 21/May/2026 10:30:44 AM CAT",,
7167,ZWE001-0214,ZWE001-0214,41,,Health Economics Baseline,1,Part 2: Section 11,yes_no,a.,,,,,
7167,ZWE001-0214,ZWE001-0214,41,,Health Economics Baseline,1,Part 2: Section 11,radio_group,"Next, I would like to ask you about SELF-CARE. Would you say that:",You have no problems with self-care?,,"Karenje, Gashirai - 21/May/2026 10:30:45 AM CAT",,
7167,ZWE001-0214,ZWE001-0214,41,,Health Economics Baseline,1,Part 2: Section 11,radio_group,"Next, I would like to ask you about USUAL ACTIVITIES, for example, work, study, housework, family or leisure activities. Would you say that:",You have some problems doing your usual   activities?,,"Karenje, Gashirai - 21/May/2026 10:30:48 AM CAT",,
7167,ZWE001-0214,ZWE001-0214,41,,Health Economics Baseline,1,Part 2: Section 11,radio_group,"Next,   I would like to ask you about PAIN OR DISCOMFORT. Would you say that:",You have no pain or discomfort?,,"Karenje, Gashirai - 21/May/2026 10:30:52 AM CAT",,
7167,ZWE001-0214,ZWE001-0214,41,,Health Economics Baseline,1,Part 2: Section 11,radio_group,"Finally,   I would like to ask you about ANXIETY OR DEPRESSION. Would you say that:",You are not anxious or depressed?,,"Karenje, Gashirai - 21/May/2026 10:30:53 AM CAT",,
7167,ZWE001-0214,ZWE001-0214,41,,Health Economics Baseline,1,Part 2: Section 11,electronic_signature,Electronic Signature Lock Date/Time,21/May/2026 10:30:57 AM CAT,,"Karenje, Gashirai - 21/May/2026 10:30:58 AM CAT",,
7167,ZWE001-0214,ZWE001-0214,41,,Health Economics Baseline,1,Section 10: Copying strategies,Section 9: Coping strategies ,,,,",  ",,
7167,ZWE001-0214,ZWE001-0214,41,,Health Economics Baseline,1,Section 10: Copying strategies,yes_no,72.  Have concerns or symptoms related to high blood pressure during pregnancy affected your social or private life in any way?,No,,"Karenje, Gashirai - 21/May/2026 10:29:16 AM CAT",,
7167,ZWE001-0214,ZWE001-0214,41,,Health Economics Baseline,1,Section 10: Copying strategies,checklist,"73.  If yes, in what way has your social or private life been affected?  (can select more than one)",,,",  ",,
7167,ZWE001-0214,ZWE001-0214,41,,Health Economics Baseline,1,Section 10: Copying strategies,text_single_line,Other specified,,,",  ",,
7167,ZWE001-0214,ZWE001-0214,41,,Health Economics Baseline,1,Section 10: Copying strategies,yes_no,74.  Have you or your household received any social welfare support since experiencing pregnancy-related health concerns or being identified as at risk for complications?,No,,"Karenje, Gashirai - 21/May/2026 10:29:17 AM CAT",,
7167,ZWE001-0214,ZWE001-0214,41,,Health Economics Baseline,1,Section 10: Copying strategies,numeric,"75.  If yes, For how long did you receive support ?",,,",  ",,
7167,ZWE001-0214,ZWE001-0214,41,,Health Economics Baseline,1,Section 10: Copying strategies,dropdown,Units,,,",  ",,
7167,ZWE001-0214,ZWE001-0214,41,,Health Economics Baseline,1,Section 10: Copying strategies,numeric,"76.  If you receive social welfare payments, what is the average total monthly value?",,,",  ",,
7167,ZWE001-0214,ZWE001-0214,41,,Health Economics Baseline,1,Section 10: Copying strategies,yes_no,77.  Do you currently receive vouchers or goods in kind to cope with pregnancy-related health concerns or being identified as at risk for complications?,No,,"Karenje, Gashirai - 21/May/2026 10:29:26 AM CAT",,
7167,ZWE001-0214,ZWE001-0214,41,,Health Economics Baseline,1,Section 10: Copying strategies,numeric,"78.  If yes, what is the average total monthly value?",,,",  ",,
7167,ZWE001-0214,ZWE001-0214,41,,Health Economics Baseline,1,Section 10: Copying strategies,radio_group,,,,",  ",,
7167,ZWE001-0214,ZWE001-0214,41,,Health Economics Baseline,1,Section 10: Copying strategies,checklist,"79.  If yes, from whom do you receive the vouchers or goods? (can select more than one)",,,",  ",,
7167,ZWE001-0214,ZWE001-0214,41,,Health Economics Baseline,1,Section 10: Copying strategies,text_single_line,Other specified,,,",  ",,
7167,ZWE001-0214,ZWE001-0214,41,,Health Economics Baseline,1,Section 10: Copying strategies,yes_no,80.  Have you borrowed or received money to cover costs related to your pregnancy or health concerns (including being at risk for preeclampsia)?,No,,"Karenje, Gashirai - 21/May/2026 10:29:27 AM CAT",,
7167,ZWE001-0214,ZWE001-0214,41,,Health Economics Baseline,1,Section 10: Copying strategies,numeric,"81.  If yes, what is the average total monthly value you borrowed/received?",,,",  ",,
7167,ZWE001-0214,ZWE001-0214,41,,Health Economics Baseline,1,Section 10: Copying strategies,checklist,"82.  If yes, from whom did you borrow/receive? (Select all that apply)",,,",  ",,
7167,ZWE001-0214,ZWE001-0214,41,,Health Economics Baseline,1,Section 10: Copying strategies,text_single_line,Other specified,,,",  ",,
7167,ZWE001-0214,ZWE001-0214,41,,Health Economics Baseline,1,Section 10: Copying strategies,yes_no,83.  Are you expected to pay the amount back?,,,,,
7167,ZWE001-0214,ZWE001-0214,41,,Health Economics Baseline,1,Section 10: Copying strategies,radio_group,"84.  If yes, what annual percentage interest are you paying on the loan?",,,",  ",,
7167,ZWE001-0214,ZWE001-0214,41,,Health Economics Baseline,1,Section 10: Copying strategies,yes_no,85.  Have you sold any property to help cover expenses related to your pregnancy or health concerns?,No,,"Karenje, Gashirai - 21/May/2026 10:29:29 AM CAT",,
7167,ZWE001-0214,ZWE001-0214,41,,Health Economics Baseline,1,Section 10: Copying strategies,checklist,"86.  If yes, what did you sell? (select all that apply)",,,",  ",,
7167,ZWE001-0214,ZWE001-0214,41,,Health Economics Baseline,1,Section 10: Copying strategies,text_single_line,Other specified,,,",  ",,
7167,ZWE001-0214,ZWE001-0214,41,,Health Economics Baseline,1,Section 10: Copying strategies,numeric,"87.  If yes, how much money did you receive from the sale of all items of your property (total)?",,,",  ",,
7167,ZWE001-0214,ZWE001-0214,41,,Health Economics Baseline,1,Section 10: Copying strategies,radio_group,88.  How has your household’s financial situation changed since you began experiencing pregnancy-related health concerns or were identified as at risk for HDPs?,Poorer,,"Karenje, Gashirai - 21/May/2026 10:29:32 AM CAT",,
7167,ZWE001-0214,ZWE001-0214,41,,Health Economics Baseline,1,Section 10: Copying strategies,yes_no,89.  Has paying for your HDPs/preeclampsia treatment made you feel pressured or stressed about your finances?,Yes,,"Karenje, Gashirai - 21/May/2026 10:29:34 AM CAT",,
7167,ZWE001-0214,ZWE001-0214,41,,Health Economics Baseline,1,Section 10: Copying strategies,text_multi_line,"90.  If Yes, Why",sometimes l get stressed because of  shortage of money to buy medication,,"Karenje, Gashirai - 21/May/2026 10:30:32 AM CAT",,
7167,ZWE001-0214,ZWE001-0214,41,,Health Economics Baseline,1,Section 10: Copying strategies,text_multi_line,"91.  If No, why not",,,",  ",,
7167,ZWE001-0214,ZWE001-0214,41,,Health Economics Baseline,1,Section 10: Copying strategies,electronic_signature,Electronic Signature Lock Date/Time,21/May/2026 10:30:35 AM CAT,,"Karenje, Gashirai - 21/May/2026 10:30:35 AM CAT",,
7167,ZWE001-0214,ZWE001-0214,41,,Health Economics Baseline,1,Section 9: Barriers in accessing services for hypertensive disorders of pregnancy (HDP),Section 7: Barriers in accessing services for hypertensive disorders of pregnancy (HDP),,,,",  ",,
7167,ZWE001-0214,ZWE001-0214,41,,Health Economics Baseline,1,Section 9: Barriers in accessing services for hypertensive disorders of pregnancy (HDP),yes_no,"70.  Have you ever experienced barriers in accessing services for HDP such as preeclampsia, gestational diabetes, other?",No,,"Karenje, Gashirai - 21/May/2026 10:28:52 AM CAT",,
7167,ZWE001-0214,ZWE001-0214,41,,Health Economics Baseline,1,Section 9: Barriers in accessing services for hypertensive disorders of pregnancy (HDP),radio_group,,,,",  ",,
7167,ZWE001-0214,ZWE001-0214,41,,Health Economics Baseline,1,Section 9: Barriers in accessing services for hypertensive disorders of pregnancy (HDP),checklist,"71.  If yes, please describe these barriers",,,",  ",,
7167,ZWE001-0214,ZWE001-0214,41,,Health Economics Baseline,1,Section 9: Barriers in accessing services for hypertensive disorders of pregnancy (HDP),text_single_line,Other (specify),,,",  ",,
7167,ZWE001-0214,ZWE001-0214,41,,Health Economics Baseline,1,Section 9: Barriers in accessing services for hypertensive disorders of pregnancy (HDP),electronic_signature,Electronic Signature Lock Date/Time,21/May/2026 10:28:58 AM CAT,,"Karenje, Gashirai - 21/May/2026 10:28:59 AM CAT",,
7167,ZWE001-0214,ZWE001-0214,41,,Health Economics Baseline,1,Section 8:  Source of financing for medical expenses ,Section 8: Source of financing for medical expenses ,,,,",  ",,
7167,ZWE001-0214,ZWE001-0214,41,,Health Economics Baseline,1,Section 8:  Source of financing for medical expenses ,radio_group,63.	Since becoming pregnant:,>50%,,"Karenje, Gashirai - 21/May/2026 10:28:22 AM CAT",,
7167,ZWE001-0214,ZWE001-0214,41,,Health Economics Baseline,1,Section 8:  Source of financing for medical expenses ,radio_group,64.	Since being identified as at risk for preeclampsia,>50%,,"Karenje, Gashirai - 21/May/2026 10:28:23 AM CAT",,
7167,ZWE001-0214,ZWE001-0214,41,,Health Economics Baseline,1,Section 8:  Source of financing for medical expenses ,radio_group,65.	Since being diagnosed with preeclampsia,,,"Karenje, Gashirai - 21/May/2026 10:28:26 AM CAT",,
7167,ZWE001-0214,ZWE001-0214,41,,Health Economics Baseline,1,Section 8:  Source of financing for medical expenses ,radio_group,66.	Have you been reimbursed for any of the costs you have paid?,Yes,,"Karenje, Gashirai - 21/May/2026 10:28:28 AM CAT",,
7167,ZWE001-0214,ZWE001-0214,41,,Health Economics Baseline,1,Section 8:  Source of financing for medical expenses ,radio_group,"67.	If yes, from whom did you receive the reimbursement? (You can select more than one)",,,",  ",,
7167,ZWE001-0214,ZWE001-0214,41,,Health Economics Baseline,1,Section 8:  Source of financing for medical expenses ,checklist,"67.	If yes, from whom did you receive the reimbursement? (You can select more than one)",Study sponsor,0,"Karenje, Gashirai - 21/May/2026 10:28:33 AM CAT",,
7167,ZWE001-0214,ZWE001-0214,41,,Health Economics Baseline,1,Section 8:  Source of financing for medical expenses ,text_single_line,Other specified,,,",  ",,
7167,ZWE001-0214,ZWE001-0214,41,,Health Economics Baseline,1,Section 8:  Source of financing for medical expenses ,radio_group,68.	What proportion of the total costs incurred has been reimbursed?,<10%,,"Karenje, Gashirai - 21/May/2026 10:28:32 AM CAT",,
7167,ZWE001-0214,ZWE001-0214,41,,Health Economics Baseline,1,Section 8:  Source of financing for medical expenses ,radio_group,,,,",  ",,
7167,ZWE001-0214,ZWE001-0214,41,,Health Economics Baseline,1,Section 8:  Source of financing for medical expenses ,checklist,69.  What was the reimbursement for?,Transportation,0,"Karenje, Gashirai - 21/May/2026 10:28:35 AM CAT",,
7167,ZWE001-0214,ZWE001-0214,41,,Health Economics Baseline,1,Section 8:  Source of financing for medical expenses ,text_single_line,"Other, specify",,,",  ",,
7167,ZWE001-0214,ZWE001-0214,41,,Health Economics Baseline,1,Section 8:  Source of financing for medical expenses ,electronic_signature,Electronic Signature Lock Date/Time,21/May/2026 10:28:38 AM CAT,,"Karenje, Gashirai - 21/May/2026 10:28:38 AM CAT",,
7167,ZWE001-0214,ZWE001-0214,41,,Health Economics Baseline,1,Section 7: Indirect costs incurred,Section 6: Indirect costs incurred ,,,,",  ",,
7167,ZWE001-0214,ZWE001-0214,41,,Health Economics Baseline,1,Section 7: Indirect costs incurred,numeric,52.  What is your average travel time to and from the usual facility?,2,,"Karenje, Gashirai - 21/May/2026 10:27:11 AM CAT",,
7167,ZWE001-0214,ZWE001-0214,41,,Health Economics Baseline,1,Section 7: Indirect costs incurred,yes_no,53.  Were you accompanied on any of your visits?,No,,"Karenje, Gashirai - 21/May/2026 10:27:11 AM CAT",,
7167,ZWE001-0214,ZWE001-0214,41,,Health Economics Baseline,1,Section 7: Indirect costs incurred,numeric,"54.  If yes, how many people accompanied you?",,,",  ",,
7167,ZWE001-0214,ZWE001-0214,41,,Health Economics Baseline,1,Section 7: Indirect costs incurred,numeric,"55.  On average, how much did you pay in total to travel to and from the facility, for both yourself and any accompanying guardian/household member?",4,,"Karenje, Gashirai - 21/May/2026 10:27:19 AM CAT",,
7167,ZWE001-0214,ZWE001-0214,41,,Health Economics Baseline,1,Section 7: Indirect costs incurred,numeric,"56.  On average, how much did you pay for food, for both yourself and any accompanying guardian/household member?",2,,"Karenje, Gashirai - 21/May/2026 10:27:26 AM CAT",,
7167,ZWE001-0214,ZWE001-0214,41,,Health Economics Baseline,1,Section 7: Indirect costs incurred,numeric,a.	Accommodation costs:,0,,"Karenje, Gashirai - 21/May/2026 10:27:27 AM CAT",,
7167,ZWE001-0214,ZWE001-0214,41,,Health Economics Baseline,1,Section 7: Indirect costs incurred,numeric,b.  Other caregivers who supported you during this time:,0,,"Karenje, Gashirai - 21/May/2026 10:27:28 AM CAT",,
7167,ZWE001-0214,ZWE001-0214,41,,Health Economics Baseline,1,Section 7: Indirect costs incurred,numeric,c.	Communication costs (phone calls/data costs):,1,,"Karenje, Gashirai - 21/May/2026 10:27:29 AM CAT",,
7167,ZWE001-0214,ZWE001-0214,41,,Health Economics Baseline,1,Section 7: Indirect costs incurred,numeric,d.	Traditional/alternative treatment costs:,0,,"Karenje, Gashirai - 21/May/2026 10:27:31 AM CAT",,
7167,ZWE001-0214,ZWE001-0214,41,,Health Economics Baseline,1,Section 7: Indirect costs incurred,numeric,e.	Other (specify):,0,,"Karenje, Gashirai - 21/May/2026 10:27:34 AM CAT",,
7167,ZWE001-0214,ZWE001-0214,41,,Health Economics Baseline,1,Section 7: Indirect costs incurred,text_single_line,Other specified,none,,"Karenje, Gashirai - 21/May/2026 10:28:15 AM CAT",,
7167,ZWE001-0214,ZWE001-0214,41,,Health Economics Baseline,1,Section 7: Indirect costs incurred,input_list,,,,",  ",,
7167,ZWE001-0214,ZWE001-0214,41,,Health Economics Baseline,1,Section 7: Indirect costs incurred,dropdown,Type of visit,"#1 - s:42:""General consultation (with medical doctor)"";",,"Karenje, Gashirai - 21/May/2026 10:27:35 AM CAT",,
7167,ZWE001-0214,ZWE001-0214,41,,Health Economics Baseline,1,Section 7: Indirect costs incurred,yes_no,58.	Did you lose any income generating working days as a result of the visits?,# - No,,"Karenje, Gashirai - 21/May/2026 10:27:37 AM CAT",,
7167,ZWE001-0214,ZWE001-0214,41,,Health Economics Baseline,1,Section 7: Indirect costs incurred,numeric,"59.	On average, how many income earning days did you lose?",,,",  ",,
7167,ZWE001-0214,ZWE001-0214,41,,Health Economics Baseline,1,Section 7: Indirect costs incurred,numeric,"60.	Approximately, how much income did you lose?",,,",  ",,
7167,ZWE001-0214,ZWE001-0214,41,,Health Economics Baseline,1,Section 7: Indirect costs incurred,yes_no,"61.	If  Answer to 53 is yes then, do you know how much of their income they lost when they accompanied you?",# - No,,"Karenje, Gashirai - 21/May/2026 10:27:38 AM CAT",,
7167,ZWE001-0214,ZWE001-0214,41,,Health Economics Baseline,1,Section 7: Indirect costs incurred,numeric,"62.	If you were accompanied, how much income did they lose during the visit?",,,",  ",,
7167,ZWE001-0214,ZWE001-0214,41,,Health Economics Baseline,1,Section 7: Indirect costs incurred,text_multi_line,Comments,"#1 - s:43:""participant responded well to the questions"";",,"Karenje, Gashirai - 21/May/2026 10:27:59 AM CAT",,
7167,ZWE001-0214,ZWE001-0214,41,,Health Economics Baseline,1,Section 7: Indirect costs incurred,electronic_signature,Electronic Signature Lock Date/Time,21/May/2026 10:28:02 AM CAT,,"Karenje, Gashirai - 21/May/2026 10:28:02 AM CAT",,
7167,ZWE001-0214,ZWE001-0214,41,,Health Economics Baseline,1,Section 6: Health Resource Utilization (during this pregnancy),Section 5: Health Resource Utilization (since the last visit),,,,",  ",,
7167,ZWE001-0214,ZWE001-0214,41,,Health Economics Baseline,1,Section 6: Health Resource Utilization (during this pregnancy),numeric,a.  Number of antenatal visits:,4,,"Karenje, Gashirai - 21/May/2026 10:23:38 AM CAT",,
7167,ZWE001-0214,ZWE001-0214,41,,Health Economics Baseline,1,Section 6: Health Resource Utilization (during this pregnancy),numeric,b.  Number of hospital admissions:,0,,"Karenje, Gashirai - 21/May/2026 10:23:39 AM CAT",,
7167,ZWE001-0214,ZWE001-0214,41,,Health Economics Baseline,1,Section 6: Health Resource Utilization (during this pregnancy),numeric,c.  Number of emergency visits,0,,"Karenje, Gashirai - 21/May/2026 10:23:41 AM CAT",,
7167,ZWE001-0214,ZWE001-0214,41,,Health Economics Baseline,1,Section 6: Health Resource Utilization (during this pregnancy),numeric,d.  Number of medicine pick-up,0,,"Karenje, Gashirai - 21/May/2026 10:23:51 AM CAT",,
7167,ZWE001-0214,ZWE001-0214,41,,Health Economics Baseline,1,Section 6: Health Resource Utilization (during this pregnancy),numeric,e.  Number of visits for tests,1,,"Karenje, Gashirai - 21/May/2026 10:23:56 AM CAT",,
7167,ZWE001-0214,ZWE001-0214,41,,Health Economics Baseline,1,Section 6: Health Resource Utilization (during this pregnancy),yes_no,f.  Any other type of visits?,Yes,,"Karenje, Gashirai - 21/May/2026 10:23:56 AM CAT",,
7167,ZWE001-0214,ZWE001-0214,41,,Health Economics Baseline,1,Section 6: Health Resource Utilization (during this pregnancy),input_list,,,,",  ",,
7167,ZWE001-0214,ZWE001-0214,41,,Health Economics Baseline,1,Section 6: Health Resource Utilization (during this pregnancy),text_single_line,"(i).  If yes, specify type of visits","#1 - s:24:""Preeclampsia Study Visit"";",,"Karenje, Gashirai - 21/May/2026 10:23:58 AM CAT",,
7167,ZWE001-0214,ZWE001-0214,41,,Health Economics Baseline,1,Section 6: Health Resource Utilization (during this pregnancy),numeric,(ii).  Number of other visits,"#1 - s:1:""2"";",,"Karenje, Gashirai - 21/May/2026 10:24:00 AM CAT",,
7167,ZWE001-0214,ZWE001-0214,41,,Health Economics Baseline,1,Section 6: Health Resource Utilization (during this pregnancy),text_single_line,,,,",  ",,
7167,ZWE001-0214,ZWE001-0214,41,,Health Economics Baseline,1,Section 6: Health Resource Utilization (during this pregnancy),numeric,,,,",  ",,
7167,ZWE001-0214,ZWE001-0214,41,,Health Economics Baseline,1,Section 6: Health Resource Utilization (during this pregnancy),numeric,a.	Antenatal visit,3,,"Karenje, Gashirai - 21/May/2026 10:24:05 AM CAT",,
7167,ZWE001-0214,ZWE001-0214,41,,Health Economics Baseline,1,Section 6: Health Resource Utilization (during this pregnancy),numeric,b.	Hospital admission,0,,"Karenje, Gashirai - 21/May/2026 10:24:07 AM CAT",,
7167,ZWE001-0214,ZWE001-0214,41,,Health Economics Baseline,1,Section 6: Health Resource Utilization (during this pregnancy),numeric,c.	Emergency,00,,"Karenje, Gashirai - 21/May/2026 10:24:09 AM CAT",,
7167,ZWE001-0214,ZWE001-0214,41,,Health Economics Baseline,1,Section 6: Health Resource Utilization (during this pregnancy),numeric,d.	Medicine pick-up,0,,"Karenje, Gashirai - 21/May/2026 10:24:12 AM CAT",,
7167,ZWE001-0214,ZWE001-0214,41,,Health Economics Baseline,1,Section 6: Health Resource Utilization (during this pregnancy),numeric,e.	Tests,1,,"Karenje, Gashirai - 21/May/2026 10:24:15 AM CAT",,
7167,ZWE001-0214,ZWE001-0214,41,,Health Economics Baseline,1,Section 6: Health Resource Utilization (during this pregnancy),yes_no,f. Are there any other visits?,Yes,,"Karenje, Gashirai - 21/May/2026 10:24:15 AM CAT",,
7167,ZWE001-0214,ZWE001-0214,41,,Health Economics Baseline,1,Section 6: Health Resource Utilization (during this pregnancy),input_list,,,,",  ",,
7167,ZWE001-0214,ZWE001-0214,41,,Health Economics Baseline,1,Section 6: Health Resource Utilization (during this pregnancy),text_single_line,(i).  Name of visit,"#1 - s:24:""Preeclampsia Study Visit"";",,"Karenje, Gashirai - 21/May/2026 10:24:18 AM CAT",,
7167,ZWE001-0214,ZWE001-0214,41,,Health Economics Baseline,1,Section 6: Health Resource Utilization (during this pregnancy),numeric,(ii).  Time spent at visit,"#1 - s:3:""1.5"";",,"Karenje, Gashirai - 21/May/2026 10:24:28 AM CAT",,
7167,ZWE001-0214,ZWE001-0214,41,,Health Economics Baseline,1,Section 6: Health Resource Utilization (during this pregnancy),numeric,a.	Antenatal visit,2,,"Karenje, Gashirai - 21/May/2026 10:24:33 AM CAT",,
7167,ZWE001-0214,ZWE001-0214,41,,Health Economics Baseline,1,Section 6: Health Resource Utilization (during this pregnancy),numeric,b.	Hospital admission,0,,"Karenje, Gashirai - 21/May/2026 10:24:34 AM CAT",,
7167,ZWE001-0214,ZWE001-0214,41,,Health Economics Baseline,1,Section 6: Health Resource Utilization (during this pregnancy),numeric,c.	Emergency,0,,"Karenje, Gashirai - 21/May/2026 10:24:35 AM CAT",,
7167,ZWE001-0214,ZWE001-0214,41,,Health Economics Baseline,1,Section 6: Health Resource Utilization (during this pregnancy),numeric,d.	Medicine pick-up,0,,"Karenje, Gashirai - 21/May/2026 10:24:37 AM CAT",,
7167,ZWE001-0214,ZWE001-0214,41,,Health Economics Baseline,1,Section 6: Health Resource Utilization (during this pregnancy),numeric,e.	Tests,0.5,,"Karenje, Gashirai - 21/May/2026 10:24:41 AM CAT",,
7167,ZWE001-0214,ZWE001-0214,41,,Health Economics Baseline,1,Section 6: Health Resource Utilization (during this pregnancy),yes_no,f. Are there any other visits?,Yes,,"Karenje, Gashirai - 21/May/2026 10:24:41 AM CAT",,
7167,ZWE001-0214,ZWE001-0214,41,,Health Economics Baseline,1,Section 6: Health Resource Utilization (during this pregnancy),input_list,,,,",  ",,
7167,ZWE001-0214,ZWE001-0214,41,,Health Economics Baseline,1,Section 6: Health Resource Utilization (during this pregnancy),text_single_line,(i).  Name of visit,"#1 - s:24:""Preeclampsia Study Visit"";",,"Karenje, Gashirai - 21/May/2026 10:24:43 AM CAT",,
7167,ZWE001-0214,ZWE001-0214,41,,Health Economics Baseline,1,Section 6: Health Resource Utilization (during this pregnancy),numeric,(ii).  Time spent at visit,"#1 - s:3:""0.5"";",,"Karenje, Gashirai - 21/May/2026 10:24:51 AM CAT",,
7167,ZWE001-0214,ZWE001-0214,41,,Health Economics Baseline,1,Section 6: Health Resource Utilization (during this pregnancy),numeric,a.  Average fees paid per antenatal visit,10,,"Karenje, Gashirai - 21/May/2026 10:25:00 AM CAT",,
7167,ZWE001-0214,ZWE001-0214,41,,Health Economics Baseline,1,Section 6: Health Resource Utilization (during this pregnancy),numeric,b.  Average consultation fees,25,,"Karenje, Gashirai - 21/May/2026 10:25:02 AM CAT",,
7167,ZWE001-0214,ZWE001-0214,41,,Health Economics Baseline,1,Section 6: Health Resource Utilization (during this pregnancy),numeric,c.  Average fees paid per emergency visits,0,,"Karenje, Gashirai - 21/May/2026 10:25:03 AM CAT",,
7167,ZWE001-0214,ZWE001-0214,41,,Health Economics Baseline,1,Section 6: Health Resource Utilization (during this pregnancy),numeric,d.  Average fees per hospital admission,0,,"Karenje, Gashirai - 21/May/2026 10:25:18 AM CAT",,
7167,ZWE001-0214,ZWE001-0214,41,,Health Economics Baseline,1,Section 6: Health Resource Utilization (during this pregnancy),yes_no,50.  Any medications taken?,Yes,,"Karenje, Gashirai - 21/May/2026 10:25:18 AM CAT",,
7167,ZWE001-0214,ZWE001-0214,41,,Health Economics Baseline,1,Section 6: Health Resource Utilization (during this pregnancy),input_list,,,,",  ",,
7167,ZWE001-0214,ZWE001-0214,41,,Health Economics Baseline,1,Section 6: Health Resource Utilization (during this pregnancy),text_single_line,Name of Medicine (include supplements),"#1 - s:9:""Methodopa"";",,"Karenje, Gashirai - 21/May/2026 10:25:21 AM CAT",,
7167,ZWE001-0214,ZWE001-0214,41,,Health Economics Baseline,1,Section 6: Health Resource Utilization (during this pregnancy),numeric,Dose,"#1 - s:3:""500"";",,"Karenje, Gashirai - 21/May/2026 10:25:32 AM CAT",,
7167,ZWE001-0214,ZWE001-0214,41,,Health Economics Baseline,1,Section 6: Health Resource Utilization (during this pregnancy),radio_group,Units,"#1 - s:14:""Milligrams (mg"";",,"Karenje, Gashirai - 21/May/2026 10:25:32 AM CAT",,
7167,ZWE001-0214,ZWE001-0214,41,,Health Economics Baseline,1,Section 6: Health Resource Utilization (during this pregnancy),text_single_line,Other units,"#1 - s:4:""none"";",,"Karenje, Gashirai - 21/May/2026 10:25:43 AM CAT",,
7167,ZWE001-0214,ZWE001-0214,41,,Health Economics Baseline,1,Section 6: Health Resource Utilization (during this pregnancy),radio_group,Frequency,"#1 - s:19:""Three times per day"";",,"Karenje, Gashirai - 21/May/2026 10:25:43 AM CAT",,
7167,ZWE001-0214,ZWE001-0214,41,,Health Economics Baseline,1,Section 6: Health Resource Utilization (during this pregnancy),text_single_line,Other frequency,,,",  ",,
7167,ZWE001-0214,ZWE001-0214,41,,Health Economics Baseline,1,Section 6: Health Resource Utilization (during this pregnancy),date_time,Start date,"#1 - s:19:""1/28/2026 00:00:00 "";",,"Karenje, Gashirai - 21/May/2026 10:26:10 AM CAT",,
7167,ZWE001-0214,ZWE001-0214,41,,Health Economics Baseline,1,Section 6: Health Resource Utilization (during this pregnancy),date_time,Stop date,"#1 - s:0:"""";",,"Karenje, Gashirai - 21/May/2026 10:26:18 AM CAT",,
7167,ZWE001-0214,ZWE001-0214,41,,Health Economics Baseline,1,Section 6: Health Resource Utilization (during this pregnancy),numeric,Cost of medicine,"#1 - s:2:""12"";",,"Karenje, Gashirai - 21/May/2026 10:26:44 AM CAT",,
7167,ZWE001-0214,ZWE001-0214,41,,Health Economics Baseline,1,Section 6: Health Resource Utilization (during this pregnancy),yes_no,51.  Any diagnostic tests done?,Yes,,"Karenje, Gashirai - 21/May/2026 10:26:44 AM CAT",,
7167,ZWE001-0214,ZWE001-0214,41,,Health Economics Baseline,1,Section 6: Health Resource Utilization (during this pregnancy),input_list,,,,",  ",,
7167,ZWE001-0214,ZWE001-0214,41,,Health Economics Baseline,1,Section 6: Health Resource Utilization (during this pregnancy),dropdown,Type of test,"#1 - s:47:""Imaging (if any e.g. Xray, MRI, Ultrasound, CT)"";",,"Karenje, Gashirai - 21/May/2026 10:26:47 AM CAT",,
7167,ZWE001-0214,ZWE001-0214,41,,Health Economics Baseline,1,Section 6: Health Resource Utilization (during this pregnancy),text_single_line,Name of test,"#1 - s:14:""utrasound scan"";",,"Karenje, Gashirai - 21/May/2026 10:26:50 AM CAT",,
7167,ZWE001-0214,ZWE001-0214,41,,Health Economics Baseline,1,Section 6: Health Resource Utilization (during this pregnancy),numeric,Number of tests taken,"#1 - s:1:""4"";",,"Karenje, Gashirai - 21/May/2026 10:26:54 AM CAT",,
7167,ZWE001-0214,ZWE001-0214,41,,Health Economics Baseline,1,Section 6: Health Resource Utilization (during this pregnancy),numeric,Cost per test,"#1 - s:2:""15"";",,"Karenje, Gashirai - 21/May/2026 10:26:57 AM CAT",,
7167,ZWE001-0214,ZWE001-0214,41,,Health Economics Baseline,1,Section 6: Health Resource Utilization (during this pregnancy),electronic_signature,Electronic Signature Lock Date/Time,21/May/2026 10:26:59 AM CAT,,"Karenje, Gashirai - 21/May/2026 10:27:00 AM CAT",,
7167,ZWE001-0214,ZWE001-0214,41,,Health Economics Baseline,1,Section 5: Household Related Question,Section 4: Household Related Questions ,,,,",  ",,
7167,ZWE001-0214,ZWE001-0214,41,,Health Economics Baseline,1,Section 5: Household Related Question,radio_group,25.  What type of residence do you primarily live in?,Brick/ rock/ stone and concrete (formal),,"Karenje, Gashirai - 21/May/2026 10:21:40 AM CAT",,
7167,ZWE001-0214,ZWE001-0214,41,,Health Economics Baseline,1,Section 5: Household Related Question,text_single_line,Other (specify),,,",  ",,
7167,ZWE001-0214,ZWE001-0214,41,,Health Economics Baseline,1,Section 5: Household Related Question,radio_group,26.  Who owns this residence? (select one),Landlord/ renting,,"Karenje, Gashirai - 21/May/2026 10:21:47 AM CAT",,
7167,ZWE001-0214,ZWE001-0214,41,,Health Economics Baseline,1,Section 5: Household Related Question,text_single_line,Other (specify),,,",  ",,
7167,ZWE001-0214,ZWE001-0214,41,,Health Economics Baseline,1,Section 5: Household Related Question,radio_group,27.  What is your usual main source of drinking water at your place of residence? (select one),Tube well/borehole,,"Karenje, Gashirai - 21/May/2026 10:21:54 AM CAT",,
7167,ZWE001-0214,ZWE001-0214,41,,Health Economics Baseline,1,Section 5: Household Related Question,radio_group,"28.  Does your house have a toilet that is used by people who live in the household only, or do you share the toilet with people from other households?",Own household toilet  ,,"Karenje, Gashirai - 21/May/2026 10:21:55 AM CAT",,
7167,ZWE001-0214,ZWE001-0214,41,,Health Economics Baseline,1,Section 5: Household Related Question,radio_group,29.  What kind of toilet facilities do you have?,Flush toilet,,"Karenje, Gashirai - 21/May/2026 10:21:56 AM CAT",,
7167,ZWE001-0214,ZWE001-0214,41,,Health Economics Baseline,1,Section 5: Household Related Question,text_single_line,Other specified,,,",  ",,
7167,ZWE001-0214,ZWE001-0214,41,,Health Economics Baseline,1,Section 5: Household Related Question,yes_no,30.  Does your household have electricity?,Yes,,"Karenje, Gashirai - 21/May/2026 10:21:58 AM CAT",,
7167,ZWE001-0214,ZWE001-0214,41,,Health Economics Baseline,1,Section 5: Household Related Question,yes_no,31.  Does your household have television?,Yes,,"Karenje, Gashirai - 21/May/2026 10:21:59 AM CAT",,
7167,ZWE001-0214,ZWE001-0214,41,,Health Economics Baseline,1,Section 5: Household Related Question,yes_no,32.  Does someone in your household have radio?,No,,"Karenje, Gashirai - 21/May/2026 10:22:02 AM CAT",,
7167,ZWE001-0214,ZWE001-0214,41,,Health Economics Baseline,1,Section 5: Household Related Question,yes_no,33.  Does someone in your household have a cellphone?,Yes,,"Karenje, Gashirai - 21/May/2026 10:22:03 AM CAT",,
7167,ZWE001-0214,ZWE001-0214,41,,Health Economics Baseline,1,Section 5: Household Related Question,yes_no,34.  Does someone in your household have a computer?,No,,"Karenje, Gashirai - 21/May/2026 10:22:05 AM CAT",,
7167,ZWE001-0214,ZWE001-0214,41,,Health Economics Baseline,1,Section 5: Household Related Question,yes_no,35.  Does someone in your household have a bicycle?,No,,"Karenje, Gashirai - 21/May/2026 10:22:07 AM CAT",,
7167,ZWE001-0214,ZWE001-0214,41,,Health Economics Baseline,1,Section 5: Household Related Question,yes_no,36.  Does someone in your household have a motorcycle?,No,,"Karenje, Gashirai - 21/May/2026 10:22:10 AM CAT",,
7167,ZWE001-0214,ZWE001-0214,41,,Health Economics Baseline,1,Section 5: Household Related Question,yes_no,37.  Does someone in your household have a car?,Yes,,"Karenje, Gashirai - 21/May/2026 10:22:12 AM CAT",,
7167,ZWE001-0214,ZWE001-0214,41,,Health Economics Baseline,1,Section 5: Household Related Question,yes_no,38.  Do you have a bank account?,Yes,,"Karenje, Gashirai - 21/May/2026 10:22:15 AM CAT",,
7167,ZWE001-0214,ZWE001-0214,41,,Health Economics Baseline,1,Section 5: Household Related Question,yes_no,39.  Do you use mobile banking or mobile payment applications?,Yes,,"Karenje, Gashirai - 21/May/2026 10:22:17 AM CAT",,
7167,ZWE001-0214,ZWE001-0214,41,,Health Economics Baseline,1,Section 5: Household Related Question,checklist,"40.  Does your household have any of the following pieces of furniture? (e.g. wardrobe, lounge suite, bed, couch, chair) Check all that apply","Bed or mattress, Wardrobe or cupboard, Kitchen cabinet",0,"Karenje, Gashirai - 21/May/2026 10:22:49 AM CAT",,
7167,ZWE001-0214,ZWE001-0214,41,,Health Economics Baseline,1,Section 5: Household Related Question,text_single_line,Other (specify),,,",  ",,
7167,ZWE001-0214,ZWE001-0214,41,,Health Economics Baseline,1,Section 5: Household Related Question,yes_no,41.  Does your household own farm animals?,No,,"Karenje, Gashirai - 21/May/2026 10:22:50 AM CAT",,
7167,ZWE001-0214,ZWE001-0214,41,,Health Economics Baseline,1,Section 5: Household Related Question,checklist,"42.  If yes, which farm animals does your household have? [Multiple answers are possible]",,,",  ",,
7167,ZWE001-0214,ZWE001-0214,41,,Health Economics Baseline,1,Section 5: Household Related Question,text_single_line,Other (specify),,,",  ",,
7167,ZWE001-0214,ZWE001-0214,41,,Health Economics Baseline,1,Section 5: Household Related Question,numeric,43.  How many rooms are there in the house excluding the bathrooms?,4,,"Karenje, Gashirai - 21/May/2026 10:22:58 AM CAT",,
7167,ZWE001-0214,ZWE001-0214,41,,Health Economics Baseline,1,Section 5: Household Related Question,numeric,44.  How many adults (persons over 18 years old) living in the household?,2,,"Karenje, Gashirai - 21/May/2026 10:23:06 AM CAT",,
7167,ZWE001-0214,ZWE001-0214,41,,Health Economics Baseline,1,Section 5: Household Related Question,numeric,45.  How many children (persons under 18 years old)  living in the household?,2,,"Karenje, Gashirai - 21/May/2026 10:23:13 AM CAT",,
7167,ZWE001-0214,ZWE001-0214,41,,Health Economics Baseline,1,Section 5: Household Related Question,electronic_signature,Electronic Signature Lock Date/Time,21/May/2026 10:23:16 AM CAT,,"Karenje, Gashirai - 21/May/2026 10:23:16 AM CAT",,
7167,ZWE001-0214,ZWE001-0214,41,,Health Economics Baseline,1,Section 4: Socio-economic information,Section 3: Socio-economic information,,,,",  ",,
7167,ZWE001-0214,ZWE001-0214,41,,Health Economics Baseline,1,Section 4: Socio-economic information,radio_group,15.  What is your highest education level?,Secondary education,,"Karenje, Gashirai - 21/May/2026 10:21:16 AM CAT",,
7167,ZWE001-0214,ZWE001-0214,41,,Health Economics Baseline,1,Section 4: Socio-economic information,radio_group,16.  What is your primary source of Income?,Other (specify),,"Karenje, Gashirai - 21/May/2026 10:21:19 AM CAT",,
7167,ZWE001-0214,ZWE001-0214,41,,Health Economics Baseline,1,Section 4: Socio-economic information,text_single_line,"Other, specified",Husband,,"Karenje, Gashirai - 21/May/2026 10:21:26 AM CAT",,
7167,ZWE001-0214,ZWE001-0214,41,,Health Economics Baseline,1,Section 4: Socio-economic information,radio_group,17.  Employment type,,,",  ",,
7167,ZWE001-0214,ZWE001-0214,41,,Health Economics Baseline,1,Section 4: Socio-economic information,text_single_line,Other (specify),,,",  ",,
7167,ZWE001-0214,ZWE001-0214,41,,Health Economics Baseline,1,Section 4: Socio-economic information,numeric,"18.  If employed, how many hours per day do you do that job/activity?",,,",  ",,
7167,ZWE001-0214,ZWE001-0214,41,,Health Economics Baseline,1,Section 4: Socio-economic information,radio_group,"19.  If employed, what is the best description of industry where you are employed (select one that applies)",,,",  ",,
7167,ZWE001-0214,ZWE001-0214,41,,Health Economics Baseline,1,Section 4: Socio-economic information,text_single_line,Other (specify),,,",  ",,
7167,ZWE001-0214,ZWE001-0214,41,,Health Economics Baseline,1,Section 4: Socio-economic information,radio_group,20.  What is your average income per month? (select one that applies),,,",  ",,
7167,ZWE001-0214,ZWE001-0214,41,,Health Economics Baseline,1,Section 4: Socio-economic information,numeric,21.  How many dependents are dependent on your income?,,,",  ",,
7167,ZWE001-0214,ZWE001-0214,41,,Health Economics Baseline,1,Section 4: Socio-economic information,yes_no,22.  Do you have other sources of income?,No,,"Karenje, Gashirai - 21/May/2026 10:21:28 AM CAT",,
7167,ZWE001-0214,ZWE001-0214,41,,Health Economics Baseline,1,Section 4: Socio-economic information,numeric,23.  What was the total amount of income you received per month doing your secondary job/activity?,,,",  ",,
7167,ZWE001-0214,ZWE001-0214,41,,Health Economics Baseline,1,Section 4: Socio-economic information,radio_group,24.  Were you the person who earned the highest income in your household?,No,,"Karenje, Gashirai - 21/May/2026 10:21:26 AM CAT",,
7167,ZWE001-0214,ZWE001-0214,41,,Health Economics Baseline,1,Section 4: Socio-economic information,text_single_line,Other (specify),,,",  ",,
7167,ZWE001-0214,ZWE001-0214,41,,Health Economics Baseline,1,Section 4: Socio-economic information,electronic_signature,Electronic Signature Lock Date/Time,21/May/2026 10:21:33 AM CAT,,"Karenje, Gashirai - 21/May/2026 10:21:33 AM CAT",,
7167,ZWE001-0214,ZWE001-0214,41,,Health Economics Baseline,1,Section 3: Relevant Clinic/Treatment Information,Section 2: Relevant Clinic\/Treatment Information,,,,",  ",,
7167,ZWE001-0214,ZWE001-0214,41,,Health Economics Baseline,1,Section 3: Relevant Clinic/Treatment Information,text_single_line,7.	What is your usual facility of care?,Parirenyatwa,,"Karenje, Gashirai - 21/May/2026 10:20:28 AM CAT",,
7167,ZWE001-0214,ZWE001-0214,41,,Health Economics Baseline,1,Section 3: Relevant Clinic/Treatment Information,date_time,8.	When did you first visit that facility due to the pregnancy?,1/28/2026 00:00:00 ,,"Karenje, Gashirai - 21/May/2026 10:20:35 AM CAT",,
7167,ZWE001-0214,ZWE001-0214,41,,Health Economics Baseline,1,Section 3: Relevant Clinic/Treatment Information,radio_group,9.	Was this the closest facility to where you live?,No,,"Karenje, Gashirai - 21/May/2026 10:20:42 AM CAT",,
7167,ZWE001-0214,ZWE001-0214,41,,Health Economics Baseline,1,Section 3: Relevant Clinic/Treatment Information,text_single_line,10.	If No; what is the name of the closer facility?,Kuwadzana Polyclinic,,"Karenje, Gashirai - 21/May/2026 10:20:50 AM CAT",,
7167,ZWE001-0214,ZWE001-0214,41,,Health Economics Baseline,1,Section 3: Relevant Clinic/Treatment Information,radio_group,11.	What was the main reason for going  to the facility mentioned in No.9?,I was referred to this facility for additional care,,"Karenje, Gashirai - 21/May/2026 10:20:50 AM CAT",,
7167,ZWE001-0214,ZWE001-0214,41,,Health Economics Baseline,1,Section 3: Relevant Clinic/Treatment Information,text_single_line,Other specified,,,",  ",,
7167,ZWE001-0214,ZWE001-0214,41,,Health Economics Baseline,1,Section 3: Relevant Clinic/Treatment Information,yes_no,12.  Were you given any follow-up appointments for following your initial visit?,Yes,,"Karenje, Gashirai - 21/May/2026 10:20:52 AM CAT",,
7167,ZWE001-0214,ZWE001-0214,41,,Health Economics Baseline,1,Section 3: Relevant Clinic/Treatment Information,yes_no,"13.  If yes, did you always go to your appointments (for this pregnancy)?",Yes,,"Karenje, Gashirai - 21/May/2026 10:20:52 AM CAT",,
7167,ZWE001-0214,ZWE001-0214,41,,Health Economics Baseline,1,Section 3: Relevant Clinic/Treatment Information,radio_group,14.  If answer  is NO; what is the main reason for missing your appointment?,,,",  ",,
7167,ZWE001-0214,ZWE001-0214,41,,Health Economics Baseline,1,Section 3: Relevant Clinic/Treatment Information,text_single_line,Other specified,,,",  ",,
7167,ZWE001-0214,ZWE001-0214,41,,Health Economics Baseline,1,Section 3: Relevant Clinic/Treatment Information,electronic_signature,Electronic Signature Lock Date/Time,21/May/2026 10:20:55 AM CAT,,"Karenje, Gashirai - 21/May/2026 10:20:56 AM CAT",,
7167,ZWE001-0214,ZWE001-0214,41,,Health Economics Baseline,1,Section 2: Basic information,Section 1 : Basic information,,,,",  ",,
7167,ZWE001-0214,ZWE001-0214,41,,Health Economics Baseline,1,Section 2: Basic information,radio_group,2.  Is your household,In a town,,"Karenje, Gashirai - 21/May/2026 10:19:02 AM CAT",,
7167,ZWE001-0214,ZWE001-0214,41,,Health Economics Baseline,1,Section 2: Basic information,text_single_line,Other specified,,,",  ",,
7167,ZWE001-0214,ZWE001-0214,41,,Health Economics Baseline,1,Section 2: Basic information,text_single_line,3.  In what town do you do most of your shopping?,Kuwadzana Shops,,"Karenje, Gashirai - 21/May/2026 10:19:06 AM CAT",,
7167,ZWE001-0214,ZWE001-0214,41,,Health Economics Baseline,1,Section 2: Basic information,numeric,4.  How far do you have to travel to reach this town?,1,,"Karenje, Gashirai - 21/May/2026 10:19:07 AM CAT",,
7167,ZWE001-0214,ZWE001-0214,41,,Health Economics Baseline,1,Section 2: Basic information,numeric,5.  How long does it take you to travel there?,0.5,,"Karenje, Gashirai - 21/May/2026 10:19:10 AM CAT",,
7167,ZWE001-0214,ZWE001-0214,41,,Health Economics Baseline,1,Section 2: Basic information,date_time,,,,,,
7167,ZWE001-0214,ZWE001-0214,41,,Health Economics Baseline,1,Section 2: Basic information,radio_group,6.  How do you normally travel to the town? (Select one that applies),Bus,,"Karenje, Gashirai - 21/May/2026 10:19:14 AM CAT",,
7167,ZWE001-0214,ZWE001-0214,41,,Health Economics Baseline,1,Section 2: Basic information,text_single_line,Other (specify,,,",  ",,
7167,ZWE001-0214,ZWE001-0214,41,,Health Economics Baseline,1,Section 2: Basic information,electronic_signature,Electronic Signature Lock Date/Time,21/May/2026 10:19:20 AM CAT,,"Karenje, Gashirai - 21/May/2026 10:19:20 AM CAT",,
7167,ZWE001-0214,ZWE001-0214,41,,Health Economics Baseline,1,Section 1: Demographic information,checklist,1.	Do you have any disabilities (can select more than one)?,,0,"Karenje, Gashirai - 21/May/2026 10:18:56 AM CAT",,
7167,ZWE001-0214,ZWE001-0214,41,,Health Economics Baseline,1,Section 1: Demographic information,text_single_line,Other specified,,,",  ",,
7167,ZWE001-0214,ZWE001-0214,41,,Health Economics Baseline,1,Section 1: Demographic information,electronic_signature,Electronic Signature Lock Date/Time,21/May/2026 10:18:58 AM CAT,,"Karenje, Gashirai - 21/May/2026 10:18:59 AM CAT",,
7167,ZWE001-0214,ZWE001-0214,41,,Health Economics Baseline,1,Facility details,Facility details,,,,",  ",,
7167,ZWE001-0214,ZWE001-0214,41,,Health Economics Baseline,1,Facility details,radio_group,Type of interview,Facility,,"Karenje, Gashirai - 21/May/2026 10:17:55 AM CAT",,
7167,ZWE001-0214,ZWE001-0214,41,,Health Economics Baseline,1,Facility details,text_multi_line,"(If phone, list facility and service delivery point where this interviewee was identified)",,,",  ",,
7167,ZWE001-0214,ZWE001-0214,41,,Health Economics Baseline,1,Facility details,text_single_line,Study ID,ZWE001-0214,,"Karenje, Gashirai - 21/May/2026 10:18:37 AM CAT",,
7167,ZWE001-0214,ZWE001-0214,41,,Health Economics Baseline,1,Facility details,text_single_line,Facility name,Parirenyatwa Hospital,,"Karenje, Gashirai - 21/May/2026 10:18:40 AM CAT",,
7167,ZWE001-0214,ZWE001-0214,41,,Health Economics Baseline,1,Facility details,text_single_line,Interviewer name,Gashirai Karenje,,"Karenje, Gashirai - 21/May/2026 10:18:42 AM CAT",,
7167,ZWE001-0214,ZWE001-0214,41,,Health Economics Baseline,1,Facility details,date_time,Date of interview,5/21/2026 10:18:00 ,,"Karenje, Gashirai - 21/May/2026 10:18:45 AM CAT",,
7167,ZWE001-0214,ZWE001-0214,41,,Health Economics Baseline,1,Facility details,electronic_signature,Electronic Signature Lock Date/Time,21/May/2026 10:18:49 AM CAT,,"Karenje, Gashirai - 21/May/2026 10:18:50 AM CAT",,
